0 verbose cli C:\Program Files\nodejs\node.exe C:\Program Files\nodejs\node_modules\npm\bin\npm-cli.js
1 info using npm@11.12.1
2 info using node@v24.15.0
3 silly config load:file:C:\Program Files\nodejs\node_modules\npm\npmrc
4 silly config load:file:C:\Users\Utilisateur\Documents\Codex\2026-08-14\mets-en-place-d-s-le\functions\.npmrc
5 silly config load:file:C:\Users\Utilisateur\.npmrc
6 silly config load:file:C:\Users\Utilisateur\AppData\Roaming\npm\etc\npmrc
7 verbose title npm install
8 verbose argv "install" "--cache" "..\\work\\npm-cache"
9 verbose logfile logs-max:10 dir:C:\Users\Utilisateur\Documents\Codex\2026-08-14\mets-en-place-d-s-le\work\npm-cache\_logs\2026-08-14T17_05_41_771Z-
10 verbose logfile C:\Users\Utilisateur\Documents\Codex\2026-08-14\mets-en-place-d-s-le\work\npm-cache\_logs\2026-08-14T17_05_41_771Z-debug-0.log
11 silly logfile done cleaning log files
12 silly packumentCache heap:2348810240 maxSize:587202560 maxEntrySize:293601280
13 silly idealTree buildDeps
14 silly fetch manifest firebase-admin@^13.4.0
15 silly packumentCache full:https://registry.npmjs.org/firebase-admin cache-miss
16 http fetch GET 200 https://registry.npmjs.org/npm 134ms
17 http fetch GET 200 https://registry.npmjs.org/firebase-admin 139ms (cache miss)
18 silly packumentCache full:https://registry.npmjs.org/firebase-admin set size:undefined disposed:false
19 silly fetch manifest firebase-functions@^6.4.0
20 silly packumentCache full:https://registry.npmjs.org/firebase-functions cache-miss
21 http fetch GET 200 https://registry.npmjs.org/firebase-functions 53ms (cache miss)
22 silly packumentCache full:https://registry.npmjs.org/firebase-functions set size:undefined disposed:false
23 silly fetch manifest @types/node@^22.15.0
24 silly packumentCache full:https://registry.npmjs.org/@types%2fnode cache-miss
25 http fetch GET 200 https://registry.npmjs.org/@types%2fnode 207ms (cache miss)
26 silly packumentCache full:https://registry.npmjs.org/@types%2fnode set size:undefined disposed:false
27 silly fetch manifest typescript@^5.8.3
28 silly packumentCache full:https://registry.npmjs.org/typescript cache-miss
29 http fetch GET 200 https://registry.npmjs.org/typescript 232ms (cache miss)
30 silly packumentCache full:https://registry.npmjs.org/typescript set size:undefined disposed:false
31 silly fetch manifest vitest@^3.2.4
32 silly packumentCache full:https://registry.npmjs.org/vitest cache-miss
33 http fetch GET 200 https://registry.npmjs.org/vitest 88ms (cache miss)
34 silly packumentCache full:https://registry.npmjs.org/vitest set size:undefined disposed:false
35 silly fetch manifest @edge-runtime/vm@*
36 silly packumentCache full:https://registry.npmjs.org/@edge-runtime%2fvm cache-miss
37 http fetch GET 200 https://registry.npmjs.org/@edge-runtime%2fvm 46ms (cache miss)
38 silly packumentCache full:https://registry.npmjs.org/@edge-runtime%2fvm set size:undefined disposed:false
39 silly fetch manifest @types/debug@^4.1.12
40 silly packumentCache full:https://registry.npmjs.org/@types%2fdebug cache-miss
41 http fetch GET 200 https://registry.npmjs.org/@types%2fdebug 36ms (cache miss)
42 silly packumentCache full:https://registry.npmjs.org/@types%2fdebug set size:undefined disposed:false
43 silly fetch manifest @vitest/browser@3.2.7
44 silly packumentCache full:https://registry.npmjs.org/@vitest%2fbrowser cache-miss
45 http fetch GET 200 https://registry.npmjs.org/@vitest%2fbrowser 65ms (cache miss)
46 silly packumentCache full:https://registry.npmjs.org/@vitest%2fbrowser set size:undefined disposed:false
47 silly fetch manifest playwright@*
48 silly packumentCache full:https://registry.npmjs.org/playwright cache-miss
49 http fetch GET 200 https://registry.npmjs.org/playwright 344ms (cache miss)
50 silly packumentCache full:https://registry.npmjs.org/playwright set size:undefined disposed:false
51 silly fetch manifest webdriverio@^7.0.0 || ^8.0.0 || ^9.0.0
52 silly packumentCache full:https://registry.npmjs.org/webdriverio cache-miss
53 http fetch GET 200 https://registry.npmjs.org/webdriverio 94ms (cache miss)
54 silly packumentCache full:https://registry.npmjs.org/webdriverio set size:undefined disposed:false
55 silly fetch manifest puppeteer-core@>=22.x || <=24.x
56 silly packumentCache full:https://registry.npmjs.org/puppeteer-core cache-miss
57 http fetch GET 200 https://registry.npmjs.org/puppeteer-core 292ms (cache miss)
58 silly packumentCache full:https://registry.npmjs.org/puppeteer-core set size:undefined disposed:false
59 silly fetch manifest @vitest/ui@3.2.7
60 silly packumentCache full:https://registry.npmjs.org/@vitest%2fui cache-miss
61 http fetch GET 200 https://registry.npmjs.org/@vitest%2fui 72ms (cache miss)
62 silly packumentCache full:https://registry.npmjs.org/@vitest%2fui set size:undefined disposed:false
63 silly fetch manifest happy-dom@*
64 silly packumentCache full:https://registry.npmjs.org/happy-dom cache-miss
65 http fetch GET 200 https://registry.npmjs.org/happy-dom 95ms (cache miss)
66 silly packumentCache full:https://registry.npmjs.org/happy-dom set size:undefined disposed:false
67 silly fetch manifest jsdom@*
68 silly packumentCache full:https://registry.npmjs.org/jsdom cache-miss
69 http fetch GET 200 https://registry.npmjs.org/jsdom 53ms (cache miss)
70 silly packumentCache full:https://registry.npmjs.org/jsdom set size:undefined disposed:false
71 silly fetch manifest canvas@^3.2.3
72 silly packumentCache full:https://registry.npmjs.org/canvas cache-miss
73 http fetch GET 200 https://registry.npmjs.org/canvas 37ms (cache miss)
74 silly packumentCache full:https://registry.npmjs.org/canvas set size:undefined disposed:false
75 silly placeDep ROOT @types/node@22.20.1 OK for:  want: ^22.15.0
76 silly placeDep ROOT firebase-admin@13.10.0 OK for:  want: ^13.4.0
77 silly placeDep ROOT firebase-functions@6.6.0 OK for:  want: ^6.4.0
78 silly placeDep ROOT typescript@5.9.3 OK for:  want: ^5.8.3
79 silly placeDep ROOT vitest@3.2.7 OK for:  want: ^3.2.4
80 silly fetch manifest undici-types@~6.21.0
81 silly packumentCache full:https://registry.npmjs.org/undici-types cache-miss
82 silly fetch manifest jwks-rsa@^3.1.0
83 silly packumentCache full:https://registry.npmjs.org/jwks-rsa cache-miss
84 silly fetch manifest jsonwebtoken@^9.0.0
85 silly packumentCache full:https://registry.npmjs.org/jsonwebtoken cache-miss
86 silly fetch manifest @fastify/busboy@^3.0.0
87 silly packumentCache full:https://registry.npmjs.org/@fastify%2fbusboy cache-miss
88 silly fetch manifest farmhash-modern@^1.1.0
89 silly packumentCache full:https://registry.npmjs.org/farmhash-modern cache-miss
90 silly fetch manifest fast-deep-equal@^3.1.1
91 silly packumentCache full:https://registry.npmjs.org/fast-deep-equal cache-miss
92 silly fetch manifest google-auth-library@^10.6.1
93 silly packumentCache full:https://registry.npmjs.org/google-auth-library cache-miss
94 http fetch GET 200 https://registry.npmjs.org/undici-types 91ms (cache miss)
95 silly packumentCache full:https://registry.npmjs.org/undici-types set size:undefined disposed:false
96 silly fetch manifest @firebase/database-types@^1.0.6
97 silly packumentCache full:https://registry.npmjs.org/@firebase%2fdatabase-types cache-miss
98 http fetch GET 200 https://registry.npmjs.org/jwks-rsa 97ms (cache miss)
99 silly packumentCache full:https://registry.npmjs.org/jwks-rsa set size:undefined disposed:false
100 silly fetch manifest @firebase/database-compat@^2.0.0
101 silly packumentCache full:https://registry.npmjs.org/@firebase%2fdatabase-compat cache-miss
102 http fetch GET 200 https://registry.npmjs.org/farmhash-modern 131ms (cache miss)
103 silly packumentCache full:https://registry.npmjs.org/farmhash-modern set size:undefined disposed:false
104 silly fetch manifest @google-cloud/storage@^7.19.0
105 silly packumentCache full:https://registry.npmjs.org/@google-cloud%2fstorage cache-miss
106 http fetch GET 200 https://registry.npmjs.org/fast-deep-equal 147ms (cache miss)
107 silly packumentCache full:https://registry.npmjs.org/fast-deep-equal set size:undefined disposed:false
108 silly fetch manifest @google-cloud/firestore@^7.11.0
109 silly packumentCache full:https://registry.npmjs.org/@google-cloud%2ffirestore cache-miss
110 http fetch GET 200 https://registry.npmjs.org/@fastify%2fbusboy 157ms (cache miss)
111 silly packumentCache full:https://registry.npmjs.org/@fastify%2fbusboy set size:undefined disposed:false
112 silly fetch manifest cors@^2.8.5
113 silly packumentCache full:https://registry.npmjs.org/cors cache-miss
114 http fetch GET 200 https://registry.npmjs.org/jsonwebtoken 173ms (cache miss)
115 silly packumentCache full:https://registry.npmjs.org/jsonwebtoken set size:undefined disposed:false
116 silly fetch manifest express@^4.21.0
117 silly packumentCache full:https://registry.npmjs.org/express cache-miss
118 http fetch GET 200 https://registry.npmjs.org/cors 71ms (cache miss)
119 silly packumentCache full:https://registry.npmjs.org/cors set size:undefined disposed:false
120 silly fetch manifest protobufjs@^7.2.2
121 silly packumentCache full:https://registry.npmjs.org/protobufjs cache-miss
122 http fetch GET 200 https://registry.npmjs.org/google-auth-library 246ms (cache miss)
123 silly packumentCache full:https://registry.npmjs.org/google-auth-library set size:undefined disposed:false
124 silly fetch manifest @types/cors@^2.8.5
125 silly packumentCache full:https://registry.npmjs.org/@types%2fcors cache-miss
126 http fetch GET 200 https://registry.npmjs.org/@google-cloud%2fstorage 186ms (cache miss)
127 silly packumentCache full:https://registry.npmjs.org/@google-cloud%2fstorage set size:undefined disposed:false
128 silly fetch manifest @types/express@^4.17.21
129 silly packumentCache full:https://registry.npmjs.org/@types%2fexpress cache-miss
130 http fetch GET 200 https://registry.npmjs.org/@types%2fcors 80ms (cache miss)
131 silly packumentCache full:https://registry.npmjs.org/@types%2fcors set size:undefined disposed:false
132 silly fetch manifest chai@^5.2.0
133 silly packumentCache full:https://registry.npmjs.org/chai cache-miss
134 http fetch GET 200 https://registry.npmjs.org/@google-cloud%2ffirestore 195ms (cache miss)
135 silly packumentCache full:https://registry.npmjs.org/@google-cloud%2ffirestore set size:undefined disposed:false
136 silly fetch manifest vite@^5.0.0 || ^6.0.0 || ^7.0.0-0
137 silly packumentCache full:https://registry.npmjs.org/vite cache-miss
138 http fetch GET 200 https://registry.npmjs.org/express 194ms (cache miss)
139 silly packumentCache full:https://registry.npmjs.org/express set size:undefined disposed:false
140 silly fetch manifest debug@^4.4.1
141 silly packumentCache full:https://registry.npmjs.org/debug cache-miss
142 http fetch GET 200 https://registry.npmjs.org/protobufjs 161ms (cache miss)
143 silly packumentCache full:https://registry.npmjs.org/protobufjs set size:undefined disposed:false
144 silly fetch manifest pathe@^2.0.3
145 silly packumentCache full:https://registry.npmjs.org/pathe cache-miss
146 http fetch GET 200 https://registry.npmjs.org/@types%2fexpress 94ms (cache miss)
147 silly packumentCache full:https://registry.npmjs.org/@types%2fexpress set size:undefined disposed:false
148 silly fetch manifest std-env@^3.9.0
149 silly packumentCache full:https://registry.npmjs.org/std-env cache-miss
150 http fetch GET 200 https://registry.npmjs.org/chai 101ms (cache miss)
151 silly packumentCache full:https://registry.npmjs.org/chai set size:undefined disposed:false
152 silly fetch manifest tinyexec@^0.3.2
153 silly packumentCache full:https://registry.npmjs.org/tinyexec cache-miss
154 http fetch GET 200 https://registry.npmjs.org/debug 76ms (cache miss)
155 silly packumentCache full:https://registry.npmjs.org/debug set size:undefined disposed:false
156 silly fetch manifest tinypool@^1.1.1
157 silly packumentCache full:https://registry.npmjs.org/tinypool cache-miss
158 http fetch GET 200 https://registry.npmjs.org/pathe 83ms (cache miss)
159 silly packumentCache full:https://registry.npmjs.org/pathe set size:undefined disposed:false
160 silly fetch manifest picomatch@^4.0.2
161 silly packumentCache full:https://registry.npmjs.org/picomatch cache-miss
162 http fetch GET 200 https://registry.npmjs.org/tinyexec 72ms (cache miss)
163 silly packumentCache full:https://registry.npmjs.org/tinyexec set size:undefined disposed:false
164 silly fetch manifest tinybench@^2.9.0
165 silly packumentCache full:https://registry.npmjs.org/tinybench cache-miss
166 http fetch GET 200 https://registry.npmjs.org/std-env 93ms (cache miss)
167 silly packumentCache full:https://registry.npmjs.org/std-env set size:undefined disposed:false
168 silly fetch manifest vite-node@3.2.4
169 silly packumentCache full:https://registry.npmjs.org/vite-node cache-miss
170 http fetch GET 200 https://registry.npmjs.org/tinypool 67ms (cache miss)
171 silly packumentCache full:https://registry.npmjs.org/tinypool set size:undefined disposed:false
172 silly fetch manifest tinyglobby@^0.2.14
173 silly packumentCache full:https://registry.npmjs.org/tinyglobby cache-miss
174 http fetch GET 200 https://registry.npmjs.org/picomatch 61ms (cache miss)
175 silly packumentCache full:https://registry.npmjs.org/picomatch set size:undefined disposed:false
176 silly fetch manifest @types/chai@^5.2.2
177 silly packumentCache full:https://registry.npmjs.org/@types%2fchai cache-miss
178 http fetch GET 200 https://registry.npmjs.org/tinyglobby 69ms (cache miss)
179 silly packumentCache full:https://registry.npmjs.org/tinyglobby set size:undefined disposed:false
180 silly fetch manifest @vitest/spy@3.2.7
181 silly packumentCache full:https://registry.npmjs.org/@vitest%2fspy cache-miss
182 http fetch GET 200 https://registry.npmjs.org/tinybench 104ms (cache miss)
183 silly packumentCache full:https://registry.npmjs.org/tinybench set size:undefined disposed:false
184 silly fetch manifest expect-type@^1.2.1
185 silly packumentCache full:https://registry.npmjs.org/expect-type cache-miss
186 http fetch GET 200 https://registry.npmjs.org/@types%2fchai 99ms (cache miss)
187 silly packumentCache full:https://registry.npmjs.org/@types%2fchai set size:undefined disposed:false
188 silly fetch manifest tinyrainbow@^2.0.0
189 silly packumentCache full:https://registry.npmjs.org/tinyrainbow cache-miss
190 http fetch GET 200 https://registry.npmjs.org/vite-node 167ms (cache miss)
191 silly packumentCache full:https://registry.npmjs.org/vite-node set size:undefined disposed:false
192 silly fetch manifest magic-string@^0.30.17
193 silly packumentCache full:https://registry.npmjs.org/magic-string cache-miss
194 http fetch GET 200 https://registry.npmjs.org/expect-type 91ms (cache miss)
195 silly packumentCache full:https://registry.npmjs.org/expect-type set size:undefined disposed:false
196 silly fetch manifest @vitest/utils@3.2.7
197 silly packumentCache full:https://registry.npmjs.org/@vitest%2futils cache-miss
198 http fetch GET 200 https://registry.npmjs.org/@vitest%2fspy 120ms (cache miss)
199 silly packumentCache full:https://registry.npmjs.org/@vitest%2fspy set size:undefined disposed:false
200 silly fetch manifest @vitest/expect@3.2.7
201 silly packumentCache full:https://registry.npmjs.org/@vitest%2fexpect cache-miss
202 http fetch GET 200 https://registry.npmjs.org/tinyrainbow 74ms (cache miss)
203 silly packumentCache full:https://registry.npmjs.org/tinyrainbow set size:undefined disposed:false
204 silly fetch manifest @vitest/mocker@3.2.7
205 silly packumentCache full:https://registry.npmjs.org/@vitest%2fmocker cache-miss
206 http fetch GET 200 https://registry.npmjs.org/@firebase%2fdatabase-compat 660ms (cache miss)
207 silly packumentCache full:https://registry.npmjs.org/@firebase%2fdatabase-compat set size:undefined disposed:false
208 silly fetch manifest @vitest/runner@3.2.7
209 silly packumentCache full:https://registry.npmjs.org/@vitest%2frunner cache-miss
210 http fetch GET 200 https://registry.npmjs.org/magic-string 124ms (cache miss)
211 silly packumentCache full:https://registry.npmjs.org/magic-string set size:undefined disposed:false
212 silly fetch manifest @vitest/snapshot@3.2.7
213 silly packumentCache full:https://registry.npmjs.org/@vitest%2fsnapshot cache-miss
214 http fetch GET 200 https://registry.npmjs.org/@vitest%2fmocker 115ms (cache miss)
215 silly packumentCache full:https://registry.npmjs.org/@vitest%2fmocker set size:undefined disposed:false
216 silly fetch manifest why-is-node-running@^2.3.0
217 silly packumentCache full:https://registry.npmjs.org/why-is-node-running cache-miss
218 http fetch GET 200 https://registry.npmjs.org/@vitest%2fexpect 137ms (cache miss)
219 silly packumentCache full:https://registry.npmjs.org/@vitest%2fexpect set size:undefined disposed:false
220 silly fetch manifest @vitest/pretty-format@^3.2.7
221 silly packumentCache full:https://registry.npmjs.org/@vitest%2fpretty-format cache-miss
222 http fetch GET 200 https://registry.npmjs.org/@vitest%2futils 161ms (cache miss)
223 silly packumentCache full:https://registry.npmjs.org/@vitest%2futils set size:undefined disposed:false
224 http fetch GET 200 https://registry.npmjs.org/@vitest%2frunner 153ms (cache miss)
225 silly packumentCache full:https://registry.npmjs.org/@vitest%2frunner set size:undefined disposed:false
226 http fetch GET 200 https://registry.npmjs.org/why-is-node-running 94ms (cache miss)
227 silly packumentCache full:https://registry.npmjs.org/why-is-node-running set size:undefined disposed:false
228 http fetch GET 200 https://registry.npmjs.org/@vitest%2fsnapshot 127ms (cache miss)
229 silly packumentCache full:https://registry.npmjs.org/@vitest%2fsnapshot set size:undefined disposed:false
230 http fetch GET 200 https://registry.npmjs.org/@vitest%2fpretty-format 98ms (cache miss)
231 silly packumentCache full:https://registry.npmjs.org/@vitest%2fpretty-format set size:undefined disposed:false
232 http fetch GET 200 https://registry.npmjs.org/@firebase%2fdatabase-types 973ms (cache miss)
233 silly packumentCache full:https://registry.npmjs.org/@firebase%2fdatabase-types set size:undefined disposed:false
234 http fetch GET 200 https://registry.npmjs.org/vite 1158ms (cache miss)
235 silly packumentCache full:https://registry.npmjs.org/vite set size:undefined disposed:false
236 silly placeDep ROOT undici-types@6.21.0 OK for: @types/node@22.20.1 want: ~6.21.0
237 silly fetch manifest @firebase/app@0.x
238 silly packumentCache full:https://registry.npmjs.org/@firebase%2fapp cache-miss
239 http fetch GET 200 https://registry.npmjs.org/@firebase%2fapp 474ms (cache miss)
240 silly packumentCache full:https://registry.npmjs.org/@firebase%2fapp set size:undefined disposed:false
241 silly fetch manifest @firebase/app-compat@0.x
242 silly packumentCache full:https://registry.npmjs.org/@firebase%2fapp-compat cache-miss
243 http fetch GET 200 https://registry.npmjs.org/@firebase%2fapp-compat 166ms (cache miss)
244 silly packumentCache full:https://registry.npmjs.org/@firebase%2fapp-compat set size:undefined disposed:false
245 silly placeDep ROOT @fastify/busboy@3.2.1 OK for: firebase-admin@13.10.0 want: ^3.0.0
246 silly placeDep ROOT @firebase/database-compat@2.1.6 OK for: firebase-admin@13.10.0 want: ^2.0.0
247 silly placeDep ROOT @firebase/database-types@1.0.21 OK for: firebase-admin@13.10.0 want: ^1.0.6
248 silly placeDep ROOT @google-cloud/firestore@7.11.6 OK for: firebase-admin@13.10.0 want: ^7.11.0
249 silly placeDep ROOT @google-cloud/storage@7.22.0 OK for: firebase-admin@13.10.0 want: ^7.19.0
250 silly placeDep ROOT farmhash-modern@1.1.0 OK for: firebase-admin@13.10.0 want: ^1.1.0
251 silly placeDep ROOT fast-deep-equal@3.1.3 OK for: firebase-admin@13.10.0 want: ^3.1.1
252 silly placeDep ROOT google-auth-library@10.9.1 OK for: firebase-admin@13.10.0 want: ^10.6.1
253 silly placeDep ROOT jsonwebtoken@9.0.3 OK for: firebase-admin@13.10.0 want: ^9.0.0
254 silly placeDep ROOT jwks-rsa@3.2.2 OK for: firebase-admin@13.10.0 want: ^3.1.0
255 silly fetch manifest tslib@^2.1.0
256 silly packumentCache full:https://registry.npmjs.org/tslib cache-miss
257 silly fetch manifest @firebase/util@1.15.2
258 silly packumentCache full:https://registry.npmjs.org/@firebase%2futil cache-miss
259 silly fetch manifest @firebase/logger@0.5.1
260 silly packumentCache full:https://registry.npmjs.org/@firebase%2flogger cache-miss
261 silly fetch manifest @firebase/database@1.1.4
262 silly packumentCache full:https://registry.npmjs.org/@firebase%2fdatabase cache-miss
263 silly fetch manifest @firebase/component@0.7.4
264 silly packumentCache full:https://registry.npmjs.org/@firebase%2fcomponent cache-miss
265 silly fetch manifest @firebase/database-types@1.0.21
266 silly packumentCache full:https://registry.npmjs.org/@firebase%2fdatabase-types cache-miss
267 silly fetch manifest @firebase/util@1.15.2
268 silly packumentCache full:https://registry.npmjs.org/@firebase%2futil cache-miss
269 http fetch GET 200 https://registry.npmjs.org/tslib 60ms (cache miss)
270 silly packumentCache full:https://registry.npmjs.org/tslib set size:undefined disposed:false
271 silly fetch manifest @firebase/app-types@0.9.5
272 silly packumentCache full:https://registry.npmjs.org/@firebase%2fapp-types cache-miss
273 http cache https://registry.npmjs.org/@firebase%2fdatabase-types 88ms (cache hit)
274 silly packumentCache full:https://registry.npmjs.org/@firebase%2fdatabase-types set size:9149067 disposed:false
275 silly fetch manifest google-gax@^4.3.3
276 silly packumentCache full:https://registry.npmjs.org/google-gax cache-miss
277 http fetch GET 200 https://registry.npmjs.org/google-gax 293ms (cache miss)
278 silly packumentCache full:https://registry.npmjs.org/google-gax set size:undefined disposed:false
279 silly fetch manifest protobufjs@^7.2.6
280 silly packumentCache full:https://registry.npmjs.org/protobufjs cache-miss
281 http cache https://registry.npmjs.org/protobufjs 34ms (cache hit)
282 silly packumentCache full:https://registry.npmjs.org/protobufjs set size:771492 disposed:false
283 silly fetch manifest @opentelemetry/api@^1.3.0
284 silly packumentCache full:https://registry.npmjs.org/@opentelemetry%2fapi cache-miss
285 http fetch GET 200 https://registry.npmjs.org/@opentelemetry%2fapi 85ms (cache miss)
286 silly packumentCache full:https://registry.npmjs.org/@opentelemetry%2fapi set size:undefined disposed:false
287 silly fetch manifest functional-red-black-tree@^1.0.1
288 silly packumentCache full:https://registry.npmjs.org/functional-red-black-tree cache-miss
289 http fetch GET 200 https://registry.npmjs.org/functional-red-black-tree 271ms (cache miss)
290 silly packumentCache full:https://registry.npmjs.org/functional-red-black-tree set size:undefined disposed:false
291 silly fetch manifest mime@^3.0.0
292 silly packumentCache full:https://registry.npmjs.org/mime cache-miss
293 http fetch GET 200 https://registry.npmjs.org/@firebase%2fapp-types 881ms (cache miss)
294 silly packumentCache full:https://registry.npmjs.org/@firebase%2fapp-types set size:undefined disposed:false
295 silly fetch manifest gaxios@^6.0.2
296 silly packumentCache full:https://registry.npmjs.org/gaxios cache-miss
297 http fetch GET 200 https://registry.npmjs.org/mime 128ms (cache miss)
298 silly packumentCache full:https://registry.npmjs.org/mime set size:undefined disposed:false
299 silly fetch manifest p-limit@^3.0.1
300 silly packumentCache full:https://registry.npmjs.org/p-limit cache-miss
301 http fetch GET 200 https://registry.npmjs.org/@firebase%2fcomponent 1020ms (cache miss)
302 silly packumentCache full:https://registry.npmjs.org/@firebase%2fcomponent set size:undefined disposed:false
303 silly fetch manifest duplexify@^4.1.3
304 silly packumentCache full:https://registry.npmjs.org/duplexify cache-miss
305 http fetch GET 200 https://registry.npmjs.org/p-limit 113ms (cache miss)
306 silly packumentCache full:https://registry.npmjs.org/p-limit set size:undefined disposed:false
307 silly fetch manifest async-retry@^1.3.3
308 silly packumentCache full:https://registry.npmjs.org/async-retry cache-miss
309 http fetch GET 200 https://registry.npmjs.org/duplexify 63ms (cache miss)
310 silly packumentCache full:https://registry.npmjs.org/duplexify set size:undefined disposed:false
311 silly fetch manifest html-entities@^2.5.2
312 silly packumentCache full:https://registry.npmjs.org/html-entities cache-miss
313 http fetch GET 200 https://registry.npmjs.org/gaxios 158ms (cache miss)
314 silly packumentCache full:https://registry.npmjs.org/gaxios set size:undefined disposed:false
315 silly fetch manifest retry-request@^7.0.0
316 silly packumentCache full:https://registry.npmjs.org/retry-request cache-miss
317 http fetch GET 200 https://registry.npmjs.org/async-retry 67ms (cache miss)
318 silly packumentCache full:https://registry.npmjs.org/async-retry set size:undefined disposed:false
319 silly fetch manifest teeny-request@^9.0.0
320 silly packumentCache full:https://registry.npmjs.org/teeny-request cache-miss
321 http fetch GET 200 https://registry.npmjs.org/html-entities 61ms (cache miss)
322 silly packumentCache full:https://registry.npmjs.org/html-entities set size:undefined disposed:false
323 silly fetch manifest fast-xml-parser@^5.3.4
324 silly packumentCache full:https://registry.npmjs.org/fast-xml-parser cache-miss
325 http fetch GET 200 https://registry.npmjs.org/retry-request 77ms (cache miss)
326 silly packumentCache full:https://registry.npmjs.org/retry-request set size:undefined disposed:false
327 silly fetch manifest abort-controller@^3.0.0
328 silly packumentCache full:https://registry.npmjs.org/abort-controller cache-miss
329 http fetch GET 200 https://registry.npmjs.org/teeny-request 83ms (cache miss)
330 silly packumentCache full:https://registry.npmjs.org/teeny-request set size:undefined disposed:false
331 silly fetch manifest google-auth-library@^9.6.3
332 silly packumentCache full:https://registry.npmjs.org/google-auth-library cache-miss
333 http fetch GET 200 https://registry.npmjs.org/@firebase%2flogger 1310ms (cache miss)
334 silly packumentCache full:https://registry.npmjs.org/@firebase%2flogger set size:undefined disposed:false
335 silly fetch manifest @google-cloud/paginator@^5.0.0
336 silly packumentCache full:https://registry.npmjs.org/@google-cloud%2fpaginator cache-miss
337 http cache https://registry.npmjs.org/google-auth-library 126ms (cache hit)
338 silly packumentCache full:https://registry.npmjs.org/google-auth-library set size:745018 disposed:false
339 silly fetch manifest @google-cloud/promisify@<4.1.0
340 silly packumentCache full:https://registry.npmjs.org/@google-cloud%2fpromisify cache-miss
341 http fetch GET 200 https://registry.npmjs.org/fast-xml-parser 219ms (cache miss)
342 silly packumentCache full:https://registry.npmjs.org/fast-xml-parser set size:undefined disposed:false
343 silly fetch manifest @google-cloud/projectify@^4.0.0
344 silly packumentCache full:https://registry.npmjs.org/@google-cloud%2fprojectify cache-miss
345 http fetch GET 200 https://registry.npmjs.org/abort-controller 220ms (cache miss)
346 silly packumentCache full:https://registry.npmjs.org/abort-controller set size:undefined disposed:false
347 silly fetch manifest jws@^4.0.0
348 silly packumentCache full:https://registry.npmjs.org/jws cache-miss
349 http fetch GET 200 https://registry.npmjs.org/@google-cloud%2fpaginator 84ms (cache miss)
350 silly packumentCache full:https://registry.npmjs.org/@google-cloud%2fpaginator set size:undefined disposed:false
351 silly fetch manifest gaxios@^7.1.4
352 silly packumentCache full:https://registry.npmjs.org/gaxios cache-miss
353 http cache https://registry.npmjs.org/gaxios 29ms (cache hit)
354 silly packumentCache full:https://registry.npmjs.org/gaxios set size:363321 disposed:false
355 silly fetch manifest base64-js@^1.3.0
356 silly packumentCache full:https://registry.npmjs.org/base64-js cache-miss
357 http fetch GET 200 https://registry.npmjs.org/@google-cloud%2fpromisify 101ms (cache miss)
358 silly packumentCache full:https://registry.npmjs.org/@google-cloud%2fpromisify set size:undefined disposed:false
359 silly fetch manifest gcp-metadata@8.1.2
360 silly packumentCache full:https://registry.npmjs.org/gcp-metadata cache-miss
361 http fetch GET 200 https://registry.npmjs.org/@google-cloud%2fprojectify 91ms (cache miss)
362 silly packumentCache full:https://registry.npmjs.org/@google-cloud%2fprojectify set size:undefined disposed:false
363 silly fetch manifest ecdsa-sig-formatter@^1.0.11
364 silly packumentCache full:https://registry.npmjs.org/ecdsa-sig-formatter cache-miss
365 http fetch GET 200 https://registry.npmjs.org/jws 74ms (cache miss)
366 silly packumentCache full:https://registry.npmjs.org/jws set size:undefined disposed:false
367 silly fetch manifest google-logging-utils@1.1.3
368 silly packumentCache full:https://registry.npmjs.org/google-logging-utils cache-miss
369 http fetch GET 200 https://registry.npmjs.org/@firebase%2futil 1559ms (cache miss)
370 silly packumentCache full:https://registry.npmjs.org/@firebase%2futil set size:undefined disposed:false
371 silly fetch manifest ms@^2.1.1
372 silly packumentCache full:https://registry.npmjs.org/ms cache-miss
373 http fetch GET 200 https://registry.npmjs.org/@firebase%2futil 1670ms (cache miss)
374 silly packumentCache full:https://registry.npmjs.org/@firebase%2futil set size:undefined disposed:false
375 silly fetch manifest jws@^4.0.1
376 silly packumentCache full:https://registry.npmjs.org/jws cache-miss
377 http fetch GET 200 https://registry.npmjs.org/base64-js 328ms (cache miss)
378 silly packumentCache full:https://registry.npmjs.org/base64-js set size:undefined disposed:false
379 silly fetch manifest semver@^7.5.4
380 silly packumentCache full:https://registry.npmjs.org/semver cache-miss
381 http fetch GET 200 https://registry.npmjs.org/google-logging-utils 305ms (cache miss)
382 silly packumentCache full:https://registry.npmjs.org/google-logging-utils set size:undefined disposed:false
383 silly fetch manifest lodash.once@^4.0.0
384 silly packumentCache full:https://registry.npmjs.org/lodash.once cache-miss
385 http cache https://registry.npmjs.org/jws 36ms (cache hit)
386 silly packumentCache full:https://registry.npmjs.org/jws set size:48740 disposed:false
387 silly fetch manifest lodash.includes@^4.3.0
388 silly packumentCache full:https://registry.npmjs.org/lodash.includes cache-miss
389 http fetch GET 200 https://registry.npmjs.org/ecdsa-sig-formatter 323ms (cache miss)
390 silly packumentCache full:https://registry.npmjs.org/ecdsa-sig-formatter set size:undefined disposed:false
391 silly fetch manifest lodash.isnumber@^3.0.3
392 silly packumentCache full:https://registry.npmjs.org/lodash.isnumber cache-miss
393 http fetch GET 200 https://registry.npmjs.org/ms 215ms (cache miss)
394 silly packumentCache full:https://registry.npmjs.org/ms set size:undefined disposed:false
395 silly fetch manifest lodash.isstring@^4.0.1
396 silly packumentCache full:https://registry.npmjs.org/lodash.isstring cache-miss
397 http fetch GET 200 https://registry.npmjs.org/gcp-metadata 352ms (cache miss)
398 silly packumentCache full:https://registry.npmjs.org/gcp-metadata set size:undefined disposed:false
399 silly fetch manifest lodash.isboolean@^3.0.3
400 silly packumentCache full:https://registry.npmjs.org/lodash.isboolean cache-miss
401 http fetch GET 200 https://registry.npmjs.org/lodash.once 60ms (cache miss)
402 silly packumentCache full:https://registry.npmjs.org/lodash.once set size:undefined disposed:false
403 silly fetch manifest lodash.isinteger@^4.0.4
404 silly packumentCache full:https://registry.npmjs.org/lodash.isinteger cache-miss
405 http fetch GET 200 https://registry.npmjs.org/lodash.isnumber 64ms (cache miss)
406 silly packumentCache full:https://registry.npmjs.org/lodash.isnumber set size:undefined disposed:false
407 silly fetch manifest lodash.isplainobject@^4.0.6
408 silly packumentCache full:https://registry.npmjs.org/lodash.isplainobject cache-miss
409 http fetch GET 200 https://registry.npmjs.org/lodash.includes 79ms (cache miss)
410 silly packumentCache full:https://registry.npmjs.org/lodash.includes set size:undefined disposed:false
411 silly fetch manifest jose@^4.15.4
412 silly packumentCache full:https://registry.npmjs.org/jose cache-miss
413 http fetch GET 200 https://registry.npmjs.org/lodash.isstring 84ms (cache miss)
414 silly packumentCache full:https://registry.npmjs.org/lodash.isstring set size:undefined disposed:false
415 silly fetch manifest debug@^4.3.4
416 silly packumentCache full:https://registry.npmjs.org/debug cache-miss
417 http fetch GET 200 https://registry.npmjs.org/semver 121ms (cache miss)
418 silly packumentCache full:https://registry.npmjs.org/semver set size:undefined disposed:false
419 silly fetch manifest limiter@^1.1.5
420 silly packumentCache full:https://registry.npmjs.org/limiter cache-miss
421 http fetch GET 200 https://registry.npmjs.org/lodash.isboolean 97ms (cache miss)
422 silly packumentCache full:https://registry.npmjs.org/lodash.isboolean set size:undefined disposed:false
423 silly fetch manifest lru-memoizer@^2.2.0
424 silly packumentCache full:https://registry.npmjs.org/lru-memoizer cache-miss
425 http fetch GET 200 https://registry.npmjs.org/lodash.isinteger 87ms (cache miss)
426 silly packumentCache full:https://registry.npmjs.org/lodash.isinteger set size:undefined disposed:false
427 silly fetch manifest @types/jsonwebtoken@^9.0.4
428 silly packumentCache full:https://registry.npmjs.org/@types%2fjsonwebtoken cache-miss
429 http cache https://registry.npmjs.org/debug 58ms (cache hit)
430 silly packumentCache full:https://registry.npmjs.org/debug set size:195840 disposed:false
431 http fetch GET 200 https://registry.npmjs.org/lodash.isplainobject 95ms (cache miss)
432 silly packumentCache full:https://registry.npmjs.org/lodash.isplainobject set size:undefined disposed:false
433 http fetch GET 200 https://registry.npmjs.org/limiter 67ms (cache miss)
434 silly packumentCache full:https://registry.npmjs.org/limiter set size:undefined disposed:false
435 http fetch GET 200 https://registry.npmjs.org/lru-memoizer 58ms (cache miss)
436 silly packumentCache full:https://registry.npmjs.org/lru-memoizer set size:undefined disposed:false
437 http fetch GET 200 https://registry.npmjs.org/jose 130ms (cache miss)
438 silly packumentCache full:https://registry.npmjs.org/jose set size:undefined disposed:false
439 http fetch GET 200 https://registry.npmjs.org/@firebase%2fdatabase 2101ms (cache miss)
440 silly packumentCache full:https://registry.npmjs.org/@firebase%2fdatabase set size:undefined disposed:false
441 http fetch GET 200 https://registry.npmjs.org/@types%2fjsonwebtoken 261ms (cache miss)
442 silly packumentCache full:https://registry.npmjs.org/@types%2fjsonwebtoken set size:undefined disposed:false
443 silly placeDep ROOT @firebase/component@0.7.4 OK for: @firebase/database-compat@2.1.6 want: 0.7.4
444 silly placeDep ROOT @firebase/database@1.1.4 OK for: @firebase/database-compat@2.1.6 want: 1.1.4
445 silly placeDep ROOT @firebase/logger@0.5.1 OK for: @firebase/database-compat@2.1.6 want: 0.5.1
446 silly placeDep ROOT @firebase/util@1.15.2 OK for: @firebase/database-compat@2.1.6 want: 1.15.2
447 silly placeDep ROOT tslib@2.8.1 OK for: @firebase/database-compat@2.1.6 want: ^2.1.0
448 silly fetch manifest faye-websocket@0.11.4
449 silly packumentCache full:https://registry.npmjs.org/faye-websocket cache-miss
450 silly fetch manifest @firebase/auth-interop-types@0.2.5
451 silly packumentCache full:https://registry.npmjs.org/@firebase%2fauth-interop-types cache-miss
452 silly fetch manifest @firebase/app-check-interop-types@0.3.4
453 silly packumentCache full:https://registry.npmjs.org/@firebase%2fapp-check-interop-types cache-miss
454 http fetch GET 200 https://registry.npmjs.org/faye-websocket 34ms (cache miss)
455 silly packumentCache full:https://registry.npmjs.org/faye-websocket set size:undefined disposed:false
456 http fetch GET 200 https://registry.npmjs.org/@firebase%2fapp-check-interop-types 167ms (cache miss)
457 silly packumentCache full:https://registry.npmjs.org/@firebase%2fapp-check-interop-types set size:undefined disposed:false
458 http fetch GET 200 https://registry.npmjs.org/@firebase%2fauth-interop-types 250ms (cache miss)
459 silly packumentCache full:https://registry.npmjs.org/@firebase%2fauth-interop-types set size:undefined disposed:false
460 silly placeDep ROOT @firebase/app-check-interop-types@0.3.4 OK for: @firebase/database@1.1.4 want: 0.3.4
461 silly placeDep ROOT @firebase/auth-interop-types@0.2.5 OK for: @firebase/database@1.1.4 want: 0.2.5
462 silly placeDep ROOT faye-websocket@0.11.4 OK for: @firebase/database@1.1.4 want: 0.11.4
463 silly fetch manifest websocket-driver@>=0.5.1
464 silly packumentCache full:https://registry.npmjs.org/websocket-driver cache-miss
465 http fetch GET 200 https://registry.npmjs.org/websocket-driver 28ms (cache miss)
466 silly packumentCache full:https://registry.npmjs.org/websocket-driver set size:undefined disposed:false
467 silly placeDep ROOT @firebase/app-types@0.9.5 OK for: @firebase/database-types@1.0.21 want: 0.9.5
468 silly placeDep ROOT @opentelemetry/api@1.9.1 OK for: @google-cloud/firestore@7.11.6 want: ^1.3.0
469 silly placeDep ROOT functional-red-black-tree@1.0.1 OK for: @google-cloud/firestore@7.11.6 want: ^1.0.1
470 silly placeDep ROOT google-gax@4.6.1 OK for: @google-cloud/firestore@7.11.6 want: ^4.3.3
471 silly placeDep ROOT protobufjs@7.6.5 OK for: @google-cloud/firestore@7.11.6 want: ^7.2.6
472 silly fetch manifest uuid@^9.0.1
473 silly packumentCache full:https://registry.npmjs.org/uuid cache-miss
474 silly fetch manifest duplexify@^4.0.0
475 silly packumentCache full:https://registry.npmjs.org/duplexify cache-miss
476 silly fetch manifest node-fetch@^2.7.0
477 silly packumentCache full:https://registry.npmjs.org/node-fetch cache-miss
478 silly fetch manifest protobufjs@^7.3.2
479 silly packumentCache full:https://registry.npmjs.org/protobufjs cache-hit
480 silly fetch manifest @types/long@^4.0.0
481 silly packumentCache full:https://registry.npmjs.org/@types%2flong cache-miss
482 silly fetch manifest object-hash@^3.0.0
483 silly packumentCache full:https://registry.npmjs.org/object-hash cache-miss
484 silly fetch manifest @grpc/grpc-js@^1.10.9
485 silly packumentCache full:https://registry.npmjs.org/@grpc%2fgrpc-js cache-miss
486 silly fetch manifest @grpc/proto-loader@^0.7.13
487 silly packumentCache full:https://registry.npmjs.org/@grpc%2fproto-loader cache-miss
488 http cache https://registry.npmjs.org/duplexify 20ms (cache hit)
489 silly packumentCache full:https://registry.npmjs.org/duplexify set size:73064 disposed:false
490 silly fetch manifest google-auth-library@^9.3.0
491 silly packumentCache full:https://registry.npmjs.org/google-auth-library cache-hit
492 silly fetch manifest proto3-json-serializer@^2.0.2
493 silly packumentCache full:https://registry.npmjs.org/proto3-json-serializer cache-miss
494 http fetch GET 200 https://registry.npmjs.org/@types%2flong 59ms (cache miss)
495 silly packumentCache full:https://registry.npmjs.org/@types%2flong set size:undefined disposed:false
496 silly fetch manifest long@^5.3.2
497 silly packumentCache full:https://registry.npmjs.org/long cache-miss
498 http fetch GET 200 https://registry.npmjs.org/uuid 68ms (cache miss)
499 silly packumentCache full:https://registry.npmjs.org/uuid set size:undefined disposed:false
500 silly fetch manifest @protobufjs/path@^1.1.2
501 silly packumentCache full:https://registry.npmjs.org/@protobufjs%2fpath cache-miss
502 http fetch GET 200 https://registry.npmjs.org/object-hash 74ms (cache miss)
503 silly packumentCache full:https://registry.npmjs.org/object-hash set size:undefined disposed:false
504 silly fetch manifest @protobufjs/pool@^1.1.0
505 silly packumentCache full:https://registry.npmjs.org/@protobufjs%2fpool cache-miss
506 http fetch GET 200 https://registry.npmjs.org/proto3-json-serializer 64ms (cache miss)
507 silly packumentCache full:https://registry.npmjs.org/proto3-json-serializer set size:undefined disposed:false
508 silly fetch manifest @protobufjs/utf8@^1.1.1
509 silly packumentCache full:https://registry.npmjs.org/@protobufjs%2futf8 cache-miss
510 http fetch GET 200 https://registry.npmjs.org/@grpc%2fproto-loader 97ms (cache miss)
511 silly packumentCache full:https://registry.npmjs.org/@grpc%2fproto-loader set size:undefined disposed:false
512 silly fetch manifest @protobufjs/fetch@^1.1.1
513 silly packumentCache full:https://registry.npmjs.org/@protobufjs%2ffetch cache-miss
514 http fetch GET 200 https://registry.npmjs.org/long 53ms (cache miss)
515 silly packumentCache full:https://registry.npmjs.org/long set size:undefined disposed:false
516 silly fetch manifest @protobufjs/float@^1.0.2
517 silly packumentCache full:https://registry.npmjs.org/@protobufjs%2ffloat cache-miss
518 http fetch GET 200 https://registry.npmjs.org/@grpc%2fgrpc-js 129ms (cache miss)
519 silly packumentCache full:https://registry.npmjs.org/@grpc%2fgrpc-js set size:undefined disposed:false
520 silly fetch manifest @protobufjs/base64@^1.1.2
521 silly packumentCache full:https://registry.npmjs.org/@protobufjs%2fbase64 cache-miss
522 http fetch GET 200 https://registry.npmjs.org/@protobufjs%2fpath 72ms (cache miss)
523 silly packumentCache full:https://registry.npmjs.org/@protobufjs%2fpath set size:undefined disposed:false
524 silly fetch manifest @protobufjs/codegen@^2.0.5
525 silly packumentCache full:https://registry.npmjs.org/@protobufjs%2fcodegen cache-miss
526 http fetch GET 200 https://registry.npmjs.org/node-fetch 150ms (cache miss)
527 silly packumentCache full:https://registry.npmjs.org/node-fetch set size:undefined disposed:false
528 silly fetch manifest @protobufjs/aspromise@^1.1.2
529 silly packumentCache full:https://registry.npmjs.org/@protobufjs%2faspromise cache-miss
530 http fetch GET 200 https://registry.npmjs.org/@protobufjs%2futf8 76ms (cache miss)
531 silly packumentCache full:https://registry.npmjs.org/@protobufjs%2futf8 set size:undefined disposed:false
532 silly fetch manifest @protobufjs/eventemitter@^1.1.1
533 silly packumentCache full:https://registry.npmjs.org/@protobufjs%2feventemitter cache-miss
534 http fetch GET 200 https://registry.npmjs.org/@protobufjs%2fpool 94ms (cache miss)
535 silly packumentCache full:https://registry.npmjs.org/@protobufjs%2fpool set size:undefined disposed:false
536 http fetch GET 200 https://registry.npmjs.org/@protobufjs%2ffetch 73ms (cache miss)
537 silly packumentCache full:https://registry.npmjs.org/@protobufjs%2ffetch set size:undefined disposed:false
538 http fetch GET 200 https://registry.npmjs.org/@protobufjs%2ffloat 61ms (cache miss)
539 silly packumentCache full:https://registry.npmjs.org/@protobufjs%2ffloat set size:undefined disposed:false
540 http fetch GET 200 https://registry.npmjs.org/@protobufjs%2fcodegen 47ms (cache miss)
541 silly packumentCache full:https://registry.npmjs.org/@protobufjs%2fcodegen set size:undefined disposed:false
542 http fetch GET 200 https://registry.npmjs.org/@protobufjs%2fbase64 58ms (cache miss)
543 silly packumentCache full:https://registry.npmjs.org/@protobufjs%2fbase64 set size:undefined disposed:false
544 http fetch GET 200 https://registry.npmjs.org/@protobufjs%2faspromise 44ms (cache miss)
545 silly packumentCache full:https://registry.npmjs.org/@protobufjs%2faspromise set size:undefined disposed:false
546 http fetch GET 200 https://registry.npmjs.org/@protobufjs%2feventemitter 45ms (cache miss)
547 silly packumentCache full:https://registry.npmjs.org/@protobufjs%2feventemitter set size:undefined disposed:false
548 silly placeDep ROOT @google-cloud/paginator@5.0.2 OK for: @google-cloud/storage@7.22.0 want: ^5.0.0
549 silly placeDep ROOT @google-cloud/projectify@4.0.0 OK for: @google-cloud/storage@7.22.0 want: ^4.0.0
550 silly placeDep ROOT @google-cloud/promisify@4.0.0 OK for: @google-cloud/storage@7.22.0 want: <4.1.0
551 silly placeDep ROOT abort-controller@3.0.0 OK for: @google-cloud/storage@7.22.0 want: ^3.0.0
552 silly placeDep ROOT async-retry@1.3.3 OK for: @google-cloud/storage@7.22.0 want: ^1.3.3
553 silly placeDep ROOT duplexify@4.1.3 OK for: @google-cloud/storage@7.22.0 want: ^4.1.3
554 silly placeDep ROOT fast-xml-parser@5.10.1 OK for: @google-cloud/storage@7.22.0 want: ^5.3.4
555 silly placeDep ROOT gaxios@6.7.1 OK for: @google-cloud/storage@7.22.0 want: ^6.0.2
556 silly placeDep node_modules/@google-cloud/storage google-auth-library@9.15.1 OK for: @google-cloud/storage@7.22.0 want: ^9.6.3
557 silly placeDep ROOT html-entities@2.6.0 OK for: @google-cloud/storage@7.22.0 want: ^2.5.2
558 silly placeDep ROOT mime@3.0.0 OK for: @google-cloud/storage@7.22.0 want: ^3.0.0
559 silly placeDep ROOT p-limit@3.1.0 OK for: @google-cloud/storage@7.22.0 want: ^3.0.1
560 silly placeDep ROOT retry-request@7.0.2 OK for: @google-cloud/storage@7.22.0 want: ^7.0.0
561 silly placeDep ROOT teeny-request@9.0.0 OK for: @google-cloud/storage@7.22.0 want: ^9.0.0
562 silly fetch manifest arrify@^2.0.0
563 silly packumentCache full:https://registry.npmjs.org/arrify cache-miss
564 silly fetch manifest extend@^3.0.2
565 silly packumentCache full:https://registry.npmjs.org/extend cache-miss
566 silly fetch manifest event-target-shim@^5.0.0
567 silly packumentCache full:https://registry.npmjs.org/event-target-shim cache-miss
568 silly fetch manifest retry@0.13.1
569 silly packumentCache full:https://registry.npmjs.org/retry cache-miss
570 silly fetch manifest end-of-stream@^1.4.1
571 silly packumentCache full:https://registry.npmjs.org/end-of-stream cache-miss
572 silly fetch manifest inherits@^2.0.3
573 silly packumentCache full:https://registry.npmjs.org/inherits cache-miss
574 silly fetch manifest readable-stream@^3.1.1
575 silly packumentCache full:https://registry.npmjs.org/readable-stream cache-miss
576 http fetch GET 200 https://registry.npmjs.org/arrify 50ms (cache miss)
577 silly packumentCache full:https://registry.npmjs.org/arrify set size:undefined disposed:false
578 silly fetch manifest stream-shift@^1.0.2
579 silly packumentCache full:https://registry.npmjs.org/stream-shift cache-miss
580 http fetch GET 200 https://registry.npmjs.org/inherits 55ms (cache miss)
581 silly packumentCache full:https://registry.npmjs.org/inherits set size:undefined disposed:false
582 silly fetch manifest @nodable/entities@^3.0.0
583 silly packumentCache full:https://registry.npmjs.org/@nodable%2fentities cache-miss
584 http fetch GET 200 https://registry.npmjs.org/extend 64ms (cache miss)
585 silly packumentCache full:https://registry.npmjs.org/extend set size:undefined disposed:false
586 silly fetch manifest fast-xml-builder@^1.2.0
587 silly packumentCache full:https://registry.npmjs.org/fast-xml-builder cache-miss
588 http fetch GET 200 https://registry.npmjs.org/end-of-stream 66ms (cache miss)
589 silly packumentCache full:https://registry.npmjs.org/end-of-stream set size:undefined disposed:false
590 silly fetch manifest is-unsafe@^2.0.0
591 silly packumentCache full:https://registry.npmjs.org/is-unsafe cache-miss
592 http fetch GET 200 https://registry.npmjs.org/retry 72ms (cache miss)
593 silly packumentCache full:https://registry.npmjs.org/retry set size:undefined disposed:false
594 silly fetch manifest path-expression-matcher@^1.6.2
595 silly packumentCache full:https://registry.npmjs.org/path-expression-matcher cache-miss
596 http fetch GET 200 https://registry.npmjs.org/event-target-shim 76ms (cache miss)
597 silly packumentCache full:https://registry.npmjs.org/event-target-shim set size:undefined disposed:false
598 silly fetch manifest strnum@^2.4.1
599 silly packumentCache full:https://registry.npmjs.org/strnum cache-miss
600 http fetch GET 200 https://registry.npmjs.org/readable-stream 104ms (cache miss)
601 silly packumentCache full:https://registry.npmjs.org/readable-stream set size:undefined disposed:false
602 silly fetch manifest xml-naming@^0.3.0
603 silly packumentCache full:https://registry.npmjs.org/xml-naming cache-miss
604 http fetch GET 200 https://registry.npmjs.org/@nodable%2fentities 68ms (cache miss)
605 silly packumentCache full:https://registry.npmjs.org/@nodable%2fentities set size:undefined disposed:false
606 silly fetch manifest is-stream@^2.0.0
607 silly packumentCache full:https://registry.npmjs.org/is-stream cache-miss
608 http fetch GET 200 https://registry.npmjs.org/stream-shift 94ms (cache miss)
609 silly packumentCache full:https://registry.npmjs.org/stream-shift set size:undefined disposed:false
610 silly fetch manifest node-fetch@^2.6.9
611 silly packumentCache full:https://registry.npmjs.org/node-fetch cache-miss
612 http fetch GET 200 https://registry.npmjs.org/fast-xml-builder 92ms (cache miss)
613 silly packumentCache full:https://registry.npmjs.org/fast-xml-builder set size:undefined disposed:false
614 silly fetch manifest https-proxy-agent@^7.0.1
615 silly packumentCache full:https://registry.npmjs.org/https-proxy-agent cache-miss
616 http fetch GET 200 https://registry.npmjs.org/is-unsafe 96ms (cache miss)
617 silly packumentCache full:https://registry.npmjs.org/is-unsafe set size:undefined disposed:false
618 silly fetch manifest gtoken@^7.0.0
619 silly packumentCache full:https://registry.npmjs.org/gtoken cache-miss
620 http fetch GET 200 https://registry.npmjs.org/path-expression-matcher 109ms (cache miss)
621 silly packumentCache full:https://registry.npmjs.org/path-expression-matcher set size:undefined disposed:false
622 silly fetch manifest gcp-metadata@^6.1.0
623 silly packumentCache full:https://registry.npmjs.org/gcp-metadata cache-miss
624 http fetch GET 200 https://registry.npmjs.org/strnum 110ms (cache miss)
625 silly packumentCache full:https://registry.npmjs.org/strnum set size:undefined disposed:false
626 silly fetch manifest yocto-queue@^0.1.0
627 silly packumentCache full:https://registry.npmjs.org/yocto-queue cache-miss
628 http fetch GET 200 https://registry.npmjs.org/xml-naming 96ms (cache miss)
629 silly packumentCache full:https://registry.npmjs.org/xml-naming set size:undefined disposed:false
630 silly fetch manifest @types/request@^2.48.8
631 silly packumentCache full:https://registry.npmjs.org/@types%2frequest cache-miss
632 http cache https://registry.npmjs.org/node-fetch 65ms (cache hit)
633 silly packumentCache full:https://registry.npmjs.org/node-fetch set size:896010 disposed:false
634 silly fetch manifest uuid@^9.0.0
635 silly packumentCache full:https://registry.npmjs.org/uuid cache-miss
636 http fetch GET 200 https://registry.npmjs.org/is-stream 107ms (cache miss)
637 silly packumentCache full:https://registry.npmjs.org/is-stream set size:undefined disposed:false
638 silly fetch manifest stream-events@^1.0.5
639 silly packumentCache full:https://registry.npmjs.org/stream-events cache-miss
640 http cache https://registry.npmjs.org/gcp-metadata 68ms (cache hit)
641 silly packumentCache full:https://registry.npmjs.org/gcp-metadata set size:210123 disposed:false
642 silly fetch manifest http-proxy-agent@^5.0.0
643 silly packumentCache full:https://registry.npmjs.org/http-proxy-agent cache-miss
644 http fetch GET 200 https://registry.npmjs.org/https-proxy-agent 102ms (cache miss)
645 silly packumentCache full:https://registry.npmjs.org/https-proxy-agent set size:undefined disposed:false
646 silly fetch manifest https-proxy-agent@^5.0.0
647 silly packumentCache full:https://registry.npmjs.org/https-proxy-agent cache-miss
648 http cache https://registry.npmjs.org/uuid 47ms (cache hit)
649 silly packumentCache full:https://registry.npmjs.org/uuid set size:256419 disposed:false
650 http fetch GET 200 https://registry.npmjs.org/yocto-queue 88ms (cache miss)
651 silly packumentCache full:https://registry.npmjs.org/yocto-queue set size:undefined disposed:false
652 http fetch GET 200 https://registry.npmjs.org/gtoken 118ms (cache miss)
653 silly packumentCache full:https://registry.npmjs.org/gtoken set size:undefined disposed:false
654 http cache https://registry.npmjs.org/https-proxy-agent 35ms (cache hit)
655 silly packumentCache full:https://registry.npmjs.org/https-proxy-agent set size:83792 disposed:false
656 http fetch GET 200 https://registry.npmjs.org/stream-events 65ms (cache miss)
657 silly packumentCache full:https://registry.npmjs.org/stream-events set size:undefined disposed:false
658 http fetch GET 200 https://registry.npmjs.org/@types%2frequest 99ms (cache miss)
659 silly packumentCache full:https://registry.npmjs.org/@types%2frequest set size:undefined disposed:false
660 http fetch GET 200 https://registry.npmjs.org/http-proxy-agent 55ms (cache miss)
661 silly packumentCache full:https://registry.npmjs.org/http-proxy-agent set size:undefined disposed:false
662 silly placeDep ROOT arrify@2.0.1 OK for: @google-cloud/paginator@5.0.2 want: ^2.0.0
663 silly placeDep ROOT extend@3.0.2 OK for: @google-cloud/paginator@5.0.2 want: ^3.0.2
664 silly placeDep ROOT event-target-shim@5.0.1 OK for: abort-controller@3.0.0 want: ^5.0.0
665 silly placeDep ROOT retry@0.13.1 OK for: async-retry@1.3.3 want: 0.13.1
666 silly placeDep ROOT end-of-stream@1.4.5 OK for: duplexify@4.1.3 want: ^1.4.1
667 silly placeDep ROOT inherits@2.0.4 OK for: duplexify@4.1.3 want: ^2.0.3
668 silly placeDep ROOT readable-stream@3.6.2 OK for: duplexify@4.1.3 want: ^3.1.1
669 silly placeDep ROOT stream-shift@1.0.3 OK for: duplexify@4.1.3 want: ^1.0.2
670 silly fetch manifest once@^1.4.0
671 silly packumentCache full:https://registry.npmjs.org/once cache-miss
672 silly fetch manifest string_decoder@^1.1.1
673 silly packumentCache full:https://registry.npmjs.org/string_decoder cache-miss
674 silly fetch manifest util-deprecate@^1.0.1
675 silly packumentCache full:https://registry.npmjs.org/util-deprecate cache-miss
676 http fetch GET 200 https://registry.npmjs.org/util-deprecate 32ms (cache miss)
677 silly packumentCache full:https://registry.npmjs.org/util-deprecate set size:undefined disposed:false
678 http fetch GET 200 https://registry.npmjs.org/once 35ms (cache miss)
679 silly packumentCache full:https://registry.npmjs.org/once set size:undefined disposed:false
680 http fetch GET 200 https://registry.npmjs.org/string_decoder 47ms (cache miss)
681 silly packumentCache full:https://registry.npmjs.org/string_decoder set size:undefined disposed:false
682 silly placeDep ROOT once@1.4.0 OK for: end-of-stream@1.4.5 want: ^1.4.0
683 silly fetch manifest wrappy@1
684 silly packumentCache full:https://registry.npmjs.org/wrappy cache-miss
685 http fetch GET 200 https://registry.npmjs.org/wrappy 26ms (cache miss)
686 silly packumentCache full:https://registry.npmjs.org/wrappy set size:undefined disposed:false
687 silly placeDep ROOT @nodable/entities@3.0.0 OK for: fast-xml-parser@5.10.1 want: ^3.0.0
688 silly placeDep ROOT fast-xml-builder@1.3.1 OK for: fast-xml-parser@5.10.1 want: ^1.2.0
689 silly placeDep ROOT is-unsafe@2.0.0 OK for: fast-xml-parser@5.10.1 want: ^2.0.0
690 silly placeDep ROOT path-expression-matcher@1.6.2 OK for: fast-xml-parser@5.10.1 want: ^1.6.2
691 silly placeDep ROOT strnum@2.4.2 OK for: fast-xml-parser@5.10.1 want: ^2.4.1
692 silly placeDep ROOT xml-naming@0.3.0 OK for: fast-xml-parser@5.10.1 want: ^0.3.0
693 silly fetch manifest anynum@^1.0.1
694 silly packumentCache full:https://registry.npmjs.org/anynum cache-miss
695 http fetch GET 200 https://registry.npmjs.org/anynum 27ms (cache miss)
696 silly packumentCache full:https://registry.npmjs.org/anynum set size:undefined disposed:false
697 silly placeDep ROOT websocket-driver@0.7.5 OK for: faye-websocket@0.11.4 want: >=0.5.1
698 silly fetch manifest http-parser-js@>=0.5.1
699 silly packumentCache full:https://registry.npmjs.org/http-parser-js cache-miss
700 silly fetch manifest safe-buffer@>=5.1.0
701 silly packumentCache full:https://registry.npmjs.org/safe-buffer cache-miss
702 silly fetch manifest websocket-extensions@>=0.1.1
703 silly packumentCache full:https://registry.npmjs.org/websocket-extensions cache-miss
704 http fetch GET 200 https://registry.npmjs.org/websocket-extensions 34ms (cache miss)
705 silly packumentCache full:https://registry.npmjs.org/websocket-extensions set size:undefined disposed:false
706 http fetch GET 200 https://registry.npmjs.org/safe-buffer 39ms (cache miss)
707 silly packumentCache full:https://registry.npmjs.org/safe-buffer set size:undefined disposed:false
708 http fetch GET 200 https://registry.npmjs.org/http-parser-js 42ms (cache miss)
709 silly packumentCache full:https://registry.npmjs.org/http-parser-js set size:undefined disposed:false
710 silly placeDep ROOT @types/cors@2.8.19 OK for: firebase-functions@6.6.0 want: ^2.8.5
711 silly placeDep ROOT @types/express@4.17.25 OK for: firebase-functions@6.6.0 want: ^4.17.21
712 silly placeDep ROOT cors@2.8.6 OK for: firebase-functions@6.6.0 want: ^2.8.5
713 silly placeDep ROOT express@4.22.2 OK for: firebase-functions@6.6.0 want: ^4.21.0
714 silly fetch manifest @types/qs@*
715 silly packumentCache full:https://registry.npmjs.org/@types%2fqs cache-miss
716 silly fetch manifest @types/body-parser@*
717 silly packumentCache full:https://registry.npmjs.org/@types%2fbody-parser cache-miss
718 silly fetch manifest @types/serve-static@^1
719 silly packumentCache full:https://registry.npmjs.org/@types%2fserve-static cache-miss
720 silly fetch manifest @types/express-serve-static-core@^4.17.33
721 silly packumentCache full:https://registry.npmjs.org/@types%2fexpress-serve-static-core cache-miss
722 silly fetch manifest object-assign@^4
723 silly packumentCache full:https://registry.npmjs.org/object-assign cache-miss
724 silly fetch manifest vary@^1
725 silly packumentCache full:https://registry.npmjs.org/vary cache-miss
726 silly fetch manifest qs@~6.15.1
727 silly packumentCache full:https://registry.npmjs.org/qs cache-miss
728 http fetch GET 200 https://registry.npmjs.org/object-assign 52ms (cache miss)
729 silly packumentCache full:https://registry.npmjs.org/object-assign set size:undefined disposed:false
730 silly fetch manifest depd@2.0.0
731 silly packumentCache full:https://registry.npmjs.org/depd cache-miss
732 http fetch GET 200 https://registry.npmjs.org/@types%2fqs 62ms (cache miss)
733 silly packumentCache full:https://registry.npmjs.org/@types%2fqs set size:undefined disposed:false
734 silly fetch manifest etag@~1.8.1
735 silly packumentCache full:https://registry.npmjs.org/etag cache-miss
736 http fetch GET 200 https://registry.npmjs.org/@types%2fbody-parser 67ms (cache miss)
737 silly packumentCache full:https://registry.npmjs.org/@types%2fbody-parser set size:undefined disposed:false
738 silly fetch manifest send@~0.19.0
739 silly packumentCache full:https://registry.npmjs.org/send cache-miss
740 http fetch GET 200 https://registry.npmjs.org/vary 69ms (cache miss)
741 silly packumentCache full:https://registry.npmjs.org/vary set size:undefined disposed:false
742 silly fetch manifest vary@~1.1.2
743 silly packumentCache full:https://registry.npmjs.org/vary cache-miss
744 http fetch GET 200 https://registry.npmjs.org/@types%2fserve-static 78ms (cache miss)
745 silly packumentCache full:https://registry.npmjs.org/@types%2fserve-static set size:undefined disposed:false
746 silly fetch manifest debug@2.6.9
747 silly packumentCache full:https://registry.npmjs.org/debug cache-hit
748 silly fetch manifest fresh@~0.5.2
749 silly packumentCache full:https://registry.npmjs.org/fresh cache-miss
750 http fetch GET 200 https://registry.npmjs.org/@types%2fexpress-serve-static-core 101ms (cache miss)
751 silly packumentCache full:https://registry.npmjs.org/@types%2fexpress-serve-static-core set size:undefined disposed:false
752 silly fetch manifest cookie@~0.7.1
753 silly packumentCache full:https://registry.npmjs.org/cookie cache-miss
754 http cache https://registry.npmjs.org/vary 40ms (cache hit)
755 silly packumentCache full:https://registry.npmjs.org/vary set size:15994 disposed:false
756 silly fetch manifest accepts@~1.3.8
757 silly packumentCache full:https://registry.npmjs.org/accepts cache-miss
758 http fetch GET 200 https://registry.npmjs.org/depd 64ms (cache miss)
759 silly packumentCache full:https://registry.npmjs.org/depd set size:undefined disposed:false
760 silly fetch manifest methods@~1.1.2
761 silly packumentCache full:https://registry.npmjs.org/methods cache-miss
762 http fetch GET 200 https://registry.npmjs.org/qs 124ms (cache miss)
763 silly packumentCache full:https://registry.npmjs.org/qs set size:undefined disposed:false
764 silly fetch manifest type-is@~1.6.18
765 silly packumentCache full:https://registry.npmjs.org/type-is cache-miss
766 http fetch GET 200 https://registry.npmjs.org/etag 77ms (cache miss)
767 silly packumentCache full:https://registry.npmjs.org/etag set size:undefined disposed:false
768 silly fetch manifest parseurl@~1.3.3
769 silly packumentCache full:https://registry.npmjs.org/parseurl cache-miss
770 http fetch GET 200 https://registry.npmjs.org/fresh 71ms (cache miss)
771 silly packumentCache full:https://registry.npmjs.org/fresh set size:undefined disposed:false
772 silly fetch manifest statuses@~2.0.1
773 silly packumentCache full:https://registry.npmjs.org/statuses cache-miss
774 http fetch GET 200 https://registry.npmjs.org/send 102ms (cache miss)
775 silly packumentCache full:https://registry.npmjs.org/send set size:undefined disposed:false
776 silly fetch manifest encodeurl@~2.0.0
777 silly packumentCache full:https://registry.npmjs.org/encodeurl cache-miss
778 http fetch GET 200 https://registry.npmjs.org/methods 63ms (cache miss)
779 silly packumentCache full:https://registry.npmjs.org/methods set size:undefined disposed:false
780 silly fetch manifest proxy-addr@~2.0.7
781 silly packumentCache full:https://registry.npmjs.org/proxy-addr cache-miss
782 http fetch GET 200 https://registry.npmjs.org/cookie 82ms (cache miss)
783 silly packumentCache full:https://registry.npmjs.org/cookie set size:undefined disposed:false
784 silly fetch manifest body-parser@~1.20.5
785 silly packumentCache full:https://registry.npmjs.org/body-parser cache-miss
786 http fetch GET 200 https://registry.npmjs.org/accepts 81ms (cache miss)
787 silly packumentCache full:https://registry.npmjs.org/accepts set size:undefined disposed:false
788 silly fetch manifest escape-html@~1.0.3
789 silly packumentCache full:https://registry.npmjs.org/escape-html cache-miss
790 http fetch GET 200 https://registry.npmjs.org/parseurl 76ms (cache miss)
791 silly packumentCache full:https://registry.npmjs.org/parseurl set size:undefined disposed:false
792 silly fetch manifest http-errors@~2.0.0
793 silly packumentCache full:https://registry.npmjs.org/http-errors cache-miss
794 http fetch GET 200 https://registry.npmjs.org/type-is 95ms (cache miss)
795 silly packumentCache full:https://registry.npmjs.org/type-is set size:undefined disposed:false
796 silly fetch manifest on-finished@~2.4.1
797 silly packumentCache full:https://registry.npmjs.org/on-finished cache-miss
798 http fetch GET 200 https://registry.npmjs.org/statuses 88ms (cache miss)
799 silly packumentCache full:https://registry.npmjs.org/statuses set size:undefined disposed:false
800 silly fetch manifest safe-buffer@5.2.1
801 silly packumentCache full:https://registry.npmjs.org/safe-buffer cache-miss
802 http fetch GET 200 https://registry.npmjs.org/encodeurl 69ms (cache miss)
803 silly packumentCache full:https://registry.npmjs.org/encodeurl set size:undefined disposed:false
804 silly fetch manifest utils-merge@1.0.1
805 silly packumentCache full:https://registry.npmjs.org/utils-merge cache-miss
806 http fetch GET 200 https://registry.npmjs.org/proxy-addr 77ms (cache miss)
807 silly packumentCache full:https://registry.npmjs.org/proxy-addr set size:undefined disposed:false
808 silly fetch manifest content-type@~1.0.4
809 silly packumentCache full:https://registry.npmjs.org/content-type cache-miss
810 http fetch GET 200 https://registry.npmjs.org/escape-html 77ms (cache miss)
811 silly packumentCache full:https://registry.npmjs.org/escape-html set size:undefined disposed:false
812 silly fetch manifest finalhandler@~1.3.1
813 silly packumentCache full:https://registry.npmjs.org/finalhandler cache-miss
814 http fetch GET 200 https://registry.npmjs.org/body-parser 95ms (cache miss)
815 silly packumentCache full:https://registry.npmjs.org/body-parser set size:undefined disposed:false
816 silly fetch manifest range-parser@~1.2.1
817 silly packumentCache full:https://registry.npmjs.org/range-parser cache-miss
818 http cache https://registry.npmjs.org/safe-buffer 51ms (cache hit)
819 silly packumentCache full:https://registry.npmjs.org/safe-buffer set size:41183 disposed:false
820 silly fetch manifest serve-static@~1.16.2
821 silly packumentCache full:https://registry.npmjs.org/serve-static cache-miss
822 http fetch GET 200 https://registry.npmjs.org/http-errors 84ms (cache miss)
823 silly packumentCache full:https://registry.npmjs.org/http-errors set size:undefined disposed:false
824 silly fetch manifest array-flatten@1.1.1
825 silly packumentCache full:https://registry.npmjs.org/array-flatten cache-miss
826 http fetch GET 200 https://registry.npmjs.org/on-finished 77ms (cache miss)
827 silly packumentCache full:https://registry.npmjs.org/on-finished set size:undefined disposed:false
828 silly fetch manifest path-to-regexp@~0.1.12
829 silly packumentCache full:https://registry.npmjs.org/path-to-regexp cache-miss
830 http fetch GET 200 https://registry.npmjs.org/utils-merge 66ms (cache miss)
831 silly packumentCache full:https://registry.npmjs.org/utils-merge set size:undefined disposed:false
832 silly fetch manifest setprototypeof@1.2.0
833 silly packumentCache full:https://registry.npmjs.org/setprototypeof cache-miss
834 http fetch GET 200 https://registry.npmjs.org/content-type 64ms (cache miss)
835 silly packumentCache full:https://registry.npmjs.org/content-type set size:undefined disposed:false
836 silly fetch manifest cookie-signature@~1.0.6
837 silly packumentCache full:https://registry.npmjs.org/cookie-signature cache-miss
838 http fetch GET 200 https://registry.npmjs.org/finalhandler 65ms (cache miss)
839 silly packumentCache full:https://registry.npmjs.org/finalhandler set size:undefined disposed:false
840 silly fetch manifest merge-descriptors@1.0.3
841 silly packumentCache full:https://registry.npmjs.org/merge-descriptors cache-miss
842 http fetch GET 200 https://registry.npmjs.org/range-parser 64ms (cache miss)
843 silly packumentCache full:https://registry.npmjs.org/range-parser set size:undefined disposed:false
844 silly fetch manifest content-disposition@~0.5.4
845 silly packumentCache full:https://registry.npmjs.org/content-disposition cache-miss
846 http fetch GET 200 https://registry.npmjs.org/array-flatten 55ms (cache miss)
847 silly packumentCache full:https://registry.npmjs.org/array-flatten set size:undefined disposed:false
848 http fetch GET 200 https://registry.npmjs.org/serve-static 72ms (cache miss)
849 silly packumentCache full:https://registry.npmjs.org/serve-static set size:undefined disposed:false
850 http fetch GET 200 https://registry.npmjs.org/setprototypeof 58ms (cache miss)
851 silly packumentCache full:https://registry.npmjs.org/setprototypeof set size:undefined disposed:false
852 http fetch GET 200 https://registry.npmjs.org/path-to-regexp 70ms (cache miss)
853 silly packumentCache full:https://registry.npmjs.org/path-to-regexp set size:undefined disposed:false
854 http fetch GET 200 https://registry.npmjs.org/merge-descriptors 45ms (cache miss)
855 silly packumentCache full:https://registry.npmjs.org/merge-descriptors set size:undefined disposed:false
856 http fetch GET 200 https://registry.npmjs.org/cookie-signature 60ms (cache miss)
857 silly packumentCache full:https://registry.npmjs.org/cookie-signature set size:undefined disposed:false
858 http fetch GET 200 https://registry.npmjs.org/content-disposition 42ms (cache miss)
859 silly packumentCache full:https://registry.npmjs.org/content-disposition set size:undefined disposed:false
860 silly placeDep ROOT @types/body-parser@1.19.6 OK for: @types/express@4.17.25 want: *
861 silly placeDep ROOT @types/express-serve-static-core@4.19.9 OK for: @types/express@4.17.25 want: ^4.17.33
862 silly placeDep ROOT @types/qs@6.15.1 OK for: @types/express@4.17.25 want: *
863 silly placeDep ROOT @types/serve-static@1.15.10 OK for: @types/express@4.17.25 want: ^1
864 silly fetch manifest @types/connect@*
865 silly packumentCache full:https://registry.npmjs.org/@types%2fconnect cache-miss
866 silly fetch manifest @types/send@*
867 silly packumentCache full:https://registry.npmjs.org/@types%2fsend cache-miss
868 silly fetch manifest @types/range-parser@*
869 silly packumentCache full:https://registry.npmjs.org/@types%2frange-parser cache-miss
870 silly fetch manifest @types/send@<1
871 silly packumentCache full:https://registry.npmjs.org/@types%2fsend cache-miss
872 silly fetch manifest @types/http-errors@*
873 silly packumentCache full:https://registry.npmjs.org/@types%2fhttp-errors cache-miss
874 http fetch GET 200 https://registry.npmjs.org/@types%2frange-parser 45ms (cache miss)
875 silly packumentCache full:https://registry.npmjs.org/@types%2frange-parser set size:undefined disposed:false
876 http fetch GET 200 https://registry.npmjs.org/@types%2fsend 49ms (cache miss)
877 silly packumentCache full:https://registry.npmjs.org/@types%2fsend set size:undefined disposed:false
878 http fetch GET 200 https://registry.npmjs.org/@types%2fhttp-errors 49ms (cache miss)
879 silly packumentCache full:https://registry.npmjs.org/@types%2fhttp-errors set size:undefined disposed:false
880 http fetch GET 200 https://registry.npmjs.org/@types%2fsend 54ms (cache miss)
881 silly packumentCache full:https://registry.npmjs.org/@types%2fsend set size:undefined disposed:false
882 http fetch GET 200 https://registry.npmjs.org/@types%2fconnect 60ms (cache miss)
883 silly packumentCache full:https://registry.npmjs.org/@types%2fconnect set size:undefined disposed:false
884 silly placeDep ROOT @types/connect@3.4.38 OK for: @types/body-parser@1.19.6 want: *
885 silly placeDep ROOT @types/range-parser@1.2.7 OK for: @types/express-serve-static-core@4.19.9 want: *
886 silly placeDep ROOT @types/send@1.2.1 OK for: @types/express-serve-static-core@4.19.9 want: *
887 silly placeDep ROOT @types/http-errors@2.0.5 OK for: @types/serve-static@1.15.10 want: *
888 silly placeDep node_modules/@types/serve-static @types/send@0.17.6 OK for: @types/serve-static@1.15.10 want: <1
889 silly fetch manifest @types/mime@^1
890 silly packumentCache full:https://registry.npmjs.org/@types%2fmime cache-miss
891 http fetch GET 200 https://registry.npmjs.org/@types%2fmime 36ms (cache miss)
892 silly packumentCache full:https://registry.npmjs.org/@types%2fmime set size:undefined disposed:false
893 silly placeDep ROOT object-assign@4.1.1 OK for: cors@2.8.6 want: ^4
894 silly placeDep ROOT vary@1.1.2 OK for: cors@2.8.6 want: ^1
895 silly placeDep ROOT accepts@1.3.8 OK for: express@4.22.2 want: ~1.3.8
896 silly placeDep ROOT array-flatten@1.1.1 OK for: express@4.22.2 want: 1.1.1
897 silly placeDep ROOT body-parser@1.20.6 OK for: express@4.22.2 want: ~1.20.5
898 silly placeDep ROOT content-disposition@0.5.4 OK for: express@4.22.2 want: ~0.5.4
899 silly placeDep ROOT content-type@1.0.5 OK for: express@4.22.2 want: ~1.0.4
900 silly placeDep ROOT cookie@0.7.2 OK for: express@4.22.2 want: ~0.7.1
901 silly placeDep ROOT cookie-signature@1.0.7 OK for: express@4.22.2 want: ~1.0.6
902 silly placeDep ROOT debug@2.6.9 OK for: express@4.22.2 want: 2.6.9
903 silly placeDep ROOT depd@2.0.0 OK for: express@4.22.2 want: 2.0.0
904 silly placeDep ROOT encodeurl@2.0.0 OK for: express@4.22.2 want: ~2.0.0
905 silly placeDep ROOT escape-html@1.0.3 OK for: express@4.22.2 want: ~1.0.3
906 silly placeDep ROOT etag@1.8.1 OK for: express@4.22.2 want: ~1.8.1
907 silly placeDep ROOT finalhandler@1.3.2 OK for: express@4.22.2 want: ~1.3.1
908 silly placeDep ROOT fresh@0.5.2 OK for: express@4.22.2 want: ~0.5.2
909 silly placeDep ROOT http-errors@2.0.1 OK for: express@4.22.2 want: ~2.0.0
910 silly placeDep ROOT merge-descriptors@1.0.3 OK for: express@4.22.2 want: 1.0.3
911 silly placeDep ROOT methods@1.1.2 OK for: express@4.22.2 want: ~1.1.2
912 silly placeDep ROOT on-finished@2.4.1 OK for: express@4.22.2 want: ~2.4.1
913 silly placeDep ROOT parseurl@1.3.3 OK for: express@4.22.2 want: ~1.3.3
914 silly placeDep ROOT path-to-regexp@0.1.13 OK for: express@4.22.2 want: ~0.1.12
915 silly placeDep ROOT proxy-addr@2.0.7 OK for: express@4.22.2 want: ~2.0.7
916 silly placeDep ROOT qs@6.15.3 OK for: express@4.22.2 want: ~6.15.1
917 silly placeDep ROOT range-parser@1.2.1 OK for: express@4.22.2 want: ~1.2.1
918 silly placeDep ROOT safe-buffer@5.2.1 OK for: express@4.22.2 want: 5.2.1
919 silly placeDep ROOT send@0.19.2 OK for: express@4.22.2 want: ~0.19.0
920 silly placeDep ROOT serve-static@1.16.3 OK for: express@4.22.2 want: ~1.16.2
921 silly placeDep ROOT setprototypeof@1.2.0 OK for: express@4.22.2 want: 1.2.0
922 silly placeDep ROOT statuses@2.0.2 OK for: express@4.22.2 want: ~2.0.1
923 silly placeDep ROOT type-is@1.6.18 OK for: express@4.22.2 want: ~1.6.18
924 silly placeDep ROOT utils-merge@1.0.1 OK for: express@4.22.2 want: 1.0.1
925 silly fetch manifest mime-types@~2.1.34
926 silly packumentCache full:https://registry.npmjs.org/mime-types cache-miss
927 silly fetch manifest negotiator@0.6.3
928 silly packumentCache full:https://registry.npmjs.org/negotiator cache-miss
929 silly fetch manifest bytes@~3.1.2
930 silly packumentCache full:https://registry.npmjs.org/bytes cache-miss
931 silly fetch manifest unpipe@~1.0.0
932 silly packumentCache full:https://registry.npmjs.org/unpipe cache-miss
933 silly fetch manifest destroy@~1.2.0
934 silly packumentCache full:https://registry.npmjs.org/destroy cache-miss
935 silly fetch manifest raw-body@~2.5.3
936 silly packumentCache full:https://registry.npmjs.org/raw-body cache-miss
937 silly fetch manifest iconv-lite@~0.4.24
938 silly packumentCache full:https://registry.npmjs.org/iconv-lite cache-miss
939 http fetch GET 200 https://registry.npmjs.org/unpipe 67ms (cache miss)
940 silly packumentCache full:https://registry.npmjs.org/unpipe set size:undefined disposed:false
941 silly fetch manifest http-errors@~2.0.1
942 silly packumentCache full:https://registry.npmjs.org/http-errors cache-miss
943 http fetch GET 200 https://registry.npmjs.org/destroy 69ms (cache miss)
944 silly packumentCache full:https://registry.npmjs.org/destroy set size:undefined disposed:false
945 silly fetch manifest content-type@~1.0.5
946 silly packumentCache full:https://registry.npmjs.org/content-type cache-miss
947 http fetch GET 200 https://registry.npmjs.org/negotiator 77ms (cache miss)
948 silly packumentCache full:https://registry.npmjs.org/negotiator set size:undefined disposed:false
949 silly fetch manifest ms@2.0.0
950 silly packumentCache full:https://registry.npmjs.org/ms cache-miss
951 http fetch GET 200 https://registry.npmjs.org/bytes 80ms (cache miss)
952 silly packumentCache full:https://registry.npmjs.org/bytes set size:undefined disposed:false
953 silly fetch manifest statuses@~2.0.2
954 silly packumentCache full:https://registry.npmjs.org/statuses cache-miss
955 http fetch GET 200 https://registry.npmjs.org/iconv-lite 82ms (cache miss)
956 silly packumentCache full:https://registry.npmjs.org/iconv-lite set size:undefined disposed:false
957 silly fetch manifest setprototypeof@~1.2.0
958 silly packumentCache full:https://registry.npmjs.org/setprototypeof cache-miss
959 http fetch GET 200 https://registry.npmjs.org/mime-types 100ms (cache miss)
960 silly packumentCache full:https://registry.npmjs.org/mime-types set size:undefined disposed:false
961 silly fetch manifest statuses@~2.0.2
962 silly packumentCache full:https://registry.npmjs.org/statuses cache-miss
963 http fetch GET 200 https://registry.npmjs.org/raw-body 99ms (cache miss)
964 silly packumentCache full:https://registry.npmjs.org/raw-body set size:undefined disposed:false
965 silly fetch manifest toidentifier@~1.0.1
966 silly packumentCache full:https://registry.npmjs.org/toidentifier cache-miss
967 http cache https://registry.npmjs.org/http-errors 51ms (cache hit)
968 silly packumentCache full:https://registry.npmjs.org/http-errors set size:71987 disposed:false
969 silly fetch manifest ee-first@1.1.1
970 silly packumentCache full:https://registry.npmjs.org/ee-first cache-miss
971 http cache https://registry.npmjs.org/content-type 55ms (cache hit)
972 silly packumentCache full:https://registry.npmjs.org/content-type set size:21479 disposed:false
973 silly fetch manifest forwarded@0.2.0
974 silly packumentCache full:https://registry.npmjs.org/forwarded cache-miss
975 http cache https://registry.npmjs.org/ms 59ms (cache hit)
976 silly packumentCache full:https://registry.npmjs.org/ms set size:92208 disposed:false
977 silly fetch manifest ipaddr.js@1.9.1
978 silly packumentCache full:https://registry.npmjs.org/ipaddr.js cache-miss
979 http cache https://registry.npmjs.org/setprototypeof 61ms (cache hit)
980 silly packumentCache full:https://registry.npmjs.org/setprototypeof set size:14532 disposed:false
981 silly fetch manifest side-channel@^1.1.1
982 silly packumentCache full:https://registry.npmjs.org/side-channel cache-miss
983 http cache https://registry.npmjs.org/statuses 72ms (cache hit)
984 silly packumentCache full:https://registry.npmjs.org/statuses set size:37117 disposed:false
985 silly fetch manifest es-define-property@^1.0.1
986 silly packumentCache full:https://registry.npmjs.org/es-define-property cache-miss
987 http cache https://registry.npmjs.org/statuses 71ms (cache hit)
988 silly packumentCache full:https://registry.npmjs.org/statuses set size:37117 disposed:false
989 silly packumentCache full:https://registry.npmjs.org/statuses dispose
990 silly fetch manifest ms@2.1.3
991 silly packumentCache full:https://registry.npmjs.org/ms cache-hit
992 silly fetch manifest mime@1.6.0
993 silly packumentCache full:https://registry.npmjs.org/mime cache-miss
994 http fetch GET 200 https://registry.npmjs.org/ee-first 61ms (cache miss)
995 silly packumentCache full:https://registry.npmjs.org/ee-first set size:undefined disposed:false
996 silly fetch manifest destroy@1.2.0
997 silly packumentCache full:https://registry.npmjs.org/destroy cache-miss
998 http fetch GET 200 https://registry.npmjs.org/toidentifier 78ms (cache miss)
999 silly packumentCache full:https://registry.npmjs.org/toidentifier set size:undefined disposed:false
1000 silly fetch manifest mime-types@~2.1.24
1001 silly packumentCache full:https://registry.npmjs.org/mime-types cache-miss
1002 http fetch GET 200 https://registry.npmjs.org/forwarded 70ms (cache miss)
1003 silly packumentCache full:https://registry.npmjs.org/forwarded set size:undefined disposed:false
1004 silly fetch manifest media-typer@0.3.0
1005 silly packumentCache full:https://registry.npmjs.org/media-typer cache-miss
1006 http cache https://registry.npmjs.org/mime 36ms (cache hit)
1007 silly packumentCache full:https://registry.npmjs.org/mime set size:119236 disposed:false
1008 http fetch GET 200 https://registry.npmjs.org/side-channel 62ms (cache miss)
1009 silly packumentCache full:https://registry.npmjs.org/side-channel set size:undefined disposed:false
1010 http fetch GET 200 https://registry.npmjs.org/ipaddr.js 80ms (cache miss)
1011 silly packumentCache full:https://registry.npmjs.org/ipaddr.js set size:undefined disposed:false
1012 http cache https://registry.npmjs.org/destroy 48ms (cache hit)
1013 silly packumentCache full:https://registry.npmjs.org/destroy set size:15738 disposed:false
1014 http fetch GET 200 https://registry.npmjs.org/es-define-property 78ms (cache miss)
1015 silly packumentCache full:https://registry.npmjs.org/es-define-property set size:undefined disposed:false
1016 http cache https://registry.npmjs.org/mime-types 49ms (cache hit)
1017 silly packumentCache full:https://registry.npmjs.org/mime-types set size:139110 disposed:false
1018 http fetch GET 200 https://registry.npmjs.org/media-typer 46ms (cache miss)
1019 silly packumentCache full:https://registry.npmjs.org/media-typer set size:undefined disposed:false
1020 silly placeDep ROOT mime-types@2.1.35 OK for: accepts@1.3.8 want: ~2.1.34
1021 silly placeDep ROOT negotiator@0.6.3 OK for: accepts@1.3.8 want: 0.6.3
1022 silly fetch manifest mime-db@1.52.0
1023 silly packumentCache full:https://registry.npmjs.org/mime-db cache-miss
1024 http fetch GET 200 https://registry.npmjs.org/mime-db 31ms (cache miss)
1025 silly packumentCache full:https://registry.npmjs.org/mime-db set size:undefined disposed:false
1026 silly placeDep ROOT bytes@3.1.2 OK for: body-parser@1.20.6 want: ~3.1.2
1027 silly placeDep ROOT destroy@1.2.0 OK for: body-parser@1.20.6 want: ~1.2.0
1028 silly placeDep ROOT iconv-lite@0.4.24 OK for: body-parser@1.20.6 want: ~0.4.24
1029 silly placeDep ROOT raw-body@2.5.3 OK for: body-parser@1.20.6 want: ~2.5.3
1030 silly placeDep ROOT unpipe@1.0.0 OK for: body-parser@1.20.6 want: ~1.0.0
1031 silly fetch manifest safer-buffer@>= 2.1.2 < 3
1032 silly packumentCache full:https://registry.npmjs.org/safer-buffer cache-miss
1033 http fetch GET 200 https://registry.npmjs.org/safer-buffer 30ms (cache miss)
1034 silly packumentCache full:https://registry.npmjs.org/safer-buffer set size:undefined disposed:false
1035 silly placeDep ROOT ms@2.0.0 OK for: debug@2.6.9 want: 2.0.0
1036 silly fetch manifest encoding@^0.1.0
1037 silly packumentCache full:https://registry.npmjs.org/encoding cache-miss
1038 http fetch GET 200 https://registry.npmjs.org/encoding 27ms (cache miss)
1039 silly packumentCache full:https://registry.npmjs.org/encoding set size:undefined disposed:false
1040 silly placeDep ROOT https-proxy-agent@7.0.6 OK for: gaxios@6.7.1 want: ^7.0.1
1041 silly placeDep ROOT is-stream@2.0.1 OK for: gaxios@6.7.1 want: ^2.0.0
1042 silly placeDep ROOT node-fetch@2.7.0 OK for: gaxios@6.7.1 want: ^2.6.9
1043 silly placeDep ROOT uuid@9.0.1 OK for: gaxios@6.7.1 want: ^9.0.1
1044 silly fetch manifest debug@4
1045 silly packumentCache full:https://registry.npmjs.org/debug cache-hit
1046 silly fetch manifest agent-base@^7.1.2
1047 silly packumentCache full:https://registry.npmjs.org/agent-base cache-miss
1048 silly fetch manifest whatwg-url@^5.0.0
1049 silly packumentCache full:https://registry.npmjs.org/whatwg-url cache-miss
1050 http fetch GET 200 https://registry.npmjs.org/agent-base 33ms (cache miss)
1051 silly packumentCache full:https://registry.npmjs.org/agent-base set size:undefined disposed:false
1052 http fetch GET 200 https://registry.npmjs.org/whatwg-url 39ms (cache miss)
1053 silly packumentCache full:https://registry.npmjs.org/whatwg-url set size:undefined disposed:false
1054 silly placeDep ROOT base64-js@1.5.1 OK for: google-auth-library@10.9.1 want: ^1.3.0
1055 silly placeDep ROOT ecdsa-sig-formatter@1.0.11 OK for: google-auth-library@10.9.1 want: ^1.0.11
1056 silly placeDep node_modules/google-auth-library gaxios@7.3.1 OK for: google-auth-library@10.9.1 want: ^7.1.4
1057 silly placeDep ROOT gcp-metadata@8.1.2 OK for: google-auth-library@10.9.1 want: 8.1.2
1058 silly placeDep ROOT google-logging-utils@1.1.3 OK for: google-auth-library@10.9.1 want: 1.1.3
1059 silly placeDep ROOT jws@4.0.1 OK for: google-auth-library@10.9.1 want: ^4.0.0
1060 silly fetch manifest node-fetch@^3.3.2
1061 silly packumentCache full:https://registry.npmjs.org/node-fetch cache-hit
1062 silly fetch manifest gaxios@^7.0.0
1063 silly packumentCache full:https://registry.npmjs.org/gaxios cache-hit
1064 silly fetch manifest json-bigint@^1.0.0
1065 silly packumentCache full:https://registry.npmjs.org/json-bigint cache-miss
1066 silly fetch manifest google-logging-utils@^1.0.0
1067 silly packumentCache full:https://registry.npmjs.org/google-logging-utils cache-miss
1068 silly fetch manifest jwa@^2.0.1
1069 silly packumentCache full:https://registry.npmjs.org/jwa cache-miss
1070 http cache https://registry.npmjs.org/google-logging-utils 12ms (cache hit)
1071 silly packumentCache full:https://registry.npmjs.org/google-logging-utils set size:31146 disposed:false
1072 http fetch GET 200 https://registry.npmjs.org/jwa 37ms (cache miss)
1073 silly packumentCache full:https://registry.npmjs.org/jwa set size:undefined disposed:false
1074 http fetch GET 200 https://registry.npmjs.org/json-bigint 41ms (cache miss)
1075 silly packumentCache full:https://registry.npmjs.org/json-bigint set size:undefined disposed:false
1076 silly placeDep node_modules/gcp-metadata gaxios@7.3.1 OK for: gcp-metadata@8.1.2 want: ^7.0.0
1077 silly placeDep ROOT json-bigint@1.0.0 OK for: gcp-metadata@8.1.2 want: ^1.0.0
1078 silly fetch manifest bignumber.js@^9.0.0
1079 silly packumentCache full:https://registry.npmjs.org/bignumber.js cache-miss
1080 http fetch GET 200 https://registry.npmjs.org/bignumber.js 34ms (cache miss)
1081 silly packumentCache full:https://registry.npmjs.org/bignumber.js set size:undefined disposed:false
1082 silly placeDep ROOT @grpc/grpc-js@1.14.4 OK for: google-gax@4.6.1 want: ^1.10.9
1083 silly placeDep ROOT @grpc/proto-loader@0.7.15 OK for: google-gax@4.6.1 want: ^0.7.13
1084 silly placeDep ROOT @types/long@4.0.2 OK for: google-gax@4.6.1 want: ^4.0.0
1085 silly placeDep node_modules/google-gax google-auth-library@9.15.1 OK for: google-gax@4.6.1 want: ^9.3.0
1086 silly placeDep ROOT object-hash@3.0.0 OK for: google-gax@4.6.1 want: ^3.0.0
1087 silly placeDep ROOT proto3-json-serializer@2.0.2 OK for: google-gax@4.6.1 want: ^2.0.2
1088 silly fetch manifest @grpc/proto-loader@^0.8.0
1089 silly packumentCache full:https://registry.npmjs.org/@grpc%2fproto-loader cache-miss
1090 silly fetch manifest @js-sdsl/ordered-map@^4.4.2
1091 silly packumentCache full:https://registry.npmjs.org/@js-sdsl%2fordered-map cache-miss
1092 silly fetch manifest long@^5.0.0
1093 silly packumentCache full:https://registry.npmjs.org/long cache-miss
1094 silly fetch manifest yargs@^17.7.2
1095 silly packumentCache full:https://registry.npmjs.org/yargs cache-miss
1096 silly fetch manifest lodash.camelcase@^4.3.0
1097 silly packumentCache full:https://registry.npmjs.org/lodash.camelcase cache-miss
1098 http cache https://registry.npmjs.org/long 18ms (cache hit)
1099 silly packumentCache full:https://registry.npmjs.org/long set size:80704 disposed:false
1100 http cache https://registry.npmjs.org/@grpc%2fproto-loader 24ms (cache hit)
1101 silly packumentCache full:https://registry.npmjs.org/@grpc%2fproto-loader set size:218355 disposed:false
1102 http fetch GET 200 https://registry.npmjs.org/lodash.camelcase 40ms (cache miss)
1103 silly packumentCache full:https://registry.npmjs.org/lodash.camelcase set size:undefined disposed:false
1104 http fetch GET 200 https://registry.npmjs.org/@js-sdsl%2fordered-map 58ms (cache miss)
1105 silly packumentCache full:https://registry.npmjs.org/@js-sdsl%2fordered-map set size:undefined disposed:false
1106 http fetch GET 200 https://registry.npmjs.org/yargs 64ms (cache miss)
1107 silly packumentCache full:https://registry.npmjs.org/yargs set size:undefined disposed:false
1108 silly placeDep node_modules/@grpc/grpc-js @grpc/proto-loader@0.8.1 OK for: @grpc/grpc-js@1.14.4 want: ^0.8.0
1109 silly placeDep ROOT @js-sdsl/ordered-map@4.4.2 OK for: @grpc/grpc-js@1.14.4 want: ^4.4.2
1110 silly placeDep ROOT lodash.camelcase@4.3.0 OK for: @grpc/proto-loader@0.7.15 want: ^4.3.0
1111 silly placeDep ROOT long@5.3.2 OK for: @grpc/proto-loader@0.7.15 want: ^5.0.0
1112 silly placeDep ROOT yargs@17.7.3 OK for: @grpc/proto-loader@0.7.15 want: ^17.7.2
1113 silly fetch manifest y18n@^5.0.5
1114 silly packumentCache full:https://registry.npmjs.org/y18n cache-miss
1115 silly fetch manifest cliui@^8.0.1
1116 silly packumentCache full:https://registry.npmjs.org/cliui cache-miss
1117 silly fetch manifest escalade@^3.1.1
1118 silly packumentCache full:https://registry.npmjs.org/escalade cache-miss
1119 silly fetch manifest string-width@^4.2.3
1120 silly packumentCache full:https://registry.npmjs.org/string-width cache-miss
1121 silly fetch manifest yargs-parser@^21.1.1
1122 silly packumentCache full:https://registry.npmjs.org/yargs-parser cache-miss
1123 silly fetch manifest get-caller-file@^2.0.5
1124 silly packumentCache full:https://registry.npmjs.org/get-caller-file cache-miss
1125 silly fetch manifest require-directory@^2.1.1
1126 silly packumentCache full:https://registry.npmjs.org/require-directory cache-miss
1127 http fetch GET 200 https://registry.npmjs.org/string-width 58ms (cache miss)
1128 silly packumentCache full:https://registry.npmjs.org/string-width set size:undefined disposed:false
1129 http fetch GET 200 https://registry.npmjs.org/get-caller-file 60ms (cache miss)
1130 silly packumentCache full:https://registry.npmjs.org/get-caller-file set size:undefined disposed:false
1131 http fetch GET 200 https://registry.npmjs.org/require-directory 61ms (cache miss)
1132 silly packumentCache full:https://registry.npmjs.org/require-directory set size:undefined disposed:false
1133 http fetch GET 200 https://registry.npmjs.org/cliui 68ms (cache miss)
1134 silly packumentCache full:https://registry.npmjs.org/cliui set size:undefined disposed:false
1135 http fetch GET 200 https://registry.npmjs.org/y18n 73ms (cache miss)
1136 silly packumentCache full:https://registry.npmjs.org/y18n set size:undefined disposed:false
1137 http fetch GET 200 https://registry.npmjs.org/escalade 73ms (cache miss)
1138 silly packumentCache full:https://registry.npmjs.org/escalade set size:undefined disposed:false
1139 http fetch GET 200 https://registry.npmjs.org/yargs-parser 76ms (cache miss)
1140 silly packumentCache full:https://registry.npmjs.org/yargs-parser set size:undefined disposed:false
1141 silly placeDep ROOT toidentifier@1.0.1 OK for: http-errors@2.0.1 want: ~1.0.1
1142 silly placeDep ROOT agent-base@7.1.4 OK for: https-proxy-agent@7.0.6 want: ^7.1.2
1143 silly placeDep node_modules/https-proxy-agent debug@4.4.3 OK for: https-proxy-agent@7.0.6 want: 4
1144 silly fetch manifest ms@^2.1.3
1145 silly packumentCache full:https://registry.npmjs.org/ms cache-hit
1146 silly placeDep ROOT safer-buffer@2.1.2 OK for: iconv-lite@0.4.24 want: >= 2.1.2 < 3
1147 silly placeDep ROOT bignumber.js@9.3.1 OK for: json-bigint@1.0.0 want: ^9.0.0
1148 silly placeDep ROOT lodash.includes@4.3.0 OK for: jsonwebtoken@9.0.3 want: ^4.3.0
1149 silly placeDep ROOT lodash.isboolean@3.0.3 OK for: jsonwebtoken@9.0.3 want: ^3.0.3
1150 silly placeDep ROOT lodash.isinteger@4.0.4 OK for: jsonwebtoken@9.0.3 want: ^4.0.4
1151 silly placeDep ROOT lodash.isnumber@3.0.3 OK for: jsonwebtoken@9.0.3 want: ^3.0.3
1152 silly placeDep ROOT lodash.isplainobject@4.0.6 OK for: jsonwebtoken@9.0.3 want: ^4.0.6
1153 silly placeDep ROOT lodash.isstring@4.0.1 OK for: jsonwebtoken@9.0.3 want: ^4.0.1
1154 silly placeDep ROOT lodash.once@4.1.1 OK for: jsonwebtoken@9.0.3 want: ^4.0.0
1155 silly placeDep node_modules/jsonwebtoken ms@2.1.3 OK for: jsonwebtoken@9.0.3 want: ^2.1.1
1156 silly placeDep ROOT semver@7.8.5 OK for: jsonwebtoken@9.0.3 want: ^7.5.4
1157 silly placeDep ROOT @types/jsonwebtoken@9.0.10 OK for: jwks-rsa@3.2.2 want: ^9.0.4
1158 silly placeDep node_modules/jwks-rsa debug@4.4.3 OK for: jwks-rsa@3.2.2 want: ^4.3.4
1159 silly placeDep ROOT jose@4.15.9 OK for: jwks-rsa@3.2.2 want: ^4.15.4
1160 silly placeDep ROOT limiter@1.1.5 OK for: jwks-rsa@3.2.2 want: ^1.1.5
1161 silly placeDep ROOT lru-memoizer@2.3.0 OK for: jwks-rsa@3.2.2 want: ^2.2.0
1162 silly fetch manifest @types/ms@*
1163 silly packumentCache full:https://registry.npmjs.org/@types%2fms cache-miss
1164 silly fetch manifest lru-cache@6.0.0
1165 silly packumentCache full:https://registry.npmjs.org/lru-cache cache-miss
1166 silly fetch manifest lodash.clonedeep@^4.5.0
1167 silly packumentCache full:https://registry.npmjs.org/lodash.clonedeep cache-miss
1168 http fetch GET 200 https://registry.npmjs.org/@types%2fms 38ms (cache miss)
1169 silly packumentCache full:https://registry.npmjs.org/@types%2fms set size:undefined disposed:false
1170 http fetch GET 200 https://registry.npmjs.org/lodash.clonedeep 43ms (cache miss)
1171 silly packumentCache full:https://registry.npmjs.org/lodash.clonedeep set size:undefined disposed:false
1172 http fetch GET 200 https://registry.npmjs.org/lru-cache 54ms (cache miss)
1173 silly packumentCache full:https://registry.npmjs.org/lru-cache set size:undefined disposed:false
1174 silly placeDep ROOT @types/ms@2.1.0 OK for: @types/jsonwebtoken@9.0.10 want: *
1175 silly placeDep ROOT jwa@2.0.1 OK for: jws@4.0.1 want: ^2.0.1
1176 silly fetch manifest buffer-equal-constant-time@^1.0.1
1177 silly packumentCache full:https://registry.npmjs.org/buffer-equal-constant-time cache-miss
1178 http fetch GET 200 https://registry.npmjs.org/buffer-equal-constant-time 26ms (cache miss)
1179 silly packumentCache full:https://registry.npmjs.org/buffer-equal-constant-time set size:undefined disposed:false
1180 silly placeDep ROOT buffer-equal-constant-time@1.0.1 OK for: jwa@2.0.1 want: ^1.0.1
1181 silly placeDep ROOT lodash.clonedeep@4.5.0 OK for: lru-memoizer@2.3.0 want: ^4.5.0
1182 silly placeDep ROOT lru-cache@6.0.0 OK for: lru-memoizer@2.3.0 want: 6.0.0
1183 silly fetch manifest yallist@^4.0.0
1184 silly packumentCache full:https://registry.npmjs.org/yallist cache-miss
1185 http fetch GET 200 https://registry.npmjs.org/yallist 34ms (cache miss)
1186 silly packumentCache full:https://registry.npmjs.org/yallist set size:undefined disposed:false
1187 silly placeDep ROOT yallist@4.0.0 OK for: lru-cache@6.0.0 want: ^4.0.0
1188 silly placeDep ROOT mime-db@1.52.0 OK for: mime-types@2.1.35 want: 1.52.0
1189 silly placeDep ROOT whatwg-url@5.0.0 OK for: node-fetch@2.7.0 want: ^5.0.0
1190 silly fetch manifest tr46@~0.0.3
1191 silly packumentCache full:https://registry.npmjs.org/tr46 cache-miss
1192 silly fetch manifest webidl-conversions@^3.0.0
1193 silly packumentCache full:https://registry.npmjs.org/webidl-conversions cache-miss
1194 http fetch GET 200 https://registry.npmjs.org/tr46 45ms (cache miss)
1195 silly packumentCache full:https://registry.npmjs.org/tr46 set size:undefined disposed:false
1196 http fetch GET 200 https://registry.npmjs.org/webidl-conversions 51ms (cache miss)
1197 silly packumentCache full:https://registry.npmjs.org/webidl-conversions set size:undefined disposed:false
1198 silly placeDep ROOT ee-first@1.1.1 OK for: on-finished@2.4.1 want: 1.1.1
1199 silly placeDep ROOT wrappy@1.0.2 OK for: once@1.4.0 want: 1
1200 silly placeDep ROOT yocto-queue@0.1.0 OK for: p-limit@3.1.0 want: ^0.1.0
1201 silly placeDep ROOT @protobufjs/aspromise@1.1.2 OK for: protobufjs@7.6.5 want: ^1.1.2
1202 silly placeDep ROOT @protobufjs/base64@1.1.2 OK for: protobufjs@7.6.5 want: ^1.1.2
1203 silly placeDep ROOT @protobufjs/codegen@2.0.5 OK for: protobufjs@7.6.5 want: ^2.0.5
1204 silly placeDep ROOT @protobufjs/eventemitter@1.1.1 OK for: protobufjs@7.6.5 want: ^1.1.1
1205 silly placeDep ROOT @protobufjs/fetch@1.1.1 OK for: protobufjs@7.6.5 want: ^1.1.1
1206 silly placeDep ROOT @protobufjs/float@1.0.2 OK for: protobufjs@7.6.5 want: ^1.0.2
1207 silly placeDep ROOT @protobufjs/path@1.1.2 OK for: protobufjs@7.6.5 want: ^1.1.2
1208 silly placeDep ROOT @protobufjs/pool@1.1.0 OK for: protobufjs@7.6.5 want: ^1.1.0
1209 silly placeDep ROOT @protobufjs/utf8@1.1.2 OK for: protobufjs@7.6.5 want: ^1.1.1
1210 silly placeDep ROOT forwarded@0.2.0 OK for: proxy-addr@2.0.7 want: 0.2.0
1211 silly placeDep ROOT ipaddr.js@1.9.1 OK for: proxy-addr@2.0.7 want: 1.9.1
1212 silly placeDep ROOT es-define-property@1.0.1 OK for: qs@6.15.3 want: ^1.0.1
1213 silly placeDep ROOT side-channel@1.1.1 OK for: qs@6.15.3 want: ^1.1.1
1214 silly fetch manifest es-errors@^1.3.0
1215 silly packumentCache full:https://registry.npmjs.org/es-errors cache-miss
1216 silly fetch manifest object-inspect@^1.13.4
1217 silly packumentCache full:https://registry.npmjs.org/object-inspect cache-miss
1218 silly fetch manifest side-channel-list@^1.0.1
1219 silly packumentCache full:https://registry.npmjs.org/side-channel-list cache-miss
1220 silly fetch manifest side-channel-map@^1.0.1
1221 silly packumentCache full:https://registry.npmjs.org/side-channel-map cache-miss
1222 silly fetch manifest side-channel-weakmap@^1.0.2
1223 silly packumentCache full:https://registry.npmjs.org/side-channel-weakmap cache-miss
1224 http fetch GET 200 https://registry.npmjs.org/es-errors 44ms (cache miss)
1225 silly packumentCache full:https://registry.npmjs.org/es-errors set size:undefined disposed:false
1226 http fetch GET 200 https://registry.npmjs.org/side-channel-list 45ms (cache miss)
1227 silly packumentCache full:https://registry.npmjs.org/side-channel-list set size:undefined disposed:false
1228 http fetch GET 200 https://registry.npmjs.org/side-channel-map 48ms (cache miss)
1229 silly packumentCache full:https://registry.npmjs.org/side-channel-map set size:undefined disposed:false
1230 http fetch GET 200 https://registry.npmjs.org/side-channel-weakmap 53ms (cache miss)
1231 silly packumentCache full:https://registry.npmjs.org/side-channel-weakmap set size:undefined disposed:false
1232 http fetch GET 200 https://registry.npmjs.org/object-inspect 57ms (cache miss)
1233 silly packumentCache full:https://registry.npmjs.org/object-inspect set size:undefined disposed:false
1234 silly placeDep ROOT string_decoder@1.3.0 OK for: readable-stream@3.6.2 want: ^1.1.1
1235 silly placeDep ROOT util-deprecate@1.0.2 OK for: readable-stream@3.6.2 want: ^1.0.1
1236 silly placeDep ROOT @types/request@2.48.13 OK for: retry-request@7.0.2 want: ^2.48.8
1237 silly fetch manifest form-data@^2.5.5
1238 silly packumentCache full:https://registry.npmjs.org/form-data cache-miss
1239 silly fetch manifest @types/caseless@*
1240 silly packumentCache full:https://registry.npmjs.org/@types%2fcaseless cache-miss
1241 silly fetch manifest @types/tough-cookie@*
1242 silly packumentCache full:https://registry.npmjs.org/@types%2ftough-cookie cache-miss
1243 http fetch GET 200 https://registry.npmjs.org/form-data 36ms (cache miss)
1244 silly packumentCache full:https://registry.npmjs.org/form-data set size:undefined disposed:false
1245 http fetch GET 200 https://registry.npmjs.org/@types%2ftough-cookie 46ms (cache miss)
1246 silly packumentCache full:https://registry.npmjs.org/@types%2ftough-cookie set size:undefined disposed:false
1247 http fetch GET 200 https://registry.npmjs.org/@types%2fcaseless 49ms (cache miss)
1248 silly packumentCache full:https://registry.npmjs.org/@types%2fcaseless set size:undefined disposed:false
1249 silly placeDep ROOT @types/caseless@0.12.5 OK for: @types/request@2.48.13 want: *
1250 silly placeDep ROOT @types/tough-cookie@4.0.5 OK for: @types/request@2.48.13 want: *
1251 silly placeDep ROOT form-data@2.5.6 OK for: @types/request@2.48.13 want: ^2.5.5
1252 silly fetch manifest hasown@^2.0.4
1253 silly packumentCache full:https://registry.npmjs.org/hasown cache-miss
1254 silly fetch manifest asynckit@^0.4.0
1255 silly packumentCache full:https://registry.npmjs.org/asynckit cache-miss
1256 silly fetch manifest combined-stream@^1.0.8
1257 silly packumentCache full:https://registry.npmjs.org/combined-stream cache-miss
1258 silly fetch manifest es-set-tostringtag@^2.1.0
1259 silly packumentCache full:https://registry.npmjs.org/es-set-tostringtag cache-miss
1260 http fetch GET 200 https://registry.npmjs.org/hasown 35ms (cache miss)
1261 silly packumentCache full:https://registry.npmjs.org/hasown set size:undefined disposed:false
1262 http fetch GET 200 https://registry.npmjs.org/combined-stream 38ms (cache miss)
1263 silly packumentCache full:https://registry.npmjs.org/combined-stream set size:undefined disposed:false
1264 http fetch GET 200 https://registry.npmjs.org/asynckit 43ms (cache miss)
1265 silly packumentCache full:https://registry.npmjs.org/asynckit set size:undefined disposed:false
1266 http fetch GET 200 https://registry.npmjs.org/es-set-tostringtag 44ms (cache miss)
1267 silly packumentCache full:https://registry.npmjs.org/es-set-tostringtag set size:undefined disposed:false
1268 silly placeDep ROOT asynckit@0.4.0 OK for: form-data@2.5.6 want: ^0.4.0
1269 silly placeDep ROOT combined-stream@1.0.8 OK for: form-data@2.5.6 want: ^1.0.8
1270 silly placeDep ROOT es-set-tostringtag@2.1.0 OK for: form-data@2.5.6 want: ^2.1.0
1271 silly placeDep ROOT hasown@2.0.4 OK for: form-data@2.5.6 want: ^2.0.4
1272 silly fetch manifest delayed-stream@~1.0.0
1273 silly packumentCache full:https://registry.npmjs.org/delayed-stream cache-miss
1274 silly fetch manifest get-intrinsic@^1.2.6
1275 silly packumentCache full:https://registry.npmjs.org/get-intrinsic cache-miss
1276 silly fetch manifest has-tostringtag@^1.0.2
1277 silly packumentCache full:https://registry.npmjs.org/has-tostringtag cache-miss
1278 silly fetch manifest hasown@^2.0.2
1279 silly packumentCache full:https://registry.npmjs.org/hasown cache-miss
1280 silly fetch manifest function-bind@^1.1.2
1281 silly packumentCache full:https://registry.npmjs.org/function-bind cache-miss
1282 http cache https://registry.npmjs.org/hasown 14ms (cache hit)
1283 silly packumentCache full:https://registry.npmjs.org/hasown set size:18361 disposed:false
1284 http fetch GET 200 https://registry.npmjs.org/function-bind 35ms (cache miss)
1285 silly packumentCache full:https://registry.npmjs.org/function-bind set size:undefined disposed:false
1286 http fetch GET 200 https://registry.npmjs.org/delayed-stream 42ms (cache miss)
1287 silly packumentCache full:https://registry.npmjs.org/delayed-stream set size:undefined disposed:false
1288 http fetch GET 200 https://registry.npmjs.org/has-tostringtag 44ms (cache miss)
1289 silly packumentCache full:https://registry.npmjs.org/has-tostringtag set size:undefined disposed:false
1290 http fetch GET 200 https://registry.npmjs.org/get-intrinsic 117ms (cache miss)
1291 silly packumentCache full:https://registry.npmjs.org/get-intrinsic set size:undefined disposed:false
1292 silly placeDep ROOT delayed-stream@1.0.0 OK for: combined-stream@1.0.8 want: ~1.0.0
1293 silly placeDep ROOT es-errors@1.3.0 OK for: es-set-tostringtag@2.1.0 want: ^1.3.0
1294 silly placeDep ROOT get-intrinsic@1.3.0 OK for: es-set-tostringtag@2.1.0 want: ^1.2.6
1295 silly placeDep ROOT has-tostringtag@1.0.2 OK for: es-set-tostringtag@2.1.0 want: ^1.0.2
1296 silly fetch manifest gopd@^1.2.0
1297 silly packumentCache full:https://registry.npmjs.org/gopd cache-miss
1298 silly fetch manifest get-proto@^1.0.1
1299 silly packumentCache full:https://registry.npmjs.org/get-proto cache-miss
1300 silly fetch manifest has-symbols@^1.1.0
1301 silly packumentCache full:https://registry.npmjs.org/has-symbols cache-miss
1302 silly fetch manifest es-object-atoms@^1.1.1
1303 silly packumentCache full:https://registry.npmjs.org/es-object-atoms cache-miss
1304 silly fetch manifest math-intrinsics@^1.1.0
1305 silly packumentCache full:https://registry.npmjs.org/math-intrinsics cache-miss
1306 silly fetch manifest call-bind-apply-helpers@^1.0.2
1307 silly packumentCache full:https://registry.npmjs.org/call-bind-apply-helpers cache-miss
1308 silly fetch manifest has-symbols@^1.0.3
1309 silly packumentCache full:https://registry.npmjs.org/has-symbols cache-miss
1310 http fetch GET 200 https://registry.npmjs.org/gopd 48ms (cache miss)
1311 silly packumentCache full:https://registry.npmjs.org/gopd set size:undefined disposed:false
1312 http fetch GET 200 https://registry.npmjs.org/get-proto 55ms (cache miss)
1313 silly packumentCache full:https://registry.npmjs.org/get-proto set size:undefined disposed:false
1314 http fetch GET 200 https://registry.npmjs.org/has-symbols 56ms (cache miss)
1315 silly packumentCache full:https://registry.npmjs.org/has-symbols set size:undefined disposed:false
1316 http fetch GET 200 https://registry.npmjs.org/has-symbols 53ms (cache miss)
1317 silly packumentCache full:https://registry.npmjs.org/has-symbols set size:undefined disposed:false
1318 http fetch GET 200 https://registry.npmjs.org/call-bind-apply-helpers 59ms (cache miss)
1319 silly packumentCache full:https://registry.npmjs.org/call-bind-apply-helpers set size:undefined disposed:false
1320 http fetch GET 200 https://registry.npmjs.org/es-object-atoms 63ms (cache miss)
1321 silly packumentCache full:https://registry.npmjs.org/es-object-atoms set size:undefined disposed:false
1322 http fetch GET 200 https://registry.npmjs.org/math-intrinsics 67ms (cache miss)
1323 silly packumentCache full:https://registry.npmjs.org/math-intrinsics set size:undefined disposed:false
1324 silly placeDep ROOT call-bind-apply-helpers@1.0.2 OK for: get-intrinsic@1.3.0 want: ^1.0.2
1325 silly placeDep ROOT es-object-atoms@1.1.2 OK for: get-intrinsic@1.3.0 want: ^1.1.1
1326 silly placeDep ROOT function-bind@1.1.2 OK for: get-intrinsic@1.3.0 want: ^1.1.2
1327 silly placeDep ROOT get-proto@1.0.1 OK for: get-intrinsic@1.3.0 want: ^1.0.1
1328 silly placeDep ROOT gopd@1.2.0 OK for: get-intrinsic@1.3.0 want: ^1.2.0
1329 silly placeDep ROOT has-symbols@1.1.0 OK for: get-intrinsic@1.3.0 want: ^1.1.0
1330 silly placeDep ROOT math-intrinsics@1.1.0 OK for: get-intrinsic@1.3.0 want: ^1.1.0
1331 silly fetch manifest dunder-proto@^1.0.1
1332 silly packumentCache full:https://registry.npmjs.org/dunder-proto cache-miss
1333 http fetch GET 200 https://registry.npmjs.org/dunder-proto 29ms (cache miss)
1334 silly packumentCache full:https://registry.npmjs.org/dunder-proto set size:undefined disposed:false
1335 silly placeDep ROOT dunder-proto@1.0.1 OK for: get-proto@1.0.1 want: ^1.0.1
1336 silly placeDep node_modules/send mime@1.6.0 OK for: send@0.19.2 want: 1.6.0
1337 silly placeDep node_modules/send ms@2.1.3 OK for: send@0.19.2 want: 2.1.3
1338 silly placeDep ROOT object-inspect@1.13.4 OK for: side-channel@1.1.1 want: ^1.13.4
1339 silly placeDep ROOT side-channel-list@1.0.1 OK for: side-channel@1.1.1 want: ^1.0.1
1340 silly placeDep ROOT side-channel-map@1.0.1 OK for: side-channel@1.1.1 want: ^1.0.1
1341 silly placeDep ROOT side-channel-weakmap@1.0.2 OK for: side-channel@1.1.1 want: ^1.0.2
1342 silly fetch manifest call-bound@^1.0.2
1343 silly packumentCache full:https://registry.npmjs.org/call-bound cache-miss
1344 silly fetch manifest call-bound@^1.0.2
1345 silly packumentCache full:https://registry.npmjs.org/call-bound cache-miss
1346 http fetch GET 200 https://registry.npmjs.org/call-bound 33ms (cache miss)
1347 silly packumentCache full:https://registry.npmjs.org/call-bound set size:undefined disposed:false
1348 http fetch GET 200 https://registry.npmjs.org/call-bound 36ms (cache miss)
1349 silly packumentCache full:https://registry.npmjs.org/call-bound set size:undefined disposed:false
1350 silly placeDep ROOT call-bound@1.0.4 OK for: side-channel-map@1.0.1 want: ^1.0.2
1351 silly placeDep ROOT anynum@1.0.1 OK for: strnum@2.4.2 want: ^1.0.1
1352 silly placeDep ROOT http-proxy-agent@5.0.0 OK for: teeny-request@9.0.0 want: ^5.0.0
1353 silly placeDep node_modules/teeny-request https-proxy-agent@5.0.1 OK for: teeny-request@9.0.0 want: ^5.0.0
1354 silly placeDep ROOT stream-events@1.0.5 OK for: teeny-request@9.0.0 want: ^1.0.5
1355 silly fetch manifest agent-base@6
1356 silly packumentCache full:https://registry.npmjs.org/agent-base cache-miss
1357 silly fetch manifest @tootallnate/once@2
1358 silly packumentCache full:https://registry.npmjs.org/@tootallnate%2fonce cache-miss
1359 silly fetch manifest agent-base@6
1360 silly packumentCache full:https://registry.npmjs.org/agent-base cache-miss
1361 silly fetch manifest stubs@^3.0.0
1362 silly packumentCache full:https://registry.npmjs.org/stubs cache-miss
1363 http cache https://registry.npmjs.org/agent-base 15ms (cache hit)
1364 silly packumentCache full:https://registry.npmjs.org/agent-base set size:72085 disposed:false
1365 http cache https://registry.npmjs.org/agent-base 17ms (cache hit)
1366 silly packumentCache full:https://registry.npmjs.org/agent-base set size:72085 disposed:false
1367 silly packumentCache full:https://registry.npmjs.org/agent-base dispose
1368 http fetch GET 200 https://registry.npmjs.org/stubs 29ms (cache miss)
1369 silly packumentCache full:https://registry.npmjs.org/stubs set size:undefined disposed:false
1370 http fetch GET 200 https://registry.npmjs.org/@tootallnate%2fonce 49ms (cache miss)
1371 silly packumentCache full:https://registry.npmjs.org/@tootallnate%2fonce set size:undefined disposed:false
1372 silly placeDep ROOT @tootallnate/once@2.0.1 OK for: http-proxy-agent@5.0.0 want: 2
1373 silly placeDep node_modules/http-proxy-agent agent-base@6.0.2 OK for: http-proxy-agent@5.0.0 want: 6
1374 silly placeDep node_modules/http-proxy-agent debug@4.4.3 OK for: http-proxy-agent@5.0.0 want: 4
1375 silly placeDep ROOT stubs@3.0.0 OK for: stream-events@1.0.5 want: ^3.0.0
1376 silly placeDep ROOT media-typer@0.3.0 OK for: type-is@1.6.18 want: 0.3.0
1377 silly fetch manifest @types/node@^18.0.0 || ^20.0.0 || >=22.0.0
1378 silly packumentCache full:https://registry.npmjs.org/@types%2fnode cache-miss
1379 http cache https://registry.npmjs.org/@types%2fnode 51ms (cache hit)
1380 silly packumentCache full:https://registry.npmjs.org/@types%2fnode set size:11088606 disposed:false
1381 silly fetch manifest jiti@>=1.21.0
1382 silly packumentCache full:https://registry.npmjs.org/jiti cache-miss
1383 http fetch GET 200 https://registry.npmjs.org/jiti 46ms (cache miss)
1384 silly packumentCache full:https://registry.npmjs.org/jiti set size:undefined disposed:false
1385 silly fetch manifest less@^4.0.0
1386 silly packumentCache full:https://registry.npmjs.org/less cache-miss
1387 http fetch GET 200 https://registry.npmjs.org/less 51ms (cache miss)
1388 silly packumentCache full:https://registry.npmjs.org/less set size:undefined disposed:false
1389 silly fetch manifest lightningcss@^1.21.0
1390 silly packumentCache full:https://registry.npmjs.org/lightningcss cache-miss
1391 http fetch GET 200 https://registry.npmjs.org/lightningcss 32ms (cache miss)
1392 silly packumentCache full:https://registry.npmjs.org/lightningcss set size:undefined disposed:false
1393 silly fetch manifest sass@^1.70.0
1394 silly packumentCache full:https://registry.npmjs.org/sass cache-miss
1395 http fetch GET 200 https://registry.npmjs.org/sass 57ms (cache miss)
1396 silly packumentCache full:https://registry.npmjs.org/sass set size:undefined disposed:false
1397 silly fetch manifest sass-embedded@^1.70.0
1398 silly packumentCache full:https://registry.npmjs.org/sass-embedded cache-miss
1399 http fetch GET 200 https://registry.npmjs.org/sass-embedded 45ms (cache miss)
1400 silly packumentCache full:https://registry.npmjs.org/sass-embedded set size:undefined disposed:false
1401 silly fetch manifest stylus@>=0.54.8
1402 silly packumentCache full:https://registry.npmjs.org/stylus cache-miss
1403 http fetch GET 200 https://registry.npmjs.org/stylus 41ms (cache miss)
1404 silly packumentCache full:https://registry.npmjs.org/stylus set size:undefined disposed:false
1405 silly fetch manifest sugarss@^5.0.0
1406 silly packumentCache full:https://registry.npmjs.org/sugarss cache-miss
1407 http fetch GET 200 https://registry.npmjs.org/sugarss 36ms (cache miss)
1408 silly packumentCache full:https://registry.npmjs.org/sugarss set size:undefined disposed:false
1409 silly fetch manifest postcss@^8.3.3
1410 silly packumentCache full:https://registry.npmjs.org/postcss cache-miss
1411 http fetch GET 200 https://registry.npmjs.org/postcss 53ms (cache miss)
1412 silly packumentCache full:https://registry.npmjs.org/postcss set size:undefined disposed:false
1413 silly fetch manifest terser@^5.16.0
1414 silly packumentCache full:https://registry.npmjs.org/terser cache-miss
1415 http fetch GET 200 https://registry.npmjs.org/terser 72ms (cache miss)
1416 silly packumentCache full:https://registry.npmjs.org/terser set size:undefined disposed:false
1417 silly fetch manifest tsx@^4.8.1
1418 silly packumentCache full:https://registry.npmjs.org/tsx cache-miss
1419 http fetch GET 200 https://registry.npmjs.org/tsx 40ms (cache miss)
1420 silly packumentCache full:https://registry.npmjs.org/tsx set size:undefined disposed:false
1421 silly fetch manifest yaml@^2.4.2
1422 silly packumentCache full:https://registry.npmjs.org/yaml cache-miss
1423 http fetch GET 200 https://registry.npmjs.org/yaml 41ms (cache miss)
1424 silly packumentCache full:https://registry.npmjs.org/yaml set size:undefined disposed:false
1425 silly fetch manifest msw@^2.4.9
1426 silly packumentCache full:https://registry.npmjs.org/msw cache-miss
1427 http fetch GET 200 https://registry.npmjs.org/msw 81ms (cache miss)
1428 silly packumentCache full:https://registry.npmjs.org/msw set size:undefined disposed:false
1429 silly fetch manifest typescript@>= 4.8.x
1430 silly packumentCache full:https://registry.npmjs.org/typescript cache-miss
1431 http cache https://registry.npmjs.org/typescript 57ms (cache hit)
1432 silly packumentCache full:https://registry.npmjs.org/typescript set size:15551629 disposed:false
1433 silly placeDep ROOT @types/chai@5.2.3 OK for: vitest@3.2.7 want: ^5.2.2
1434 silly placeDep ROOT @vitest/expect@3.2.7 OK for: vitest@3.2.7 want: 3.2.7
1435 silly placeDep ROOT @vitest/mocker@3.2.7 OK for: vitest@3.2.7 want: 3.2.7
1436 silly placeDep ROOT @vitest/pretty-format@3.2.7 OK for: vitest@3.2.7 want: ^3.2.7
1437 silly placeDep ROOT @vitest/runner@3.2.7 OK for: vitest@3.2.7 want: 3.2.7
1438 silly placeDep ROOT @vitest/snapshot@3.2.7 OK for: vitest@3.2.7 want: 3.2.7
1439 silly placeDep ROOT @vitest/spy@3.2.7 OK for: vitest@3.2.7 want: 3.2.7
1440 silly placeDep ROOT @vitest/utils@3.2.7 OK for: vitest@3.2.7 want: 3.2.7
1441 silly placeDep ROOT chai@5.3.3 OK for: vitest@3.2.7 want: ^5.2.0
1442 silly placeDep node_modules/vitest debug@4.4.3 OK for: vitest@3.2.7 want: ^4.4.1
1443 silly placeDep ROOT expect-type@1.4.0 OK for: vitest@3.2.7 want: ^1.2.1
1444 silly placeDep ROOT magic-string@0.30.21 OK for: vitest@3.2.7 want: ^0.30.17
1445 silly placeDep ROOT pathe@2.0.3 OK for: vitest@3.2.7 want: ^2.0.3
1446 silly placeDep ROOT picomatch@4.0.5 OK for: vitest@3.2.7 want: ^4.0.2
1447 silly placeDep ROOT std-env@3.10.0 OK for: vitest@3.2.7 want: ^3.9.0
1448 silly placeDep ROOT tinybench@2.9.0 OK for: vitest@3.2.7 want: ^2.9.0
1449 silly placeDep ROOT tinyexec@0.3.2 OK for: vitest@3.2.7 want: ^0.3.2
1450 silly placeDep ROOT tinyglobby@0.2.17 OK for: vitest@3.2.7 want: ^0.2.14
1451 silly placeDep ROOT tinypool@1.1.1 OK for: vitest@3.2.7 want: ^1.1.1
1452 silly placeDep ROOT tinyrainbow@2.0.0 OK for: vitest@3.2.7 want: ^2.0.0
1453 silly placeDep ROOT vite@7.3.6 OK for: vitest@3.2.7 want: ^5.0.0 || ^6.0.0 || ^7.0.0-0
1454 silly placeDep ROOT vite-node@3.2.4 OK for: vitest@3.2.7 want: 3.2.4
1455 silly placeDep ROOT why-is-node-running@2.3.0 OK for: vitest@3.2.7 want: ^2.3.0
1456 silly fetch manifest @types/deep-eql@*
1457 silly packumentCache full:https://registry.npmjs.org/@types%2fdeep-eql cache-miss
1458 silly fetch manifest assertion-error@^2.0.1
1459 silly packumentCache full:https://registry.npmjs.org/assertion-error cache-miss
1460 silly fetch manifest estree-walker@^3.0.3
1461 silly packumentCache full:https://registry.npmjs.org/estree-walker cache-miss
1462 silly fetch manifest strip-literal@^3.0.0
1463 silly packumentCache full:https://registry.npmjs.org/strip-literal cache-miss
1464 silly fetch manifest tinyspy@^4.0.3
1465 silly packumentCache full:https://registry.npmjs.org/tinyspy cache-miss
1466 silly fetch manifest loupe@^3.1.4
1467 silly packumentCache full:https://registry.npmjs.org/loupe cache-miss
1468 silly fetch manifest loupe@^3.1.0
1469 silly packumentCache full:https://registry.npmjs.org/loupe cache-miss
1470 http fetch GET 200 https://registry.npmjs.org/assertion-error 90ms (cache miss)
1471 silly packumentCache full:https://registry.npmjs.org/assertion-error set size:undefined disposed:false
1472 silly fetch manifest pathval@^2.0.0
1473 silly packumentCache full:https://registry.npmjs.org/pathval cache-miss
1474 http fetch GET 200 https://registry.npmjs.org/@types%2fdeep-eql 99ms (cache miss)
1475 silly packumentCache full:https://registry.npmjs.org/@types%2fdeep-eql set size:undefined disposed:false
1476 silly fetch manifest deep-eql@^5.0.1
1477 silly packumentCache full:https://registry.npmjs.org/deep-eql cache-miss
1478 http fetch GET 200 https://registry.npmjs.org/estree-walker 101ms (cache miss)
1479 silly packumentCache full:https://registry.npmjs.org/estree-walker set size:undefined disposed:false
1480 silly fetch manifest check-error@^2.1.1
1481 silly packumentCache full:https://registry.npmjs.org/check-error cache-miss
1482 http fetch GET 200 https://registry.npmjs.org/strip-literal 106ms (cache miss)
1483 silly packumentCache full:https://registry.npmjs.org/strip-literal set size:undefined disposed:false
1484 silly fetch manifest @jridgewell/sourcemap-codec@^1.5.5
1485 silly packumentCache full:https://registry.npmjs.org/@jridgewell%2fsourcemap-codec cache-miss
1486 http fetch GET 200 https://registry.npmjs.org/tinyspy 116ms (cache miss)
1487 silly packumentCache full:https://registry.npmjs.org/tinyspy set size:undefined disposed:false
1488 silly fetch manifest fdir@^6.5.0
1489 silly packumentCache full:https://registry.npmjs.org/fdir cache-miss
1490 http fetch GET 200 https://registry.npmjs.org/loupe 124ms (cache miss)
1491 silly packumentCache full:https://registry.npmjs.org/loupe set size:undefined disposed:false
1492 silly fetch manifest fdir@^6.5.0
1493 silly packumentCache full:https://registry.npmjs.org/fdir cache-miss
1494 http fetch GET 200 https://registry.npmjs.org/loupe 129ms (cache miss)
1495 silly packumentCache full:https://registry.npmjs.org/loupe set size:undefined disposed:false
1496 silly fetch manifest rollup@^4.43.0
1497 silly packumentCache full:https://registry.npmjs.org/rollup cache-miss
1498 http fetch GET 200 https://registry.npmjs.org/pathval 67ms (cache miss)
1499 silly packumentCache full:https://registry.npmjs.org/pathval set size:undefined disposed:false
1500 silly fetch manifest esbuild@^0.27.0 || ^0.28.0
1501 silly packumentCache full:https://registry.npmjs.org/esbuild cache-miss
1502 http fetch GET 200 https://registry.npmjs.org/deep-eql 67ms (cache miss)
1503 silly packumentCache full:https://registry.npmjs.org/deep-eql set size:undefined disposed:false
1504 silly fetch manifest postcss@^8.5.6
1505 silly packumentCache full:https://registry.npmjs.org/postcss cache-miss
1506 http fetch GET 200 https://registry.npmjs.org/@jridgewell%2fsourcemap-codec 57ms (cache miss)
1507 silly packumentCache full:https://registry.npmjs.org/@jridgewell%2fsourcemap-codec set size:undefined disposed:false
1508 silly fetch manifest fsevents@~2.3.3
1509 silly packumentCache full:https://registry.npmjs.org/fsevents cache-miss
1510 http fetch GET 200 https://registry.npmjs.org/fdir 51ms (cache miss)
1511 silly packumentCache full:https://registry.npmjs.org/fdir set size:undefined disposed:false
1512 silly fetch manifest cac@^6.7.14
1513 silly packumentCache full:https://registry.npmjs.org/cac cache-miss
1514 http fetch GET 200 https://registry.npmjs.org/fdir 67ms (cache miss)
1515 silly packumentCache full:https://registry.npmjs.org/fdir set size:undefined disposed:false
1516 silly fetch manifest es-module-lexer@^1.7.0
1517 silly packumentCache full:https://registry.npmjs.org/es-module-lexer cache-miss
1518 http cache https://registry.npmjs.org/postcss 30ms (cache hit)
1519 silly packumentCache full:https://registry.npmjs.org/postcss set size:760024 disposed:false
1520 silly fetch manifest siginfo@^2.0.0
1521 silly packumentCache full:https://registry.npmjs.org/siginfo cache-miss
1522 http fetch GET 200 https://registry.npmjs.org/fsevents 77ms (cache miss)
1523 silly packumentCache full:https://registry.npmjs.org/fsevents set size:undefined disposed:false
1524 silly fetch manifest stackback@0.0.2
1525 silly packumentCache full:https://registry.npmjs.org/stackback cache-miss
1526 http fetch GET 200 https://registry.npmjs.org/es-module-lexer 72ms (cache miss)
1527 silly packumentCache full:https://registry.npmjs.org/es-module-lexer set size:undefined disposed:false
1528 http fetch GET 200 https://registry.npmjs.org/siginfo 102ms (cache miss)
1529 silly packumentCache full:https://registry.npmjs.org/siginfo set size:undefined disposed:false
1530 http fetch GET 200 https://registry.npmjs.org/check-error 210ms (cache miss)
1531 silly packumentCache full:https://registry.npmjs.org/check-error set size:undefined disposed:false
1532 http fetch GET 200 https://registry.npmjs.org/stackback 62ms (cache miss)
1533 silly packumentCache full:https://registry.npmjs.org/stackback set size:undefined disposed:false
1534 http fetch GET 200 https://registry.npmjs.org/esbuild 176ms (cache miss)
1535 silly packumentCache full:https://registry.npmjs.org/esbuild set size:undefined disposed:false
1536 http fetch GET 200 https://registry.npmjs.org/cac 194ms (cache miss)
1537 silly packumentCache full:https://registry.npmjs.org/cac set size:undefined disposed:false
1538 http fetch GET 200 https://registry.npmjs.org/rollup 295ms (cache miss)
1539 silly packumentCache full:https://registry.npmjs.org/rollup set size:undefined disposed:false
1540 silly placeDep ROOT @types/deep-eql@4.0.2 OK for: @types/chai@5.2.3 want: *
1541 silly placeDep ROOT assertion-error@2.0.1 OK for: @types/chai@5.2.3 want: ^2.0.1
1542 silly placeDep ROOT estree-walker@3.0.3 OK for: @vitest/mocker@3.2.7 want: ^3.0.3
1543 silly fetch manifest @types/estree@^1.0.0
1544 silly packumentCache full:https://registry.npmjs.org/@types%2festree cache-miss
1545 http fetch GET 200 https://registry.npmjs.org/@types%2festree 38ms (cache miss)
1546 silly packumentCache full:https://registry.npmjs.org/@types%2festree set size:undefined disposed:false
1547 silly placeDep ROOT strip-literal@3.1.0 OK for: @vitest/runner@3.2.7 want: ^3.0.0
1548 silly fetch manifest js-tokens@^9.0.1
1549 silly packumentCache full:https://registry.npmjs.org/js-tokens cache-miss
1550 http fetch GET 200 https://registry.npmjs.org/js-tokens 31ms (cache miss)
1551 silly packumentCache full:https://registry.npmjs.org/js-tokens set size:undefined disposed:false
1552 silly placeDep ROOT tinyspy@4.0.4 OK for: @vitest/spy@3.2.7 want: ^4.0.3
1553 silly placeDep ROOT loupe@3.2.1 OK for: @vitest/utils@3.2.7 want: ^3.1.4
1554 silly placeDep ROOT check-error@2.1.3 OK for: chai@5.3.3 want: ^2.1.1
1555 silly placeDep ROOT deep-eql@5.0.2 OK for: chai@5.3.3 want: ^5.0.1
1556 silly placeDep ROOT pathval@2.0.1 OK for: chai@5.3.3 want: ^2.0.0
1557 silly placeDep ROOT @types/estree@1.0.9 OK for: estree-walker@3.0.3 want: ^1.0.0
1558 silly placeDep ROOT @jridgewell/sourcemap-codec@1.5.5 OK for: magic-string@0.30.21 want: ^1.5.5
1559 silly placeDep ROOT js-tokens@9.0.1 OK for: strip-literal@3.1.0 want: ^9.0.1
1560 silly fetch manifest picomatch@^4.0.4
1561 silly packumentCache full:https://registry.npmjs.org/picomatch cache-miss
1562 http cache https://registry.npmjs.org/picomatch 11ms (cache hit)
1563 silly packumentCache full:https://registry.npmjs.org/picomatch set size:128942 disposed:false
1564 silly placeDep ROOT fdir@6.5.0 OK for: tinyglobby@0.2.17 want: ^6.5.0
1565 silly placeDep ROOT esbuild@0.28.2 OK for: vite@7.3.6 want: ^0.27.0 || ^0.28.0
1566 silly placeDep ROOT fsevents@2.3.3 OK for: vite@7.3.6 want: ~2.3.3
1567 silly placeDep ROOT postcss@8.5.26 OK for: vite@7.3.6 want: ^8.5.6
1568 silly placeDep ROOT rollup@4.62.4 OK for: vite@7.3.6 want: ^4.43.0
1569 silly fetch manifest @esbuild/aix-ppc64@0.28.2
1570 silly packumentCache full:https://registry.npmjs.org/@esbuild%2faix-ppc64 cache-miss
1571 silly fetch manifest @esbuild/linux-arm@0.28.2
1572 silly packumentCache full:https://registry.npmjs.org/@esbuild%2flinux-arm cache-miss
1573 silly fetch manifest @esbuild/linux-x64@0.28.2
1574 silly packumentCache full:https://registry.npmjs.org/@esbuild%2flinux-x64 cache-miss
1575 silly fetch manifest @esbuild/sunos-x64@0.28.2
1576 silly packumentCache full:https://registry.npmjs.org/@esbuild%2fsunos-x64 cache-miss
1577 silly fetch manifest @esbuild/win32-x64@0.28.2
1578 silly packumentCache full:https://registry.npmjs.org/@esbuild%2fwin32-x64 cache-miss
1579 silly fetch manifest @esbuild/darwin-x64@0.28.2
1580 silly packumentCache full:https://registry.npmjs.org/@esbuild%2fdarwin-x64 cache-miss
1581 silly fetch manifest @esbuild/linux-ia32@0.28.2
1582 silly packumentCache full:https://registry.npmjs.org/@esbuild%2flinux-ia32 cache-miss
1583 http fetch GET 200 https://registry.npmjs.org/@esbuild%2faix-ppc64 58ms (cache miss)
1584 silly packumentCache full:https://registry.npmjs.org/@esbuild%2faix-ppc64 set size:undefined disposed:false
1585 silly fetch manifest @esbuild/netbsd-x64@0.28.2
1586 silly packumentCache full:https://registry.npmjs.org/@esbuild%2fnetbsd-x64 cache-miss
1587 http fetch GET 200 https://registry.npmjs.org/@esbuild%2flinux-x64 69ms (cache miss)
1588 silly packumentCache full:https://registry.npmjs.org/@esbuild%2flinux-x64 set size:undefined disposed:false
1589 silly fetch manifest @esbuild/win32-ia32@0.28.2
1590 silly packumentCache full:https://registry.npmjs.org/@esbuild%2fwin32-ia32 cache-miss
1591 http fetch GET 200 https://registry.npmjs.org/@esbuild%2fwin32-x64 89ms (cache miss)
1592 silly packumentCache full:https://registry.npmjs.org/@esbuild%2fwin32-x64 set size:undefined disposed:false
1593 silly fetch manifest @esbuild/android-arm@0.28.2
1594 silly packumentCache full:https://registry.npmjs.org/@esbuild%2fandroid-arm cache-miss
1595 http fetch GET 200 https://registry.npmjs.org/@esbuild%2fdarwin-x64 101ms (cache miss)
1596 silly packumentCache full:https://registry.npmjs.org/@esbuild%2fdarwin-x64 set size:undefined disposed:false
1597 silly fetch manifest @esbuild/android-x64@0.28.2
1598 silly packumentCache full:https://registry.npmjs.org/@esbuild%2fandroid-x64 cache-miss
1599 http fetch GET 200 https://registry.npmjs.org/@esbuild%2flinux-arm 106ms (cache miss)
1600 silly packumentCache full:https://registry.npmjs.org/@esbuild%2flinux-arm set size:undefined disposed:false
1601 silly fetch manifest @esbuild/freebsd-x64@0.28.2
1602 silly packumentCache full:https://registry.npmjs.org/@esbuild%2ffreebsd-x64 cache-miss
1603 http fetch GET 200 https://registry.npmjs.org/@esbuild%2fsunos-x64 114ms (cache miss)
1604 silly packumentCache full:https://registry.npmjs.org/@esbuild%2fsunos-x64 set size:undefined disposed:false
1605 silly fetch manifest @esbuild/linux-arm64@0.28.2
1606 silly packumentCache full:https://registry.npmjs.org/@esbuild%2flinux-arm64 cache-miss
1607 http fetch GET 200 https://registry.npmjs.org/@esbuild%2flinux-ia32 118ms (cache miss)
1608 silly packumentCache full:https://registry.npmjs.org/@esbuild%2flinux-ia32 set size:undefined disposed:false
1609 silly fetch manifest @esbuild/linux-ppc64@0.28.2
1610 silly packumentCache full:https://registry.npmjs.org/@esbuild%2flinux-ppc64 cache-miss
1611 http fetch GET 200 https://registry.npmjs.org/@esbuild%2fnetbsd-x64 84ms (cache miss)
1612 silly packumentCache full:https://registry.npmjs.org/@esbuild%2fnetbsd-x64 set size:undefined disposed:false
1613 silly fetch manifest @esbuild/linux-s390x@0.28.2
1614 silly packumentCache full:https://registry.npmjs.org/@esbuild%2flinux-s390x cache-miss
1615 http fetch GET 200 https://registry.npmjs.org/@esbuild%2fwin32-ia32 77ms (cache miss)
1616 silly packumentCache full:https://registry.npmjs.org/@esbuild%2fwin32-ia32 set size:undefined disposed:false
1617 silly fetch manifest @esbuild/openbsd-x64@0.28.2
1618 silly packumentCache full:https://registry.npmjs.org/@esbuild%2fopenbsd-x64 cache-miss
1619 http fetch GET 200 https://registry.npmjs.org/@esbuild%2fandroid-arm 81ms (cache miss)
1620 silly packumentCache full:https://registry.npmjs.org/@esbuild%2fandroid-arm set size:undefined disposed:false
1621 silly fetch manifest @esbuild/win32-arm64@0.28.2
1622 silly packumentCache full:https://registry.npmjs.org/@esbuild%2fwin32-arm64 cache-miss
1623 http fetch GET 200 https://registry.npmjs.org/@esbuild%2flinux-ppc64 62ms (cache miss)
1624 silly packumentCache full:https://registry.npmjs.org/@esbuild%2flinux-ppc64 set size:undefined disposed:false
1625 silly fetch manifest @esbuild/darwin-arm64@0.28.2
1626 silly packumentCache full:https://registry.npmjs.org/@esbuild%2fdarwin-arm64 cache-miss
1627 http fetch GET 200 https://registry.npmjs.org/@esbuild%2fandroid-x64 84ms (cache miss)
1628 silly packumentCache full:https://registry.npmjs.org/@esbuild%2fandroid-x64 set size:undefined disposed:false
1629 silly fetch manifest @esbuild/netbsd-arm64@0.28.2
1630 silly packumentCache full:https://registry.npmjs.org/@esbuild%2fnetbsd-arm64 cache-miss
1631 http fetch GET 200 https://registry.npmjs.org/@esbuild%2ffreebsd-x64 91ms (cache miss)
1632 silly packumentCache full:https://registry.npmjs.org/@esbuild%2ffreebsd-x64 set size:undefined disposed:false
1633 silly fetch manifest @esbuild/android-arm64@0.28.2
1634 silly packumentCache full:https://registry.npmjs.org/@esbuild%2fandroid-arm64 cache-miss
1635 http fetch GET 200 https://registry.npmjs.org/@esbuild%2flinux-s390x 73ms (cache miss)
1636 silly packumentCache full:https://registry.npmjs.org/@esbuild%2flinux-s390x set size:undefined disposed:false
1637 silly fetch manifest @esbuild/freebsd-arm64@0.28.2
1638 silly packumentCache full:https://registry.npmjs.org/@esbuild%2ffreebsd-arm64 cache-miss
1639 http fetch GET 200 https://registry.npmjs.org/@esbuild%2fopenbsd-x64 76ms (cache miss)
1640 silly packumentCache full:https://registry.npmjs.org/@esbuild%2fopenbsd-x64 set size:undefined disposed:false
1641 silly fetch manifest @esbuild/linux-loong64@0.28.2
1642 silly packumentCache full:https://registry.npmjs.org/@esbuild%2flinux-loong64 cache-miss
1643 http fetch GET 200 https://registry.npmjs.org/@esbuild%2fnetbsd-arm64 65ms (cache miss)
1644 silly packumentCache full:https://registry.npmjs.org/@esbuild%2fnetbsd-arm64 set size:undefined disposed:false
1645 silly fetch manifest @esbuild/linux-riscv64@0.28.2
1646 silly packumentCache full:https://registry.npmjs.org/@esbuild%2flinux-riscv64 cache-miss
1647 http fetch GET 200 https://registry.npmjs.org/@esbuild%2fdarwin-arm64 101ms (cache miss)
1648 silly packumentCache full:https://registry.npmjs.org/@esbuild%2fdarwin-arm64 set size:undefined disposed:false
1649 silly fetch manifest @esbuild/openbsd-arm64@0.28.2
1650 silly packumentCache full:https://registry.npmjs.org/@esbuild%2fopenbsd-arm64 cache-miss
1651 http fetch GET 200 https://registry.npmjs.org/@esbuild%2fandroid-arm64 93ms (cache miss)
1652 silly packumentCache full:https://registry.npmjs.org/@esbuild%2fandroid-arm64 set size:undefined disposed:false
1653 silly fetch manifest @esbuild/linux-mips64el@0.28.2
1654 silly packumentCache full:https://registry.npmjs.org/@esbuild%2flinux-mips64el cache-miss
1655 http fetch GET 200 https://registry.npmjs.org/@esbuild%2fwin32-arm64 120ms (cache miss)
1656 silly packumentCache full:https://registry.npmjs.org/@esbuild%2fwin32-arm64 set size:undefined disposed:false
1657 silly fetch manifest @esbuild/openharmony-arm64@0.28.2
1658 silly packumentCache full:https://registry.npmjs.org/@esbuild%2fopenharmony-arm64 cache-miss
1659 http fetch GET 200 https://registry.npmjs.org/@esbuild%2ffreebsd-arm64 99ms (cache miss)
1660 silly packumentCache full:https://registry.npmjs.org/@esbuild%2ffreebsd-arm64 set size:undefined disposed:false
1661 silly fetch manifest nanoid@^3.3.17
1662 silly packumentCache full:https://registry.npmjs.org/nanoid cache-miss
1663 http fetch GET 200 https://registry.npmjs.org/@esbuild%2flinux-loong64 100ms (cache miss)
1664 silly packumentCache full:https://registry.npmjs.org/@esbuild%2flinux-loong64 set size:undefined disposed:false
1665 silly fetch manifest picocolors@^1.1.1
1666 silly packumentCache full:https://registry.npmjs.org/picocolors cache-miss
1667 http fetch GET 200 https://registry.npmjs.org/@esbuild%2flinux-riscv64 83ms (cache miss)
1668 silly packumentCache full:https://registry.npmjs.org/@esbuild%2flinux-riscv64 set size:undefined disposed:false
1669 silly fetch manifest source-map-js@^1.2.1
1670 silly packumentCache full:https://registry.npmjs.org/source-map-js cache-miss
1671 http fetch GET 200 https://registry.npmjs.org/@esbuild%2flinux-arm64 235ms (cache miss)
1672 silly packumentCache full:https://registry.npmjs.org/@esbuild%2flinux-arm64 set size:undefined disposed:false
1673 silly fetch manifest @rollup/rollup-darwin-x64@4.62.4
1674 silly packumentCache full:https://registry.npmjs.org/@rollup%2frollup-darwin-x64 cache-miss
1675 http fetch GET 200 https://registry.npmjs.org/@esbuild%2fopenbsd-arm64 88ms (cache miss)
1676 silly packumentCache full:https://registry.npmjs.org/@esbuild%2fopenbsd-arm64 set size:undefined disposed:false
1677 silly fetch manifest @rollup/rollup-freebsd-x64@4.62.4
1678 silly packumentCache full:https://registry.npmjs.org/@rollup%2frollup-freebsd-x64 cache-miss
1679 http fetch GET 200 https://registry.npmjs.org/@esbuild%2fopenharmony-arm64 83ms (cache miss)
1680 silly packumentCache full:https://registry.npmjs.org/@esbuild%2fopenharmony-arm64 set size:undefined disposed:false
1681 silly fetch manifest @rollup/rollup-openbsd-x64@4.62.4
1682 silly packumentCache full:https://registry.npmjs.org/@rollup%2frollup-openbsd-x64 cache-miss
1683 http fetch GET 200 https://registry.npmjs.org/picocolors 56ms (cache miss)
1684 silly packumentCache full:https://registry.npmjs.org/picocolors set size:undefined disposed:false
1685 silly fetch manifest @napi-rs/lzma-linux-x64-gnu@1.5.1
1686 silly packumentCache full:https://registry.npmjs.org/@napi-rs%2flzma-linux-x64-gnu cache-miss
1687 http fetch GET 200 https://registry.npmjs.org/@esbuild%2flinux-mips64el 101ms (cache miss)
1688 silly packumentCache full:https://registry.npmjs.org/@esbuild%2flinux-mips64el set size:undefined disposed:false
1689 silly fetch manifest @rollup/rollup-darwin-arm64@4.62.4
1690 silly packumentCache full:https://registry.npmjs.org/@rollup%2frollup-darwin-arm64 cache-miss
1691 http fetch GET 200 https://registry.npmjs.org/source-map-js 59ms (cache miss)
1692 silly packumentCache full:https://registry.npmjs.org/source-map-js set size:undefined disposed:false
1693 silly fetch manifest @rollup/rollup-android-arm64@4.62.4
1694 silly packumentCache full:https://registry.npmjs.org/@rollup%2frollup-android-arm64 cache-miss
1695 http fetch GET 200 https://registry.npmjs.org/nanoid 84ms (cache miss)
1696 silly packumentCache full:https://registry.npmjs.org/nanoid set size:undefined disposed:false
1697 silly fetch manifest @rollup/rollup-freebsd-arm64@4.62.4
1698 silly packumentCache full:https://registry.npmjs.org/@rollup%2frollup-freebsd-arm64 cache-miss
1699 http fetch GET 200 https://registry.npmjs.org/@rollup%2frollup-openbsd-x64 51ms (cache miss)
1700 silly packumentCache full:https://registry.npmjs.org/@rollup%2frollup-openbsd-x64 set size:undefined disposed:false
1701 silly fetch manifest @rollup/rollup-linux-x64-gnu@4.62.4
1702 silly packumentCache full:https://registry.npmjs.org/@rollup%2frollup-linux-x64-gnu cache-miss
1703 http fetch GET 200 https://registry.npmjs.org/@rollup%2frollup-freebsd-x64 63ms (cache miss)
1704 silly packumentCache full:https://registry.npmjs.org/@rollup%2frollup-freebsd-x64 set size:undefined disposed:false
1705 silly fetch manifest @rollup/rollup-win32-x64-gnu@4.62.4
1706 silly packumentCache full:https://registry.npmjs.org/@rollup%2frollup-win32-x64-gnu cache-miss
1707 http fetch GET 200 https://registry.npmjs.org/@napi-rs%2flzma-linux-x64-gnu 65ms (cache miss)
1708 silly packumentCache full:https://registry.npmjs.org/@napi-rs%2flzma-linux-x64-gnu set size:undefined disposed:false
1709 silly fetch manifest @rollup/rollup-linux-x64-musl@4.62.4
1710 silly packumentCache full:https://registry.npmjs.org/@rollup%2frollup-linux-x64-musl cache-miss
1711 http fetch GET 200 https://registry.npmjs.org/@rollup%2frollup-freebsd-arm64 55ms (cache miss)
1712 silly packumentCache full:https://registry.npmjs.org/@rollup%2frollup-freebsd-arm64 set size:undefined disposed:false
1713 silly fetch manifest @rollup/rollup-win32-x64-msvc@4.62.4
1714 silly packumentCache full:https://registry.npmjs.org/@rollup%2frollup-win32-x64-msvc cache-miss
1715 http fetch GET 200 https://registry.npmjs.org/@rollup%2frollup-darwin-arm64 82ms (cache miss)
1716 silly packumentCache full:https://registry.npmjs.org/@rollup%2frollup-darwin-arm64 set size:undefined disposed:false
1717 silly fetch manifest @rollup/rollup-linux-arm64-gnu@4.62.4
1718 silly packumentCache full:https://registry.npmjs.org/@rollup%2frollup-linux-arm64-gnu cache-miss
1719 http fetch GET 200 https://registry.npmjs.org/@rollup%2frollup-win32-x64-gnu 56ms (cache miss)
1720 silly packumentCache full:https://registry.npmjs.org/@rollup%2frollup-win32-x64-gnu set size:undefined disposed:false
1721 silly fetch manifest @rollup/rollup-linux-ppc64-gnu@4.62.4
1722 silly packumentCache full:https://registry.npmjs.org/@rollup%2frollup-linux-ppc64-gnu cache-miss
1723 http fetch GET 200 https://registry.npmjs.org/@rollup%2frollup-linux-x64-gnu 72ms (cache miss)
1724 silly packumentCache full:https://registry.npmjs.org/@rollup%2frollup-linux-x64-gnu set size:undefined disposed:false
1725 silly fetch manifest @rollup/rollup-linux-s390x-gnu@4.62.4
1726 silly packumentCache full:https://registry.npmjs.org/@rollup%2frollup-linux-s390x-gnu cache-miss
1727 http fetch GET 200 https://registry.npmjs.org/@rollup%2frollup-win32-x64-msvc 58ms (cache miss)
1728 silly packumentCache full:https://registry.npmjs.org/@rollup%2frollup-win32-x64-msvc set size:undefined disposed:false
1729 silly fetch manifest @rollup/rollup-win32-ia32-msvc@4.62.4
1730 silly packumentCache full:https://registry.npmjs.org/@rollup%2frollup-win32-ia32-msvc cache-miss
1731 http fetch GET 200 https://registry.npmjs.org/@rollup%2frollup-linux-arm64-gnu 70ms (cache miss)
1732 silly packumentCache full:https://registry.npmjs.org/@rollup%2frollup-linux-arm64-gnu set size:undefined disposed:false
1733 silly fetch manifest @rollup/rollup-android-arm-eabi@4.62.4
1734 silly packumentCache full:https://registry.npmjs.org/@rollup%2frollup-android-arm-eabi cache-miss
1735 http fetch GET 200 https://registry.npmjs.org/@rollup%2frollup-linux-ppc64-gnu 60ms (cache miss)
1736 silly packumentCache full:https://registry.npmjs.org/@rollup%2frollup-linux-ppc64-gnu set size:undefined disposed:false
1737 silly fetch manifest @rollup/rollup-linux-arm64-musl@4.62.4
1738 silly packumentCache full:https://registry.npmjs.org/@rollup%2frollup-linux-arm64-musl cache-miss
1739 http fetch GET 200 https://registry.npmjs.org/@rollup%2frollup-darwin-x64 224ms (cache miss)
1740 silly packumentCache full:https://registry.npmjs.org/@rollup%2frollup-darwin-x64 set size:undefined disposed:false
1741 silly fetch manifest @rollup/rollup-linux-ppc64-musl@4.62.4
1742 silly packumentCache full:https://registry.npmjs.org/@rollup%2frollup-linux-ppc64-musl cache-miss
1743 http fetch GET 200 https://registry.npmjs.org/@rollup%2frollup-linux-s390x-gnu 86ms (cache miss)
1744 silly packumentCache full:https://registry.npmjs.org/@rollup%2frollup-linux-s390x-gnu set size:undefined disposed:false
1745 silly fetch manifest @rollup/rollup-win32-arm64-msvc@4.62.4
1746 silly packumentCache full:https://registry.npmjs.org/@rollup%2frollup-win32-arm64-msvc cache-miss
1747 http fetch GET 200 https://registry.npmjs.org/@rollup%2frollup-win32-ia32-msvc 95ms (cache miss)
1748 silly packumentCache full:https://registry.npmjs.org/@rollup%2frollup-win32-ia32-msvc set size:undefined disposed:false
1749 silly fetch manifest @rollup/rollup-linux-loong64-gnu@4.62.4
1750 silly packumentCache full:https://registry.npmjs.org/@rollup%2frollup-linux-loong64-gnu cache-miss
1751 http fetch GET 200 https://registry.npmjs.org/@rollup%2frollup-android-arm64 246ms (cache miss)
1752 silly packumentCache full:https://registry.npmjs.org/@rollup%2frollup-android-arm64 set size:undefined disposed:false
1753 silly fetch manifest @rollup/rollup-linux-riscv64-gnu@4.62.4
1754 silly packumentCache full:https://registry.npmjs.org/@rollup%2frollup-linux-riscv64-gnu cache-miss
1755 http fetch GET 200 https://registry.npmjs.org/@rollup%2frollup-linux-ppc64-musl 79ms (cache miss)
1756 silly packumentCache full:https://registry.npmjs.org/@rollup%2frollup-linux-ppc64-musl set size:undefined disposed:false
1757 silly fetch manifest @rollup/rollup-openharmony-arm64@4.62.4
1758 silly packumentCache full:https://registry.npmjs.org/@rollup%2frollup-openharmony-arm64 cache-miss
1759 http fetch GET 200 https://registry.npmjs.org/@rollup%2frollup-linux-arm64-musl 97ms (cache miss)
1760 silly packumentCache full:https://registry.npmjs.org/@rollup%2frollup-linux-arm64-musl set size:undefined disposed:false
1761 silly fetch manifest @rollup/rollup-linux-loong64-musl@4.62.4
1762 silly packumentCache full:https://registry.npmjs.org/@rollup%2frollup-linux-loong64-musl cache-miss
1763 http fetch GET 200 https://registry.npmjs.org/@rollup%2frollup-android-arm-eabi 121ms (cache miss)
1764 silly packumentCache full:https://registry.npmjs.org/@rollup%2frollup-android-arm-eabi set size:undefined disposed:false
1765 silly fetch manifest @rollup/rollup-linux-riscv64-musl@4.62.4
1766 silly packumentCache full:https://registry.npmjs.org/@rollup%2frollup-linux-riscv64-musl cache-miss
1767 http fetch GET 200 https://registry.npmjs.org/@rollup%2frollup-win32-arm64-msvc 108ms (cache miss)
1768 silly packumentCache full:https://registry.npmjs.org/@rollup%2frollup-win32-arm64-msvc set size:undefined disposed:false
1769 silly fetch manifest @rollup/rollup-linux-arm-gnueabihf@4.62.4
1770 silly packumentCache full:https://registry.npmjs.org/@rollup%2frollup-linux-arm-gnueabihf cache-miss
1771 http fetch GET 200 https://registry.npmjs.org/@rollup%2frollup-linux-x64-musl 268ms (cache miss)
1772 silly packumentCache full:https://registry.npmjs.org/@rollup%2frollup-linux-x64-musl set size:undefined disposed:false
1773 silly fetch manifest @rollup/rollup-linux-arm-musleabihf@4.62.4
1774 silly packumentCache full:https://registry.npmjs.org/@rollup%2frollup-linux-arm-musleabihf cache-miss
1775 http fetch GET 200 https://registry.npmjs.org/@rollup%2frollup-linux-loong64-gnu 91ms (cache miss)
1776 silly packumentCache full:https://registry.npmjs.org/@rollup%2frollup-linux-loong64-gnu set size:undefined disposed:false
1777 http fetch GET 200 https://registry.npmjs.org/@rollup%2frollup-linux-riscv64-gnu 91ms (cache miss)
1778 silly packumentCache full:https://registry.npmjs.org/@rollup%2frollup-linux-riscv64-gnu set size:undefined disposed:false
1779 http fetch GET 200 https://registry.npmjs.org/@rollup%2frollup-linux-loong64-musl 79ms (cache miss)
1780 silly packumentCache full:https://registry.npmjs.org/@rollup%2frollup-linux-loong64-musl set size:undefined disposed:false
1781 http fetch GET 200 https://registry.npmjs.org/@rollup%2frollup-openharmony-arm64 90ms (cache miss)
1782 silly packumentCache full:https://registry.npmjs.org/@rollup%2frollup-openharmony-arm64 set size:undefined disposed:false
1783 http fetch GET 200 https://registry.npmjs.org/@rollup%2frollup-linux-riscv64-musl 73ms (cache miss)
1784 silly packumentCache full:https://registry.npmjs.org/@rollup%2frollup-linux-riscv64-musl set size:undefined disposed:false
1785 http fetch GET 200 https://registry.npmjs.org/@rollup%2frollup-linux-arm-gnueabihf 93ms (cache miss)
1786 silly packumentCache full:https://registry.npmjs.org/@rollup%2frollup-linux-arm-gnueabihf set size:undefined disposed:false
1787 http fetch GET 200 https://registry.npmjs.org/@rollup%2frollup-linux-arm-musleabihf 195ms (cache miss)
1788 silly packumentCache full:https://registry.npmjs.org/@rollup%2frollup-linux-arm-musleabihf set size:undefined disposed:false
1789 silly placeDep ROOT @esbuild/aix-ppc64@0.28.2 OK for: esbuild@0.28.2 want: 0.28.2
1790 silly placeDep ROOT @esbuild/android-arm@0.28.2 OK for: esbuild@0.28.2 want: 0.28.2
1791 silly placeDep ROOT @esbuild/android-arm64@0.28.2 OK for: esbuild@0.28.2 want: 0.28.2
1792 silly placeDep ROOT @esbuild/android-x64@0.28.2 OK for: esbuild@0.28.2 want: 0.28.2
1793 silly placeDep ROOT @esbuild/darwin-arm64@0.28.2 OK for: esbuild@0.28.2 want: 0.28.2
1794 silly placeDep ROOT @esbuild/darwin-x64@0.28.2 OK for: esbuild@0.28.2 want: 0.28.2
1795 silly placeDep ROOT @esbuild/freebsd-arm64@0.28.2 OK for: esbuild@0.28.2 want: 0.28.2
1796 silly placeDep ROOT @esbuild/freebsd-x64@0.28.2 OK for: esbuild@0.28.2 want: 0.28.2
1797 silly placeDep ROOT @esbuild/linux-arm@0.28.2 OK for: esbuild@0.28.2 want: 0.28.2
1798 silly placeDep ROOT @esbuild/linux-arm64@0.28.2 OK for: esbuild@0.28.2 want: 0.28.2
1799 silly placeDep ROOT @esbuild/linux-ia32@0.28.2 OK for: esbuild@0.28.2 want: 0.28.2
1800 silly placeDep ROOT @esbuild/linux-loong64@0.28.2 OK for: esbuild@0.28.2 want: 0.28.2
1801 silly placeDep ROOT @esbuild/linux-mips64el@0.28.2 OK for: esbuild@0.28.2 want: 0.28.2
1802 silly placeDep ROOT @esbuild/linux-ppc64@0.28.2 OK for: esbuild@0.28.2 want: 0.28.2
1803 silly placeDep ROOT @esbuild/linux-riscv64@0.28.2 OK for: esbuild@0.28.2 want: 0.28.2
1804 silly placeDep ROOT @esbuild/linux-s390x@0.28.2 OK for: esbuild@0.28.2 want: 0.28.2
1805 silly placeDep ROOT @esbuild/linux-x64@0.28.2 OK for: esbuild@0.28.2 want: 0.28.2
1806 silly placeDep ROOT @esbuild/netbsd-arm64@0.28.2 OK for: esbuild@0.28.2 want: 0.28.2
1807 silly placeDep ROOT @esbuild/netbsd-x64@0.28.2 OK for: esbuild@0.28.2 want: 0.28.2
1808 silly placeDep ROOT @esbuild/openbsd-arm64@0.28.2 OK for: esbuild@0.28.2 want: 0.28.2
1809 silly placeDep ROOT @esbuild/openbsd-x64@0.28.2 OK for: esbuild@0.28.2 want: 0.28.2
1810 silly placeDep ROOT @esbuild/openharmony-arm64@0.28.2 OK for: esbuild@0.28.2 want: 0.28.2
1811 silly placeDep ROOT @esbuild/sunos-x64@0.28.2 OK for: esbuild@0.28.2 want: 0.28.2
1812 silly placeDep ROOT @esbuild/win32-arm64@0.28.2 OK for: esbuild@0.28.2 want: 0.28.2
1813 silly placeDep ROOT @esbuild/win32-ia32@0.28.2 OK for: esbuild@0.28.2 want: 0.28.2
1814 silly placeDep ROOT @esbuild/win32-x64@0.28.2 OK for: esbuild@0.28.2 want: 0.28.2
1815 silly placeDep ROOT nanoid@3.3.18 OK for: postcss@8.5.26 want: ^3.3.17
1816 silly placeDep ROOT picocolors@1.1.1 OK for: postcss@8.5.26 want: ^1.1.1
1817 silly placeDep ROOT source-map-js@1.2.1 OK for: postcss@8.5.26 want: ^1.2.1
1818 silly placeDep ROOT @napi-rs/lzma-linux-x64-gnu@1.5.1 OK for: rollup@4.62.4 want: 1.5.1
1819 silly placeDep ROOT @rollup/rollup-android-arm-eabi@4.62.4 OK for: rollup@4.62.4 want: 4.62.4
1820 silly placeDep ROOT @rollup/rollup-android-arm64@4.62.4 OK for: rollup@4.62.4 want: 4.62.4
1821 silly placeDep ROOT @rollup/rollup-darwin-arm64@4.62.4 OK for: rollup@4.62.4 want: 4.62.4
1822 silly placeDep ROOT @rollup/rollup-darwin-x64@4.62.4 OK for: rollup@4.62.4 want: 4.62.4
1823 silly placeDep ROOT @rollup/rollup-freebsd-arm64@4.62.4 OK for: rollup@4.62.4 want: 4.62.4
1824 silly placeDep ROOT @rollup/rollup-freebsd-x64@4.62.4 OK for: rollup@4.62.4 want: 4.62.4
1825 silly placeDep ROOT @rollup/rollup-linux-arm-gnueabihf@4.62.4 OK for: rollup@4.62.4 want: 4.62.4
1826 silly placeDep ROOT @rollup/rollup-linux-arm-musleabihf@4.62.4 OK for: rollup@4.62.4 want: 4.62.4
1827 silly placeDep ROOT @rollup/rollup-linux-arm64-gnu@4.62.4 OK for: rollup@4.62.4 want: 4.62.4
1828 silly placeDep ROOT @rollup/rollup-linux-arm64-musl@4.62.4 OK for: rollup@4.62.4 want: 4.62.4
1829 silly placeDep ROOT @rollup/rollup-linux-loong64-gnu@4.62.4 OK for: rollup@4.62.4 want: 4.62.4
1830 silly placeDep ROOT @rollup/rollup-linux-loong64-musl@4.62.4 OK for: rollup@4.62.4 want: 4.62.4
1831 silly placeDep ROOT @rollup/rollup-linux-ppc64-gnu@4.62.4 OK for: rollup@4.62.4 want: 4.62.4
1832 silly placeDep ROOT @rollup/rollup-linux-ppc64-musl@4.62.4 OK for: rollup@4.62.4 want: 4.62.4
1833 silly placeDep ROOT @rollup/rollup-linux-riscv64-gnu@4.62.4 OK for: rollup@4.62.4 want: 4.62.4
1834 silly placeDep ROOT @rollup/rollup-linux-riscv64-musl@4.62.4 OK for: rollup@4.62.4 want: 4.62.4
1835 silly placeDep ROOT @rollup/rollup-linux-s390x-gnu@4.62.4 OK for: rollup@4.62.4 want: 4.62.4
1836 silly placeDep ROOT @rollup/rollup-linux-x64-gnu@4.62.4 OK for: rollup@4.62.4 want: 4.62.4
1837 silly placeDep ROOT @rollup/rollup-linux-x64-musl@4.62.4 OK for: rollup@4.62.4 want: 4.62.4
1838 silly placeDep ROOT @rollup/rollup-openbsd-x64@4.62.4 OK for: rollup@4.62.4 want: 4.62.4
1839 silly placeDep ROOT @rollup/rollup-openharmony-arm64@4.62.4 OK for: rollup@4.62.4 want: 4.62.4
1840 silly placeDep ROOT @rollup/rollup-win32-arm64-msvc@4.62.4 OK for: rollup@4.62.4 want: 4.62.4
1841 silly placeDep ROOT @rollup/rollup-win32-ia32-msvc@4.62.4 OK for: rollup@4.62.4 want: 4.62.4
1842 silly placeDep ROOT @rollup/rollup-win32-x64-gnu@4.62.4 OK for: rollup@4.62.4 want: 4.62.4
1843 silly placeDep ROOT @rollup/rollup-win32-x64-msvc@4.62.4 OK for: rollup@4.62.4 want: 4.62.4
1844 silly placeDep ROOT cac@6.7.14 OK for: vite-node@3.2.4 want: ^6.7.14
1845 silly placeDep node_modules/vite-node debug@4.4.3 OK for: vite-node@3.2.4 want: ^4.4.1
1846 silly placeDep ROOT es-module-lexer@1.7.0 OK for: vite-node@3.2.4 want: ^1.7.0
1847 silly placeDep ROOT http-parser-js@0.5.10 OK for: websocket-driver@0.7.5 want: >=0.5.1
1848 silly placeDep ROOT websocket-extensions@0.1.4 OK for: websocket-driver@0.7.5 want: >=0.1.1
1849 silly placeDep ROOT tr46@0.0.3 OK for: whatwg-url@5.0.0 want: ~0.0.3
1850 silly placeDep ROOT webidl-conversions@3.0.1 OK for: whatwg-url@5.0.0 want: ^3.0.0
1851 silly placeDep ROOT siginfo@2.0.0 OK for: why-is-node-running@2.3.0 want: ^2.0.0
1852 silly placeDep ROOT stackback@0.0.2 OK for: why-is-node-running@2.3.0 want: 0.0.2
1853 silly placeDep ROOT cliui@8.0.1 OK for: yargs@17.7.3 want: ^8.0.1
1854 silly placeDep ROOT escalade@3.2.0 OK for: yargs@17.7.3 want: ^3.1.1
1855 silly placeDep ROOT get-caller-file@2.0.5 OK for: yargs@17.7.3 want: ^2.0.5
1856 silly placeDep ROOT require-directory@2.1.1 OK for: yargs@17.7.3 want: ^2.1.1
1857 silly placeDep ROOT string-width@4.2.3 OK for: yargs@17.7.3 want: ^4.2.3
1858 silly placeDep ROOT y18n@5.0.8 OK for: yargs@17.7.3 want: ^5.0.5
1859 silly placeDep ROOT yargs-parser@21.1.1 OK for: yargs@17.7.3 want: ^21.1.1
1860 silly fetch manifest wrap-ansi@^7.0.0
1861 silly packumentCache full:https://registry.npmjs.org/wrap-ansi cache-miss
1862 silly fetch manifest strip-ansi@^6.0.1
1863 silly packumentCache full:https://registry.npmjs.org/strip-ansi cache-miss
1864 silly fetch manifest string-width@^4.2.0
1865 silly packumentCache full:https://registry.npmjs.org/string-width cache-miss
1866 silly fetch manifest strip-ansi@^6.0.1
1867 silly packumentCache full:https://registry.npmjs.org/strip-ansi cache-miss
1868 silly fetch manifest emoji-regex@^8.0.0
1869 silly packumentCache full:https://registry.npmjs.org/emoji-regex cache-miss
1870 silly fetch manifest is-fullwidth-code-point@^3.0.0
1871 silly packumentCache full:https://registry.npmjs.org/is-fullwidth-code-point cache-miss
1872 http cache https://registry.npmjs.org/string-width 22ms (cache hit)
1873 silly packumentCache full:https://registry.npmjs.org/string-width set size:72458 disposed:false
1874 http fetch GET 200 https://registry.npmjs.org/strip-ansi 49ms (cache miss)
1875 silly packumentCache full:https://registry.npmjs.org/strip-ansi set size:undefined disposed:false
1876 http fetch GET 200 https://registry.npmjs.org/is-fullwidth-code-point 50ms (cache miss)
1877 silly packumentCache full:https://registry.npmjs.org/is-fullwidth-code-point set size:undefined disposed:false
1878 http fetch GET 200 https://registry.npmjs.org/strip-ansi 56ms (cache miss)
1879 silly packumentCache full:https://registry.npmjs.org/strip-ansi set size:undefined disposed:false
1880 http fetch GET 200 https://registry.npmjs.org/wrap-ansi 60ms (cache miss)
1881 silly packumentCache full:https://registry.npmjs.org/wrap-ansi set size:undefined disposed:false
1882 http fetch GET 200 https://registry.npmjs.org/emoji-regex 62ms (cache miss)
1883 silly packumentCache full:https://registry.npmjs.org/emoji-regex set size:undefined disposed:false
1884 silly placeDep ROOT strip-ansi@6.0.1 OK for: cliui@8.0.1 want: ^6.0.1
1885 silly placeDep ROOT wrap-ansi@7.0.0 OK for: cliui@8.0.1 want: ^7.0.0
1886 silly fetch manifest ansi-regex@^5.0.1
1887 silly packumentCache full:https://registry.npmjs.org/ansi-regex cache-miss
1888 silly fetch manifest ansi-styles@^4.0.0
1889 silly packumentCache full:https://registry.npmjs.org/ansi-styles cache-miss
1890 http fetch GET 200 https://registry.npmjs.org/ansi-styles 40ms (cache miss)
1891 silly packumentCache full:https://registry.npmjs.org/ansi-styles set size:undefined disposed:false
1892 http fetch GET 200 https://registry.npmjs.org/ansi-regex 43ms (cache miss)
1893 silly packumentCache full:https://registry.npmjs.org/ansi-regex set size:undefined disposed:false
1894 silly placeDep ROOT emoji-regex@8.0.0 OK for: string-width@4.2.3 want: ^8.0.0
1895 silly placeDep ROOT is-fullwidth-code-point@3.0.0 OK for: string-width@4.2.3 want: ^3.0.0
1896 silly placeDep ROOT ansi-regex@5.0.1 OK for: strip-ansi@6.0.1 want: ^5.0.1
1897 silly placeDep ROOT ansi-styles@4.3.0 OK for: wrap-ansi@7.0.0 want: ^4.0.0
1898 silly fetch manifest color-convert@^2.0.1
1899 silly packumentCache full:https://registry.npmjs.org/color-convert cache-miss
1900 http fetch GET 200 https://registry.npmjs.org/color-convert 32ms (cache miss)
1901 silly packumentCache full:https://registry.npmjs.org/color-convert set size:undefined disposed:false
1902 silly placeDep ROOT color-convert@2.0.1 OK for: ansi-styles@4.3.0 want: ^2.0.1
1903 silly fetch manifest color-name@~1.1.4
1904 silly packumentCache full:https://registry.npmjs.org/color-name cache-miss
1905 http fetch GET 200 https://registry.npmjs.org/color-name 29ms (cache miss)
1906 silly packumentCache full:https://registry.npmjs.org/color-name set size:undefined disposed:false
1907 silly placeDep ROOT color-name@1.1.4 OK for: color-convert@2.0.1 want: ~1.1.4
1908 silly placeDep node_modules/@google-cloud/storage gcp-metadata@6.1.1 OK for: google-auth-library@9.15.1 want: ^6.1.0
1909 silly placeDep ROOT gtoken@7.1.0 OK for: google-auth-library@9.15.1 want: ^7.0.0
1910 silly fetch manifest google-logging-utils@^0.0.2
1911 silly packumentCache full:https://registry.npmjs.org/google-logging-utils cache-hit
1912 silly placeDep node_modules/@google-cloud/storage google-logging-utils@0.0.2 OK for: gcp-metadata@6.1.1 want: ^0.0.2
1913 silly placeDep ROOT @types/mime@1.3.5 OK for: @types/send@0.17.6 want: ^1
1914 silly placeDep node_modules/gcp-metadata node-fetch@3.3.2 OK for: gaxios@7.3.1 want: ^3.3.2
1915 silly fetch manifest data-uri-to-buffer@^4.0.0
1916 silly packumentCache full:https://registry.npmjs.org/data-uri-to-buffer cache-miss
1917 silly fetch manifest fetch-blob@^3.1.4
1918 silly packumentCache full:https://registry.npmjs.org/fetch-blob cache-miss
1919 silly fetch manifest formdata-polyfill@^4.0.10
1920 silly packumentCache full:https://registry.npmjs.org/formdata-polyfill cache-miss
1921 http fetch GET 200 https://registry.npmjs.org/data-uri-to-buffer 42ms (cache miss)
1922 silly packumentCache full:https://registry.npmjs.org/data-uri-to-buffer set size:undefined disposed:false
1923 http fetch GET 200 https://registry.npmjs.org/fetch-blob 46ms (cache miss)
1924 silly packumentCache full:https://registry.npmjs.org/fetch-blob set size:undefined disposed:false
1925 http fetch GET 200 https://registry.npmjs.org/formdata-polyfill 48ms (cache miss)
1926 silly packumentCache full:https://registry.npmjs.org/formdata-polyfill set size:undefined disposed:false
1927 silly placeDep ROOT data-uri-to-buffer@4.0.1 OK for: node-fetch@3.3.2 want: ^4.0.0
1928 silly placeDep ROOT fetch-blob@3.2.0 OK for: node-fetch@3.3.2 want: ^3.1.4
1929 silly placeDep ROOT formdata-polyfill@4.0.10 OK for: node-fetch@3.3.2 want: ^4.0.10
1930 silly fetch manifest node-domexception@^1.0.0
1931 silly packumentCache full:https://registry.npmjs.org/node-domexception cache-miss
1932 silly fetch manifest web-streams-polyfill@^3.0.3
1933 silly packumentCache full:https://registry.npmjs.org/web-streams-polyfill cache-miss
1934 http fetch GET 200 https://registry.npmjs.org/node-domexception 36ms (cache miss)
1935 silly packumentCache full:https://registry.npmjs.org/node-domexception set size:undefined disposed:false
1936 http fetch GET 200 https://registry.npmjs.org/web-streams-polyfill 51ms (cache miss)
1937 silly packumentCache full:https://registry.npmjs.org/web-streams-polyfill set size:undefined disposed:false
1938 silly placeDep ROOT node-domexception@1.0.0 OK for: fetch-blob@3.2.0 want: ^1.0.0
1939 silly placeDep ROOT web-streams-polyfill@3.3.3 OK for: fetch-blob@3.2.0 want: ^3.0.3
1940 silly placeDep node_modules/google-auth-library node-fetch@3.3.2 OK for: gaxios@7.3.1 want: ^3.3.2
1941 silly placeDep node_modules/google-gax gcp-metadata@6.1.1 OK for: google-auth-library@9.15.1 want: ^6.1.0
1942 silly placeDep node_modules/google-gax google-logging-utils@0.0.2 OK for: gcp-metadata@6.1.1 want: ^0.0.2
1943 silly placeDep node_modules/http-proxy-agent ms@2.1.3 OK for: debug@4.4.3 want: ^2.1.3
1944 silly placeDep node_modules/https-proxy-agent ms@2.1.3 OK for: debug@4.4.3 want: ^2.1.3
1945 silly placeDep node_modules/jwks-rsa ms@2.1.3 OK for: debug@4.4.3 want: ^2.1.3
1946 silly placeDep node_modules/teeny-request agent-base@6.0.2 OK for: https-proxy-agent@5.0.1 want: 6
1947 silly placeDep node_modules/teeny-request debug@4.4.3 OK for: https-proxy-agent@5.0.1 want: 4
1948 silly placeDep node_modules/teeny-request ms@2.1.3 OK for: debug@4.4.3 want: ^2.1.3
1949 silly placeDep node_modules/vite-node ms@2.1.3 OK for: debug@4.4.3 want: ^2.1.3
1950 silly placeDep node_modules/vitest ms@2.1.3 OK for: debug@4.4.3 want: ^2.1.3
1951 warn EBADENGINE Unsupported engine {
1951 warn EBADENGINE   package: undefined,
1951 warn EBADENGINE   required: { node: '22' },
1951 warn EBADENGINE   current: { node: 'v24.15.0', npm: '11.12.1' }
1951 warn EBADENGINE }
1952 silly reify moves {}
1953 silly audit bulk request {
1953 silly audit   '@types/node': [ '22.20.1' ],
1953 silly audit   'firebase-admin': [ '13.10.0' ],
1953 silly audit   'firebase-functions': [ '6.6.0' ],
1953 silly audit   typescript: [ '5.9.3' ],
1953 silly audit   vitest: [ '3.2.7' ],
1953 silly audit   'undici-types': [ '6.21.0' ],
1953 silly audit   '@fastify/busboy': [ '3.2.1' ],
1953 silly audit   '@firebase/database-compat': [ '2.1.6' ],
1953 silly audit   '@firebase/database-types': [ '1.0.21' ],
1953 silly audit   '@google-cloud/firestore': [ '7.11.6' ],
1953 silly audit   '@google-cloud/storage': [ '7.22.0' ],
1953 silly audit   'farmhash-modern': [ '1.1.0' ],
1953 silly audit   'fast-deep-equal': [ '3.1.3' ],
1953 silly audit   'google-auth-library': [ '10.9.1', '9.15.1' ],
1953 silly audit   jsonwebtoken: [ '9.0.3' ],
1953 silly audit   'jwks-rsa': [ '3.2.2' ],
1953 silly audit   '@firebase/component': [ '0.7.4' ],
1953 silly audit   '@firebase/database': [ '1.1.4' ],
1953 silly audit   '@firebase/logger': [ '0.5.1' ],
1953 silly audit   '@firebase/util': [ '1.15.2' ],
1953 silly audit   tslib: [ '2.8.1' ],
1953 silly audit   '@firebase/app-check-interop-types': [ '0.3.4' ],
1953 silly audit   '@firebase/auth-interop-types': [ '0.2.5' ],
1953 silly audit   'faye-websocket': [ '0.11.4' ],
1953 silly audit   '@firebase/app-types': [ '0.9.5' ],
1953 silly audit   '@opentelemetry/api': [ '1.9.1' ],
1953 silly audit   'functional-red-black-tree': [ '1.0.1' ],
1953 silly audit   'google-gax': [ '4.6.1' ],
1953 silly audit   protobufjs: [ '7.6.5' ],
1953 silly audit   '@google-cloud/paginator': [ '5.0.2' ],
1953 silly audit   '@google-cloud/projectify': [ '4.0.0' ],
1953 silly audit   '@google-cloud/promisify': [ '4.0.0' ],
1953 silly audit   'abort-controller': [ '3.0.0' ],
1953 silly audit   'async-retry': [ '1.3.3' ],
1953 silly audit   duplexify: [ '4.1.3' ],
1953 silly audit   'fast-xml-parser': [ '5.10.1' ],
1953 silly audit   gaxios: [ '6.7.1', '7.3.1' ],
1953 silly audit   'html-entities': [ '2.6.0' ],
1953 silly audit   mime: [ '3.0.0', '1.6.0' ],
1953 silly audit   'p-limit': [ '3.1.0' ],
1953 silly audit   'retry-request': [ '7.0.2' ],
1953 silly audit   'teeny-request': [ '9.0.0' ],
1953 silly audit   arrify: [ '2.0.1' ],
1953 silly audit   extend: [ '3.0.2' ],
1953 silly audit   'event-target-shim': [ '5.0.1' ],
1953 silly audit   retry: [ '0.13.1' ],
1953 silly audit   'end-of-stream': [ '1.4.5' ],
1953 silly audit   inherits: [ '2.0.4' ],
1953 silly audit   'readable-stream': [ '3.6.2' ],
1953 silly audit   'stream-shift': [ '1.0.3' ],
1953 silly audit   once: [ '1.4.0' ],
1953 silly audit   '@nodable/entities': [ '3.0.0' ],
1953 silly audit   'fast-xml-builder': [ '1.3.1' ],
1953 silly audit   'is-unsafe': [ '2.0.0' ],
1953 silly audit   'path-expression-matcher': [ '1.6.2' ],
1953 silly audit   strnum: [ '2.4.2' ],
1953 silly audit   'xml-naming': [ '0.3.0' ],
1953 silly audit   'websocket-driver': [ '0.7.5' ],
1953 silly audit   '@types/cors': [ '2.8.19' ],
1953 silly audit   '@types/express': [ '4.17.25' ],
1953 silly audit   cors: [ '2.8.6' ],
1953 silly audit   express: [ '4.22.2' ],
1953 silly audit   '@types/body-parser': [ '1.19.6' ],
1953 silly audit   '@types/express-serve-static-core': [ '4.19.9' ],
1953 silly audit   '@types/qs': [ '6.15.1' ],
1953 silly audit   '@types/serve-static': [ '1.15.10' ],
1953 silly audit   '@types/connect': [ '3.4.38' ],
1953 silly audit   '@types/range-parser': [ '1.2.7' ],
1953 silly audit   '@types/send': [ '1.2.1', '0.17.6' ],
1953 silly audit   '@types/http-errors': [ '2.0.5' ],
1953 silly audit   'object-assign': [ '4.1.1' ],
1953 silly audit   vary: [ '1.1.2' ],
1953 silly audit   accepts: [ '1.3.8' ],
1953 silly audit   'array-flatten': [ '1.1.1' ],
1953 silly audit   'body-parser': [ '1.20.6' ],
1953 silly audit   'content-disposition': [ '0.5.4' ],
1953 silly audit   'content-type': [ '1.0.5' ],
1953 silly audit   cookie: [ '0.7.2' ],
1953 silly audit   'cookie-signature': [ '1.0.7' ],
1953 silly audit   debug: [ '2.6.9', '4.4.3' ],
1953 silly audit   depd: [ '2.0.0' ],
1953 silly audit   encodeurl: [ '2.0.0' ],
1953 silly audit   'escape-html': [ '1.0.3' ],
1953 silly audit   etag: [ '1.8.1' ],
1953 silly audit   finalhandler: [ '1.3.2' ],
1953 silly audit   fresh: [ '0.5.2' ],
1953 silly audit   'http-errors': [ '2.0.1' ],
1953 silly audit   'merge-descriptors': [ '1.0.3' ],
1953 silly audit   methods: [ '1.1.2' ],
1953 silly audit   'on-finished': [ '2.4.1' ],
1953 silly audit   parseurl: [ '1.3.3' ],
1953 silly audit   'path-to-regexp': [ '0.1.13' ],
1953 silly audit   'proxy-addr': [ '2.0.7' ],
1953 silly audit   qs: [ '6.15.3' ],
1953 silly audit   'range-parser': [ '1.2.1' ],
1953 silly audit   'safe-buffer': [ '5.2.1' ],
1953 silly audit   send: [ '0.19.2' ],
1953 silly audit   'serve-static': [ '1.16.3' ],
1953 silly audit   setprototypeof: [ '1.2.0' ],
1953 silly audit   statuses: [ '2.0.2' ],
1953 silly audit   'type-is': [ '1.6.18' ],
1953 silly audit   'utils-merge': [ '1.0.1' ],
1953 silly audit   'mime-types': [ '2.1.35' ],
1953 silly audit   negotiator: [ '0.6.3' ],
1953 silly audit   bytes: [ '3.1.2' ],
1953 silly audit   destroy: [ '1.2.0' ],
1953 silly audit   'iconv-lite': [ '0.4.24' ],
1953 silly audit   'raw-body': [ '2.5.3' ],
1953 silly audit   unpipe: [ '1.0.0' ],
1953 silly audit   ms: [ '2.0.0', '2.1.3' ],
1953 silly audit   'https-proxy-agent': [ '7.0.6', '5.0.1' ],
1953 silly audit   'is-stream': [ '2.0.1' ],
1953 silly audit   'node-fetch': [ '2.7.0', '3.3.2' ],
1953 silly audit   uuid: [ '9.0.1' ],
1953 silly audit   'base64-js': [ '1.5.1' ],
1953 silly audit   'ecdsa-sig-formatter': [ '1.0.11' ],
1953 silly audit   'gcp-metadata': [ '8.1.2', '6.1.1' ],
1953 silly audit   'google-logging-utils': [ '1.1.3', '0.0.2' ],
1953 silly audit   jws: [ '4.0.1' ],
1953 silly audit   'json-bigint': [ '1.0.0' ],
1953 silly audit   '@grpc/grpc-js': [ '1.14.4' ],
1953 silly audit   '@grpc/proto-loader': [ '0.7.15', '0.8.1' ],
1953 silly audit   '@types/long': [ '4.0.2' ],
1953 silly audit   'object-hash': [ '3.0.0' ],
1953 silly audit   'proto3-json-serializer': [ '2.0.2' ],
1953 silly audit   '@js-sdsl/ordered-map': [ '4.4.2' ],
1953 silly audit   'lodash.camelcase': [ '4.3.0' ],
1953 silly audit   long: [ '5.3.2' ],
1953 silly audit   yargs: [ '17.7.3' ],
1953 silly audit   toidentifier: [ '1.0.1' ],
1953 silly audit   'agent-base': [ '7.1.4', '6.0.2' ],
1953 silly audit   'safer-buffer': [ '2.1.2' ],
1953 silly audit   'bignumber.js': [ '9.3.1' ],
1953 silly audit   'lodash.includes': [ '4.3.0' ],
1953 silly audit   'lodash.isboolean': [ '3.0.3' ],
1953 silly audit   'lodash.isinteger': [ '4.0.4' ],
1953 silly audit   'lodash.isnumber': [ '3.0.3' ],
1953 silly audit   'lodash.isplainobject': [ '4.0.6' ],
1953 silly audit   'lodash.isstring': [ '4.0.1' ],
1953 silly audit   'lodash.once': [ '4.1.1' ],
1953 silly audit   semver: [ '7.8.5' ],
1953 silly audit   '@types/jsonwebtoken': [ '9.0.10' ],
1953 silly audit   jose: [ '4.15.9' ],
1953 silly audit   limiter: [ '1.1.5' ],
1953 silly audit   'lru-memoizer': [ '2.3.0' ],
1953 silly audit   '@types/ms': [ '2.1.0' ],
1953 silly audit   jwa: [ '2.0.1' ],
1953 silly audit   'buffer-equal-constant-time': [ '1.0.1' ],
1953 silly audit   'lodash.clonedeep': [ '4.5.0' ],
1953 silly audit   'lru-cache': [ '6.0.0' ],
1953 silly audit   yallist: [ '4.0.0' ],
1953 silly audit   'mime-db': [ '1.52.0' ],
1953 silly audit   'whatwg-url': [ '5.0.0' ],
1953 silly audit   'ee-first': [ '1.1.1' ],
1953 silly audit   wrappy: [ '1.0.2' ],
1953 silly audit   'yocto-queue': [ '0.1.0' ],
1953 silly audit   '@protobufjs/aspromise': [ '1.1.2' ],
1953 silly audit   '@protobufjs/base64': [ '1.1.2' ],
1953 silly audit   '@protobufjs/codegen': [ '2.0.5' ],
1953 silly audit   '@protobufjs/eventemitter': [ '1.1.1' ],
1953 silly audit   '@protobufjs/fetch': [ '1.1.1' ],
1953 silly audit   '@protobufjs/float': [ '1.0.2' ],
1953 silly audit   '@protobufjs/path': [ '1.1.2' ],
1953 silly audit   '@protobufjs/pool': [ '1.1.0' ],
1953 silly audit   '@protobufjs/utf8': [ '1.1.2' ],
1953 silly audit   forwarded: [ '0.2.0' ],
1953 silly audit   'ipaddr.js': [ '1.9.1' ],
1953 silly audit   'es-define-property': [ '1.0.1' ],
1953 silly audit   'side-channel': [ '1.1.1' ],
1953 silly audit   string_decoder: [ '1.3.0' ],
1953 silly audit   'util-deprecate': [ '1.0.2' ],
1953 silly audit   '@types/request': [ '2.48.13' ],
1953 silly audit   '@types/caseless': [ '0.12.5' ],
1953 silly audit   '@types/tough-cookie': [ '4.0.5' ],
1953 silly audit   'form-data': [ '2.5.6' ],
1953 silly audit   asynckit: [ '0.4.0' ],
1953 silly audit   'combined-stream': [ '1.0.8' ],
1953 silly audit   'es-set-tostringtag': [ '2.1.0' ],
1953 silly audit   hasown: [ '2.0.4' ],
1953 silly audit   'delayed-stream': [ '1.0.0' ],
1953 silly audit   'es-errors': [ '1.3.0' ],
1953 silly audit   'get-intrinsic': [ '1.3.0' ],
1953 silly audit   'has-tostringtag': [ '1.0.2' ],
1953 silly audit   'call-bind-apply-helpers': [ '1.0.2' ],
1953 silly audit   'es-object-atoms': [ '1.1.2' ],
1953 silly audit   'function-bind': [ '1.1.2' ],
1953 silly audit   'get-proto': [ '1.0.1' ],
1953 silly audit   gopd: [ '1.2.0' ],
1953 silly audit   'has-symbols': [ '1.1.0' ],
1953 silly audit   'math-intrinsics': [ '1.1.0' ],
1953 silly audit   'dunder-proto': [ '1.0.1' ],
1953 silly audit   'object-inspect': [ '1.13.4' ],
1953 silly audit   'side-channel-list': [ '1.0.1' ],
1953 silly audit   'side-channel-map': [ '1.0.1' ],
1953 silly audit   'side-channel-weakmap': [ '1.0.2' ],
1953 silly audit   'call-bound': [ '1.0.4' ],
1953 silly audit   anynum: [ '1.0.1' ],
1953 silly audit   'http-proxy-agent': [ '5.0.0' ],
1953 silly audit   'stream-events': [ '1.0.5' ],
1953 silly audit   '@tootallnate/once': [ '2.0.1' ],
1953 silly audit   stubs: [ '3.0.0' ],
1953 silly audit   'media-typer': [ '0.3.0' ],
1953 silly audit   '@types/chai': [ '5.2.3' ],
1953 silly audit   '@vitest/expect': [ '3.2.7' ],
1953 silly audit   '@vitest/mocker': [ '3.2.7' ],
1953 silly audit   '@vitest/pretty-format': [ '3.2.7' ],
1953 silly audit   '@vitest/runner': [ '3.2.7' ],
1953 silly audit   '@vitest/snapshot': [ '3.2.7' ],
1953 silly audit   '@vitest/spy': [ '3.2.7' ],
1953 silly audit   '@vitest/utils': [ '3.2.7' ],
1953 silly audit   chai: [ '5.3.3' ],
1953 silly audit   'expect-type': [ '1.4.0' ],
1953 silly audit   'magic-string': [ '0.30.21' ],
1953 silly audit   pathe: [ '2.0.3' ],
1953 silly audit   picomatch: [ '4.0.5' ],
1953 silly audit   'std-env': [ '3.10.0' ],
1953 silly audit   tinybench: [ '2.9.0' ],
1953 silly audit   tinyexec: [ '0.3.2' ],
1953 silly audit   tinyglobby: [ '0.2.17' ],
1953 silly audit   tinypool: [ '1.1.1' ],
1953 silly audit   tinyrainbow: [ '2.0.0' ],
1953 silly audit   vite: [ '7.3.6' ],
1953 silly audit   'vite-node': [ '3.2.4' ],
1953 silly audit   'why-is-node-running': [ '2.3.0' ],
1953 silly audit   '@types/deep-eql': [ '4.0.2' ],
1953 silly audit   'assertion-error': [ '2.0.1' ],
1953 silly audit   'estree-walker': [ '3.0.3' ],
1953 silly audit   'strip-literal': [ '3.1.0' ],
1953 silly audit   tinyspy: [ '4.0.4' ],
1953 silly audit   loupe: [ '3.2.1' ],
1953 silly audit   'check-error': [ '2.1.3' ],
1953 silly audit   'deep-eql': [ '5.0.2' ],
1953 silly audit   pathval: [ '2.0.1' ],
1953 silly audit   '@types/estree': [ '1.0.9' ],
1953 silly audit   '@jridgewell/sourcemap-codec': [ '1.5.5' ],
1953 silly audit   'js-tokens': [ '9.0.1' ],
1953 silly audit   fdir: [ '6.5.0' ],
1953 silly audit   esbuild: [ '0.28.2' ],
1953 silly audit   fsevents: [ '2.3.3' ],
1953 silly audit   postcss: [ '8.5.26' ],
1953 silly audit   rollup: [ '4.62.4' ],
1953 silly audit   '@esbuild/aix-ppc64': [ '0.28.2' ],
1953 silly audit   '@esbuild/android-arm': [ '0.28.2' ],
1953 silly audit   '@esbuild/android-arm64': [ '0.28.2' ],
1953 silly audit   '@esbuild/android-x64': [ '0.28.2' ],
1953 silly audit   '@esbuild/darwin-arm64': [ '0.28.2' ],
1953 silly audit   '@esbuild/darwin-x64': [ '0.28.2' ],
1953 silly audit   '@esbuild/freebsd-arm64': [ '0.28.2' ],
1953 silly audit   '@esbuild/freebsd-x64': [ '0.28.2' ],
1953 silly audit   '@esbuild/linux-arm': [ '0.28.2' ],
1953 silly audit   '@esbuild/linux-arm64': [ '0.28.2' ],
1953 silly audit   '@esbuild/linux-ia32': [ '0.28.2' ],
1953 silly audit   '@esbuild/linux-loong64': [ '0.28.2' ],
1953 silly audit   '@esbuild/linux-mips64el': [ '0.28.2' ],
1953 silly audit   '@esbuild/linux-ppc64': [ '0.28.2' ],
1953 silly audit   '@esbuild/linux-riscv64': [ '0.28.2' ],
1953 silly audit   '@esbuild/linux-s390x': [ '0.28.2' ],
1953 silly audit   '@esbuild/linux-x64': [ '0.28.2' ],
1953 silly audit   '@esbuild/netbsd-arm64': [ '0.28.2' ],
1953 silly audit   '@esbuild/netbsd-x64': [ '0.28.2' ],
1953 silly audit   '@esbuild/openbsd-arm64': [ '0.28.2' ],
1953 silly audit   '@esbuild/openbsd-x64': [ '0.28.2' ],
1953 silly audit   '@esbuild/openharmony-arm64': [ '0.28.2' ],
1953 silly audit   '@esbuild/sunos-x64': [ '0.28.2' ],
1953 silly audit   '@esbuild/win32-arm64': [ '0.28.2' ],
1953 silly audit   '@esbuild/win32-ia32': [ '0.28.2' ],
1953 silly audit   '@esbuild/win32-x64': [ '0.28.2' ],
1953 silly audit   nanoid: [ '3.3.18' ],
1953 silly audit   picocolors: [ '1.1.1' ],
1953 silly audit   'source-map-js': [ '1.2.1' ],
1953 silly audit   '@napi-rs/lzma-linux-x64-gnu': [ '1.5.1' ],
1953 silly audit   '@rollup/rollup-android-arm-eabi': [ '4.62.4' ],
1953 silly audit   '@rollup/rollup-android-arm64': [ '4.62.4' ],
1953 silly audit   '@rollup/rollup-darwin-arm64': [ '4.62.4' ],
1953 silly audit   '@rollup/rollup-darwin-x64': [ '4.62.4' ],
1953 silly audit   '@rollup/rollup-freebsd-arm64': [ '4.62.4' ],
1953 silly audit   '@rollup/rollup-freebsd-x64': [ '4.62.4' ],
1953 silly audit   '@rollup/rollup-linux-arm-gnueabihf': [ '4.62.4' ],
1953 silly audit   '@rollup/rollup-linux-arm-musleabihf': [ '4.62.4' ],
1953 silly audit   '@rollup/rollup-linux-arm64-gnu': [ '4.62.4' ],
1953 silly audit   '@rollup/rollup-linux-arm64-musl': [ '4.62.4' ],
1953 silly audit   '@rollup/rollup-linux-loong64-gnu': [ '4.62.4' ],
1953 silly audit   '@rollup/rollup-linux-loong64-musl': [ '4.62.4' ],
1953 silly audit   '@rollup/rollup-linux-ppc64-gnu': [ '4.62.4' ],
1953 silly audit   '@rollup/rollup-linux-ppc64-musl': [ '4.62.4' ],
1953 silly audit   '@rollup/rollup-linux-riscv64-gnu': [ '4.62.4' ],
1953 silly audit   '@rollup/rollup-linux-riscv64-musl': [ '4.62.4' ],
1953 silly audit   '@rollup/rollup-linux-s390x-gnu': [ '4.62.4' ],
1953 silly audit   '@rollup/rollup-linux-x64-gnu': [ '4.62.4' ],
1953 silly audit   '@rollup/rollup-linux-x64-musl': [ '4.62.4' ],
1953 silly audit   '@rollup/rollup-openbsd-x64': [ '4.62.4' ],
1953 silly audit   '@rollup/rollup-openharmony-arm64': [ '4.62.4' ],
1953 silly audit   '@rollup/rollup-win32-arm64-msvc': [ '4.62.4' ],
1953 silly audit   '@rollup/rollup-win32-ia32-msvc': [ '4.62.4' ],
1953 silly audit   '@rollup/rollup-win32-x64-gnu': [ '4.62.4' ],
1953 silly audit   '@rollup/rollup-win32-x64-msvc': [ '4.62.4' ],
1953 silly audit   cac: [ '6.7.14' ],
1953 silly audit   'es-module-lexer': [ '1.7.0' ],
1953 silly audit   'http-parser-js': [ '0.5.10' ],
1953 silly audit   'websocket-extensions': [ '0.1.4' ],
1953 silly audit   tr46: [ '0.0.3' ],
1953 silly audit   'webidl-conversions': [ '3.0.1' ],
1953 silly audit   siginfo: [ '2.0.0' ],
1953 silly audit   stackback: [ '0.0.2' ],
1953 silly audit   cliui: [ '8.0.1' ],
1953 silly audit   escalade: [ '3.2.0' ],
1953 silly audit   'get-caller-file': [ '2.0.5' ],
1953 silly audit   'require-directory': [ '2.1.1' ],
1953 silly audit   'string-width': [ '4.2.3' ],
1953 silly audit   y18n: [ '5.0.8' ],
1953 silly audit   'yargs-parser': [ '21.1.1' ],
1953 silly audit   'strip-ansi': [ '6.0.1' ],
1953 silly audit   'wrap-ansi': [ '7.0.0' ],
1953 silly audit   'emoji-regex': [ '8.0.0' ],
1953 silly audit   'is-fullwidth-code-point': [ '3.0.0' ],
1953 silly audit   'ansi-regex': [ '5.0.1' ],
1953 silly audit   'ansi-styles': [ '4.3.0' ],
1953 silly audit   'color-convert': [ '2.0.1' ],
1953 silly audit   'color-name': [ '1.1.4' ],
1953 silly audit   gtoken: [ '7.1.0' ],
1953 silly audit   '@types/mime': [ '1.3.5' ],
1953 silly audit   'data-uri-to-buffer': [ '4.0.1' ],
1953 silly audit   'fetch-blob': [ '3.2.0' ],
1953 silly audit   'formdata-polyfill': [ '4.0.10' ],
1953 silly audit   'node-domexception': [ '1.0.0' ],
1953 silly audit   'web-streams-polyfill': [ '3.3.3' ]
1953 silly audit }
1954 http cache node-domexception@https://registry.npmjs.org/node-domexception/-/node-domexception-1.0.0.tgz 0ms (cache hit)
1955 http cache web-streams-polyfill@https://registry.npmjs.org/web-streams-polyfill/-/web-streams-polyfill-3.3.3.tgz 0ms (cache hit)
1956 http cache formdata-polyfill@https://registry.npmjs.org/formdata-polyfill/-/formdata-polyfill-4.0.10.tgz 0ms (cache hit)
1957 http cache fetch-blob@https://registry.npmjs.org/fetch-blob/-/fetch-blob-3.2.0.tgz 0ms (cache hit)
1958 http cache data-uri-to-buffer@https://registry.npmjs.org/data-uri-to-buffer/-/data-uri-to-buffer-4.0.1.tgz 0ms (cache hit)
1959 http cache @types/mime@https://registry.npmjs.org/@types/mime/-/mime-1.3.5.tgz 0ms (cache hit)
1960 http cache gtoken@https://registry.npmjs.org/gtoken/-/gtoken-7.1.0.tgz 0ms (cache hit)
1961 http cache color-convert@https://registry.npmjs.org/color-convert/-/color-convert-2.0.1.tgz 0ms (cache hit)
1962 http cache ansi-styles@https://registry.npmjs.org/ansi-styles/-/ansi-styles-4.3.0.tgz 0ms (cache hit)
1963 http cache color-name@https://registry.npmjs.org/color-name/-/color-name-1.1.4.tgz 0ms (cache hit)
1964 http cache is-fullwidth-code-point@https://registry.npmjs.org/is-fullwidth-code-point/-/is-fullwidth-code-point-3.0.0.tgz 0ms (cache hit)
1965 http cache ansi-regex@https://registry.npmjs.org/ansi-regex/-/ansi-regex-5.0.1.tgz 0ms (cache hit)
1966 http cache emoji-regex@https://registry.npmjs.org/emoji-regex/-/emoji-regex-8.0.0.tgz 0ms (cache hit)
1967 http cache strip-ansi@https://registry.npmjs.org/strip-ansi/-/strip-ansi-6.0.1.tgz 0ms (cache hit)
1968 http cache wrap-ansi@https://registry.npmjs.org/wrap-ansi/-/wrap-ansi-7.0.0.tgz 0ms (cache hit)
1969 http cache y18n@https://registry.npmjs.org/y18n/-/y18n-5.0.8.tgz 0ms (cache hit)
1970 http cache yargs-parser@https://registry.npmjs.org/yargs-parser/-/yargs-parser-21.1.1.tgz 0ms (cache hit)
1971 http cache string-width@https://registry.npmjs.org/string-width/-/string-width-4.2.3.tgz 0ms (cache hit)
1972 http cache require-directory@https://registry.npmjs.org/require-directory/-/require-directory-2.1.1.tgz 0ms (cache hit)
1973 http cache get-caller-file@https://registry.npmjs.org/get-caller-file/-/get-caller-file-2.0.5.tgz 0ms (cache hit)
1974 http cache escalade@https://registry.npmjs.org/escalade/-/escalade-3.2.0.tgz 0ms (cache hit)
1975 http cache cliui@https://registry.npmjs.org/cliui/-/cliui-8.0.1.tgz 0ms (cache hit)
1976 http cache siginfo@https://registry.npmjs.org/siginfo/-/siginfo-2.0.0.tgz 0ms (cache hit)
1977 http cache stackback@https://registry.npmjs.org/stackback/-/stackback-0.0.2.tgz 0ms (cache hit)
1978 http cache webidl-conversions@https://registry.npmjs.org/webidl-conversions/-/webidl-conversions-3.0.1.tgz 0ms (cache hit)
1979 http cache tr46@https://registry.npmjs.org/tr46/-/tr46-0.0.3.tgz 0ms (cache hit)
1980 http cache websocket-extensions@https://registry.npmjs.org/websocket-extensions/-/websocket-extensions-0.1.4.tgz 0ms (cache hit)
1981 http cache http-parser-js@https://registry.npmjs.org/http-parser-js/-/http-parser-js-0.5.10.tgz 0ms (cache hit)
1982 http cache es-module-lexer@https://registry.npmjs.org/es-module-lexer/-/es-module-lexer-1.7.0.tgz 0ms (cache hit)
1983 http cache cac@https://registry.npmjs.org/cac/-/cac-6.7.14.tgz 0ms (cache hit)
1984 http cache @rollup/rollup-win32-x64-msvc@https://registry.npmjs.org/@rollup/rollup-win32-x64-msvc/-/rollup-win32-x64-msvc-4.62.4.tgz 0ms (cache hit)
1985 http cache @rollup/rollup-win32-x64-gnu@https://registry.npmjs.org/@rollup/rollup-win32-x64-gnu/-/rollup-win32-x64-gnu-4.62.4.tgz 0ms (cache hit)
1986 http cache @esbuild/win32-x64@https://registry.npmjs.org/@esbuild/win32-x64/-/win32-x64-0.28.2.tgz 0ms (cache hit)
1987 http cache source-map-js@https://registry.npmjs.org/source-map-js/-/source-map-js-1.2.1.tgz 0ms (cache hit)
1988 http cache picocolors@https://registry.npmjs.org/picocolors/-/picocolors-1.1.1.tgz 0ms (cache hit)
1989 http cache rollup@https://registry.npmjs.org/rollup/-/rollup-4.62.4.tgz 0ms (cache hit)
1990 http cache nanoid@https://registry.npmjs.org/nanoid/-/nanoid-3.3.18.tgz 0ms (cache hit)
1991 http cache esbuild@https://registry.npmjs.org/esbuild/-/esbuild-0.28.2.tgz 0ms (cache hit)
1992 http cache postcss@https://registry.npmjs.org/postcss/-/postcss-8.5.26.tgz 0ms (cache hit)
1993 http cache @types/estree@https://registry.npmjs.org/@types/estree/-/estree-1.0.9.tgz 0ms (cache hit)
1994 http cache @jridgewell/sourcemap-codec@https://registry.npmjs.org/@jridgewell/sourcemap-codec/-/sourcemap-codec-1.5.5.tgz 0ms (cache hit)
1995 http cache fdir@https://registry.npmjs.org/fdir/-/fdir-6.5.0.tgz 0ms (cache hit)
1996 http cache js-tokens@https://registry.npmjs.org/js-tokens/-/js-tokens-9.0.1.tgz 0ms (cache hit)
1997 http cache deep-eql@https://registry.npmjs.org/deep-eql/-/deep-eql-5.0.2.tgz 0ms (cache hit)
1998 http cache pathval@https://registry.npmjs.org/pathval/-/pathval-2.0.1.tgz 0ms (cache hit)
1999 http cache check-error@https://registry.npmjs.org/check-error/-/check-error-2.1.3.tgz 0ms (cache hit)
2000 http cache loupe@https://registry.npmjs.org/loupe/-/loupe-3.2.1.tgz 0ms (cache hit)
2001 http cache tinyspy@https://registry.npmjs.org/tinyspy/-/tinyspy-4.0.4.tgz 0ms (cache hit)
2002 http cache estree-walker@https://registry.npmjs.org/estree-walker/-/estree-walker-3.0.3.tgz 1ms (cache hit)
2003 http cache assertion-error@https://registry.npmjs.org/assertion-error/-/assertion-error-2.0.1.tgz 0ms (cache hit)
2004 http cache @types/deep-eql@https://registry.npmjs.org/@types/deep-eql/-/deep-eql-4.0.2.tgz 0ms (cache hit)
2005 http cache strip-literal@https://registry.npmjs.org/strip-literal/-/strip-literal-3.1.0.tgz 0ms (cache hit)
2006 http cache why-is-node-running@https://registry.npmjs.org/why-is-node-running/-/why-is-node-running-2.3.0.tgz 0ms (cache hit)
2007 http cache vite@https://registry.npmjs.org/vite/-/vite-7.3.6.tgz 0ms (cache hit)
2008 http cache tinyrainbow@https://registry.npmjs.org/tinyrainbow/-/tinyrainbow-2.0.0.tgz 0ms (cache hit)
2009 http cache tinypool@https://registry.npmjs.org/tinypool/-/tinypool-1.1.1.tgz 0ms (cache hit)
2010 http cache tinyglobby@https://registry.npmjs.org/tinyglobby/-/tinyglobby-0.2.17.tgz 0ms (cache hit)
2011 http cache vite-node@https://registry.npmjs.org/vite-node/-/vite-node-3.2.4.tgz 0ms (cache hit)
2012 http cache tinyexec@https://registry.npmjs.org/tinyexec/-/tinyexec-0.3.2.tgz 0ms (cache hit)
2013 http cache tinybench@https://registry.npmjs.org/tinybench/-/tinybench-2.9.0.tgz 0ms (cache hit)
2014 http cache picomatch@https://registry.npmjs.org/picomatch/-/picomatch-4.0.5.tgz 0ms (cache hit)
2015 http cache std-env@https://registry.npmjs.org/std-env/-/std-env-3.10.0.tgz 0ms (cache hit)
2016 http cache pathe@https://registry.npmjs.org/pathe/-/pathe-2.0.3.tgz 0ms (cache hit)
2017 http cache magic-string@https://registry.npmjs.org/magic-string/-/magic-string-0.30.21.tgz 0ms (cache hit)
2018 http cache expect-type@https://registry.npmjs.org/expect-type/-/expect-type-1.4.0.tgz 0ms (cache hit)
2019 http cache chai@https://registry.npmjs.org/chai/-/chai-5.3.3.tgz 0ms (cache hit)
2020 http cache @vitest/spy@https://registry.npmjs.org/@vitest/spy/-/spy-3.2.7.tgz 0ms (cache hit)
2021 http cache @vitest/utils@https://registry.npmjs.org/@vitest/utils/-/utils-3.2.7.tgz 0ms (cache hit)
2022 http cache @vitest/snapshot@https://registry.npmjs.org/@vitest/snapshot/-/snapshot-3.2.7.tgz 0ms (cache hit)
2023 http cache @vitest/runner@https://registry.npmjs.org/@vitest/runner/-/runner-3.2.7.tgz 0ms (cache hit)
2024 http cache @types/chai@https://registry.npmjs.org/@types/chai/-/chai-5.2.3.tgz 0ms (cache hit)
2025 http cache @vitest/pretty-format@https://registry.npmjs.org/@vitest/pretty-format/-/pretty-format-3.2.7.tgz 0ms (cache hit)
2026 http cache @vitest/expect@https://registry.npmjs.org/@vitest/expect/-/expect-3.2.7.tgz 0ms (cache hit)
2027 http cache @vitest/mocker@https://registry.npmjs.org/@vitest/mocker/-/mocker-3.2.7.tgz 0ms (cache hit)
2028 http cache @tootallnate/once@https://registry.npmjs.org/@tootallnate/once/-/once-2.0.1.tgz 0ms (cache hit)
2029 http cache media-typer@https://registry.npmjs.org/media-typer/-/media-typer-0.3.0.tgz 0ms (cache hit)
2030 http cache stubs@https://registry.npmjs.org/stubs/-/stubs-3.0.0.tgz 0ms (cache hit)
2031 http cache stream-events@https://registry.npmjs.org/stream-events/-/stream-events-1.0.5.tgz 0ms (cache hit)
2032 http cache http-proxy-agent@https://registry.npmjs.org/http-proxy-agent/-/http-proxy-agent-5.0.0.tgz 0ms (cache hit)
2033 http cache anynum@https://registry.npmjs.org/anynum/-/anynum-1.0.1.tgz 0ms (cache hit)
2034 http cache side-channel-map@https://registry.npmjs.org/side-channel-map/-/side-channel-map-1.0.1.tgz 0ms (cache hit)
2035 http cache side-channel-list@https://registry.npmjs.org/side-channel-list/-/side-channel-list-1.0.1.tgz 0ms (cache hit)
2036 http cache side-channel-weakmap@https://registry.npmjs.org/side-channel-weakmap/-/side-channel-weakmap-1.0.2.tgz 0ms (cache hit)
2037 http cache object-inspect@https://registry.npmjs.org/object-inspect/-/object-inspect-1.13.4.tgz 0ms (cache hit)
2038 http cache math-intrinsics@https://registry.npmjs.org/math-intrinsics/-/math-intrinsics-1.1.0.tgz 0ms (cache hit)
2039 http cache dunder-proto@https://registry.npmjs.org/dunder-proto/-/dunder-proto-1.0.1.tgz 0ms (cache hit)
2040 http cache has-symbols@https://registry.npmjs.org/has-symbols/-/has-symbols-1.1.0.tgz 0ms (cache hit)
2041 http cache gopd@https://registry.npmjs.org/gopd/-/gopd-1.2.0.tgz 0ms (cache hit)
2042 http cache function-bind@https://registry.npmjs.org/function-bind/-/function-bind-1.1.2.tgz 0ms (cache hit)
2043 http cache get-proto@https://registry.npmjs.org/get-proto/-/get-proto-1.0.1.tgz 0ms (cache hit)
2044 http cache es-object-atoms@https://registry.npmjs.org/es-object-atoms/-/es-object-atoms-1.1.2.tgz 0ms (cache hit)
2045 http cache call-bound@https://registry.npmjs.org/call-bound/-/call-bound-1.0.4.tgz 0ms (cache hit)
2046 http cache get-intrinsic@https://registry.npmjs.org/get-intrinsic/-/get-intrinsic-1.3.0.tgz 1ms (cache hit)
2047 http cache call-bind-apply-helpers@https://registry.npmjs.org/call-bind-apply-helpers/-/call-bind-apply-helpers-1.0.2.tgz 0ms (cache hit)
2048 http cache has-tostringtag@https://registry.npmjs.org/has-tostringtag/-/has-tostringtag-1.0.2.tgz 0ms (cache hit)
2049 http cache es-errors@https://registry.npmjs.org/es-errors/-/es-errors-1.3.0.tgz 0ms (cache hit)
2050 http cache hasown@https://registry.npmjs.org/hasown/-/hasown-2.0.4.tgz 0ms (cache hit)
2051 http cache delayed-stream@https://registry.npmjs.org/delayed-stream/-/delayed-stream-1.0.0.tgz 1ms (cache hit)
2052 http cache es-set-tostringtag@https://registry.npmjs.org/es-set-tostringtag/-/es-set-tostringtag-2.1.0.tgz 0ms (cache hit)
2053 http cache asynckit@https://registry.npmjs.org/asynckit/-/asynckit-0.4.0.tgz 0ms (cache hit)
2054 http cache util-deprecate@https://registry.npmjs.org/util-deprecate/-/util-deprecate-1.0.2.tgz 0ms (cache hit)
2055 http cache string_decoder@https://registry.npmjs.org/string_decoder/-/string_decoder-1.3.0.tgz 0ms (cache hit)
2056 http cache combined-stream@https://registry.npmjs.org/combined-stream/-/combined-stream-1.0.8.tgz 0ms (cache hit)
2057 http cache side-channel@https://registry.npmjs.org/side-channel/-/side-channel-1.1.1.tgz 1ms (cache hit)
2058 http cache es-define-property@https://registry.npmjs.org/es-define-property/-/es-define-property-1.0.1.tgz 0ms (cache hit)
2059 http cache @types/tough-cookie@https://registry.npmjs.org/@types/tough-cookie/-/tough-cookie-4.0.5.tgz 0ms (cache hit)
2060 http cache @types/request@https://registry.npmjs.org/@types/request/-/request-2.48.13.tgz 0ms (cache hit)
2061 http cache @types/caseless@https://registry.npmjs.org/@types/caseless/-/caseless-0.12.5.tgz 0ms (cache hit)
2062 http cache ipaddr.js@https://registry.npmjs.org/ipaddr.js/-/ipaddr.js-1.9.1.tgz 0ms (cache hit)
2063 http cache @protobufjs/pool@https://registry.npmjs.org/@protobufjs/pool/-/pool-1.1.0.tgz 0ms (cache hit)
2064 http cache forwarded@https://registry.npmjs.org/forwarded/-/forwarded-0.2.0.tgz 0ms (cache hit)
2065 http cache @protobufjs/float@https://registry.npmjs.org/@protobufjs/float/-/float-1.0.2.tgz 0ms (cache hit)
2066 http cache @protobufjs/path@https://registry.npmjs.org/@protobufjs/path/-/path-1.1.2.tgz 0ms (cache hit)
2067 http cache @protobufjs/utf8@https://registry.npmjs.org/@protobufjs/utf8/-/utf8-1.1.2.tgz 0ms (cache hit)
2068 http cache @protobufjs/fetch@https://registry.npmjs.org/@protobufjs/fetch/-/fetch-1.1.1.tgz 0ms (cache hit)
2069 http cache @protobufjs/eventemitter@https://registry.npmjs.org/@protobufjs/eventemitter/-/eventemitter-1.1.1.tgz 0ms (cache hit)
2070 http cache @protobufjs/base64@https://registry.npmjs.org/@protobufjs/base64/-/base64-1.1.2.tgz 0ms (cache hit)
2071 http cache form-data@https://registry.npmjs.org/form-data/-/form-data-2.5.6.tgz 0ms (cache hit)
2072 http cache @protobufjs/aspromise@https://registry.npmjs.org/@protobufjs/aspromise/-/aspromise-1.1.2.tgz 0ms (cache hit)
2073 http cache @protobufjs/codegen@https://registry.npmjs.org/@protobufjs/codegen/-/codegen-2.0.5.tgz 0ms (cache hit)
2074 http cache yocto-queue@https://registry.npmjs.org/yocto-queue/-/yocto-queue-0.1.0.tgz 1ms (cache hit)
2075 http cache ee-first@https://registry.npmjs.org/ee-first/-/ee-first-1.1.1.tgz 0ms (cache hit)
2076 http cache wrappy@https://registry.npmjs.org/wrappy/-/wrappy-1.0.2.tgz 0ms (cache hit)
2077 http cache mime-db@https://registry.npmjs.org/mime-db/-/mime-db-1.52.0.tgz 0ms (cache hit)
2078 http cache lodash.clonedeep@https://registry.npmjs.org/lodash.clonedeep/-/lodash.clonedeep-4.5.0.tgz 0ms (cache hit)
2079 http cache whatwg-url@https://registry.npmjs.org/whatwg-url/-/whatwg-url-5.0.0.tgz 0ms (cache hit)
2080 http cache lru-cache@https://registry.npmjs.org/lru-cache/-/lru-cache-6.0.0.tgz 0ms (cache hit)
2081 http cache yallist@https://registry.npmjs.org/yallist/-/yallist-4.0.0.tgz 0ms (cache hit)
2082 http cache @types/ms@https://registry.npmjs.org/@types/ms/-/ms-2.1.0.tgz 0ms (cache hit)
2083 http cache jwa@https://registry.npmjs.org/jwa/-/jwa-2.0.1.tgz 0ms (cache hit)
2084 http cache buffer-equal-constant-time@https://registry.npmjs.org/buffer-equal-constant-time/-/buffer-equal-constant-time-1.0.1.tgz 0ms (cache hit)
2085 http cache @types/jsonwebtoken@https://registry.npmjs.org/@types/jsonwebtoken/-/jsonwebtoken-9.0.10.tgz 0ms (cache hit)
2086 http cache lru-memoizer@https://registry.npmjs.org/lru-memoizer/-/lru-memoizer-2.3.0.tgz 0ms (cache hit)
2087 http cache limiter@https://registry.npmjs.org/limiter/-/limiter-1.1.5.tgz 0ms (cache hit)
2088 http cache semver@https://registry.npmjs.org/semver/-/semver-7.8.5.tgz 0ms (cache hit)
2089 http cache jose@https://registry.npmjs.org/jose/-/jose-4.15.9.tgz 0ms (cache hit)
2090 http cache lodash.once@https://registry.npmjs.org/lodash.once/-/lodash.once-4.1.1.tgz 0ms (cache hit)
2091 http cache lodash.isstring@https://registry.npmjs.org/lodash.isstring/-/lodash.isstring-4.0.1.tgz 0ms (cache hit)
2092 http cache lodash.isplainobject@https://registry.npmjs.org/lodash.isplainobject/-/lodash.isplainobject-4.0.6.tgz 0ms (cache hit)
2093 http cache lodash.isnumber@https://registry.npmjs.org/lodash.isnumber/-/lodash.isnumber-3.0.3.tgz 0ms (cache hit)
2094 http cache lodash.isinteger@https://registry.npmjs.org/lodash.isinteger/-/lodash.isinteger-4.0.4.tgz 0ms (cache hit)
2095 http cache lodash.isboolean@https://registry.npmjs.org/lodash.isboolean/-/lodash.isboolean-3.0.3.tgz 0ms (cache hit)
2096 http cache lodash.includes@https://registry.npmjs.org/lodash.includes/-/lodash.includes-4.3.0.tgz 0ms (cache hit)
2097 http cache bignumber.js@https://registry.npmjs.org/bignumber.js/-/bignumber.js-9.3.1.tgz 0ms (cache hit)
2098 http cache safer-buffer@https://registry.npmjs.org/safer-buffer/-/safer-buffer-2.1.2.tgz 0ms (cache hit)
2099 http cache toidentifier@https://registry.npmjs.org/toidentifier/-/toidentifier-1.0.1.tgz 0ms (cache hit)
2100 http cache agent-base@https://registry.npmjs.org/agent-base/-/agent-base-7.1.4.tgz 0ms (cache hit)
2101 http cache @js-sdsl/ordered-map@https://registry.npmjs.org/@js-sdsl/ordered-map/-/ordered-map-4.4.2.tgz 0ms (cache hit)
2102 http cache long@https://registry.npmjs.org/long/-/long-5.3.2.tgz 0ms (cache hit)
2103 http cache yargs@https://registry.npmjs.org/yargs/-/yargs-17.7.3.tgz 0ms (cache hit)
2104 http cache @types/long@https://registry.npmjs.org/@types/long/-/long-4.0.2.tgz 0ms (cache hit)
2105 http cache lodash.camelcase@https://registry.npmjs.org/lodash.camelcase/-/lodash.camelcase-4.3.0.tgz 0ms (cache hit)
2106 http cache proto3-json-serializer@https://registry.npmjs.org/proto3-json-serializer/-/proto3-json-serializer-2.0.2.tgz 0ms (cache hit)
2107 http cache object-hash@https://registry.npmjs.org/object-hash/-/object-hash-3.0.0.tgz 0ms (cache hit)
2108 http cache @grpc/grpc-js@https://registry.npmjs.org/@grpc/grpc-js/-/grpc-js-1.14.4.tgz 0ms (cache hit)
2109 http cache json-bigint@https://registry.npmjs.org/json-bigint/-/json-bigint-1.0.0.tgz 0ms (cache hit)
2110 http cache @grpc/proto-loader@https://registry.npmjs.org/@grpc/proto-loader/-/proto-loader-0.7.15.tgz 0ms (cache hit)
2111 http cache jws@https://registry.npmjs.org/jws/-/jws-4.0.1.tgz 0ms (cache hit)
2112 http cache google-logging-utils@https://registry.npmjs.org/google-logging-utils/-/google-logging-utils-1.1.3.tgz 0ms (cache hit)
2113 http cache gcp-metadata@https://registry.npmjs.org/gcp-metadata/-/gcp-metadata-8.1.2.tgz 0ms (cache hit)
2114 http cache ecdsa-sig-formatter@https://registry.npmjs.org/ecdsa-sig-formatter/-/ecdsa-sig-formatter-1.0.11.tgz 0ms (cache hit)
2115 http cache base64-js@https://registry.npmjs.org/base64-js/-/base64-js-1.5.1.tgz 0ms (cache hit)
2116 http cache uuid@https://registry.npmjs.org/uuid/-/uuid-9.0.1.tgz 0ms (cache hit)
2117 http cache node-fetch@https://registry.npmjs.org/node-fetch/-/node-fetch-2.7.0.tgz 0ms (cache hit)
2118 http cache is-stream@https://registry.npmjs.org/is-stream/-/is-stream-2.0.1.tgz 0ms (cache hit)
2119 http cache https-proxy-agent@https://registry.npmjs.org/https-proxy-agent/-/https-proxy-agent-7.0.6.tgz 0ms (cache hit)
2120 http cache ms@https://registry.npmjs.org/ms/-/ms-2.0.0.tgz 0ms (cache hit)
2121 http cache raw-body@https://registry.npmjs.org/raw-body/-/raw-body-2.5.3.tgz 0ms (cache hit)
2122 http cache iconv-lite@https://registry.npmjs.org/iconv-lite/-/iconv-lite-0.4.24.tgz 0ms (cache hit)
2123 http cache unpipe@https://registry.npmjs.org/unpipe/-/unpipe-1.0.0.tgz 0ms (cache hit)
2124 http cache destroy@https://registry.npmjs.org/destroy/-/destroy-1.2.0.tgz 0ms (cache hit)
2125 http cache mime-types@https://registry.npmjs.org/mime-types/-/mime-types-2.1.35.tgz 0ms (cache hit)
2126 http cache negotiator@https://registry.npmjs.org/negotiator/-/negotiator-0.6.3.tgz 0ms (cache hit)
2127 http cache bytes@https://registry.npmjs.org/bytes/-/bytes-3.1.2.tgz 0ms (cache hit)
2128 http cache utils-merge@https://registry.npmjs.org/utils-merge/-/utils-merge-1.0.1.tgz 0ms (cache hit)
2129 http cache type-is@https://registry.npmjs.org/type-is/-/type-is-1.6.18.tgz 0ms (cache hit)
2130 http cache statuses@https://registry.npmjs.org/statuses/-/statuses-2.0.2.tgz 0ms (cache hit)
2131 http cache setprototypeof@https://registry.npmjs.org/setprototypeof/-/setprototypeof-1.2.0.tgz 0ms (cache hit)
2132 http cache serve-static@https://registry.npmjs.org/serve-static/-/serve-static-1.16.3.tgz 0ms (cache hit)
2133 http cache range-parser@https://registry.npmjs.org/range-parser/-/range-parser-1.2.1.tgz 0ms (cache hit)
2134 http cache safe-buffer@https://registry.npmjs.org/safe-buffer/-/safe-buffer-5.2.1.tgz 0ms (cache hit)
2135 http cache qs@https://registry.npmjs.org/qs/-/qs-6.15.3.tgz 0ms (cache hit)
2136 http cache send@https://registry.npmjs.org/send/-/send-0.19.2.tgz 0ms (cache hit)
2137 http cache proxy-addr@https://registry.npmjs.org/proxy-addr/-/proxy-addr-2.0.7.tgz 0ms (cache hit)
2138 http cache parseurl@https://registry.npmjs.org/parseurl/-/parseurl-1.3.3.tgz 0ms (cache hit)
2139 http cache path-to-regexp@https://registry.npmjs.org/path-to-regexp/-/path-to-regexp-0.1.13.tgz 0ms (cache hit)
2140 http cache on-finished@https://registry.npmjs.org/on-finished/-/on-finished-2.4.1.tgz 0ms (cache hit)
2141 http cache methods@https://registry.npmjs.org/methods/-/methods-1.1.2.tgz 0ms (cache hit)
2142 http cache http-errors@https://registry.npmjs.org/http-errors/-/http-errors-2.0.1.tgz 0ms (cache hit)
2143 http cache finalhandler@https://registry.npmjs.org/finalhandler/-/finalhandler-1.3.2.tgz 0ms (cache hit)
2144 http cache fresh@https://registry.npmjs.org/fresh/-/fresh-0.5.2.tgz 0ms (cache hit)
2145 http cache merge-descriptors@https://registry.npmjs.org/merge-descriptors/-/merge-descriptors-1.0.3.tgz 0ms (cache hit)
2146 http cache etag@https://registry.npmjs.org/etag/-/etag-1.8.1.tgz 0ms (cache hit)
2147 http cache escape-html@https://registry.npmjs.org/escape-html/-/escape-html-1.0.3.tgz 0ms (cache hit)
2148 http cache encodeurl@https://registry.npmjs.org/encodeurl/-/encodeurl-2.0.0.tgz 0ms (cache hit)
2149 http cache depd@https://registry.npmjs.org/depd/-/depd-2.0.0.tgz 0ms (cache hit)
2150 http cache debug@https://registry.npmjs.org/debug/-/debug-2.6.9.tgz 0ms (cache hit)
2151 http cache cookie-signature@https://registry.npmjs.org/cookie-signature/-/cookie-signature-1.0.7.tgz 0ms (cache hit)
2152 http cache cookie@https://registry.npmjs.org/cookie/-/cookie-0.7.2.tgz 0ms (cache hit)
2153 http cache content-type@https://registry.npmjs.org/content-type/-/content-type-1.0.5.tgz 0ms (cache hit)
2154 http cache body-parser@https://registry.npmjs.org/body-parser/-/body-parser-1.20.6.tgz 0ms (cache hit)
2155 http cache content-disposition@https://registry.npmjs.org/content-disposition/-/content-disposition-0.5.4.tgz 0ms (cache hit)
2156 http cache array-flatten@https://registry.npmjs.org/array-flatten/-/array-flatten-1.1.1.tgz 0ms (cache hit)
2157 http cache accepts@https://registry.npmjs.org/accepts/-/accepts-1.3.8.tgz 0ms (cache hit)
2158 http cache @types/http-errors@https://registry.npmjs.org/@types/http-errors/-/http-errors-2.0.5.tgz 0ms (cache hit)
2159 http cache vary@https://registry.npmjs.org/vary/-/vary-1.1.2.tgz 0ms (cache hit)
2160 http cache @types/send@https://registry.npmjs.org/@types/send/-/send-1.2.1.tgz 0ms (cache hit)
2161 http cache object-assign@https://registry.npmjs.org/object-assign/-/object-assign-4.1.1.tgz 0ms (cache hit)
2162 http cache @types/range-parser@https://registry.npmjs.org/@types/range-parser/-/range-parser-1.2.7.tgz 0ms (cache hit)
2163 http cache @types/serve-static@https://registry.npmjs.org/@types/serve-static/-/serve-static-1.15.10.tgz 0ms (cache hit)
2164 http cache @types/connect@https://registry.npmjs.org/@types/connect/-/connect-3.4.38.tgz 0ms (cache hit)
2165 http cache @types/qs@https://registry.npmjs.org/@types/qs/-/qs-6.15.1.tgz 0ms (cache hit)
2166 http cache @types/express-serve-static-core@https://registry.npmjs.org/@types/express-serve-static-core/-/express-serve-static-core-4.19.9.tgz 0ms (cache hit)
2167 http cache express@https://registry.npmjs.org/express/-/express-4.22.2.tgz 0ms (cache hit)
2168 http cache cors@https://registry.npmjs.org/cors/-/cors-2.8.6.tgz 0ms (cache hit)
2169 http cache @types/body-parser@https://registry.npmjs.org/@types/body-parser/-/body-parser-1.19.6.tgz 0ms (cache hit)
2170 http cache @types/express@https://registry.npmjs.org/@types/express/-/express-4.17.25.tgz 0ms (cache hit)
2171 http cache @types/cors@https://registry.npmjs.org/@types/cors/-/cors-2.8.19.tgz 0ms (cache hit)
2172 http cache websocket-driver@https://registry.npmjs.org/websocket-driver/-/websocket-driver-0.7.5.tgz 0ms (cache hit)
2173 http cache xml-naming@https://registry.npmjs.org/xml-naming/-/xml-naming-0.3.0.tgz 0ms (cache hit)
2174 http cache strnum@https://registry.npmjs.org/strnum/-/strnum-2.4.2.tgz 0ms (cache hit)
2175 http cache path-expression-matcher@https://registry.npmjs.org/path-expression-matcher/-/path-expression-matcher-1.6.2.tgz 0ms (cache hit)
2176 http cache is-unsafe@https://registry.npmjs.org/is-unsafe/-/is-unsafe-2.0.0.tgz 0ms (cache hit)
2177 http cache @nodable/entities@https://registry.npmjs.org/@nodable/entities/-/entities-3.0.0.tgz 0ms (cache hit)
2178 http cache fast-xml-builder@https://registry.npmjs.org/fast-xml-builder/-/fast-xml-builder-1.3.1.tgz 0ms (cache hit)
2179 http cache once@https://registry.npmjs.org/once/-/once-1.4.0.tgz 0ms (cache hit)
2180 http cache stream-shift@https://registry.npmjs.org/stream-shift/-/stream-shift-1.0.3.tgz 0ms (cache hit)
2181 http cache readable-stream@https://registry.npmjs.org/readable-stream/-/readable-stream-3.6.2.tgz 0ms (cache hit)
2182 http cache end-of-stream@https://registry.npmjs.org/end-of-stream/-/end-of-stream-1.4.5.tgz 0ms (cache hit)
2183 http cache inherits@https://registry.npmjs.org/inherits/-/inherits-2.0.4.tgz 0ms (cache hit)
2184 http cache retry@https://registry.npmjs.org/retry/-/retry-0.13.1.tgz 0ms (cache hit)
2185 http cache extend@https://registry.npmjs.org/extend/-/extend-3.0.2.tgz 0ms (cache hit)
2186 http cache event-target-shim@https://registry.npmjs.org/event-target-shim/-/event-target-shim-5.0.1.tgz 0ms (cache hit)
2187 http cache arrify@https://registry.npmjs.org/arrify/-/arrify-2.0.1.tgz 0ms (cache hit)
2188 http cache retry-request@https://registry.npmjs.org/retry-request/-/retry-request-7.0.2.tgz 0ms (cache hit)
2189 http cache teeny-request@https://registry.npmjs.org/teeny-request/-/teeny-request-9.0.0.tgz 0ms (cache hit)
2190 http cache p-limit@https://registry.npmjs.org/p-limit/-/p-limit-3.1.0.tgz 0ms (cache hit)
2191 http cache mime@https://registry.npmjs.org/mime/-/mime-3.0.0.tgz 0ms (cache hit)
2192 http cache html-entities@https://registry.npmjs.org/html-entities/-/html-entities-2.6.0.tgz 0ms (cache hit)
2193 http cache gaxios@https://registry.npmjs.org/gaxios/-/gaxios-6.7.1.tgz 0ms (cache hit)
2194 http cache fast-xml-parser@https://registry.npmjs.org/fast-xml-parser/-/fast-xml-parser-5.10.1.tgz 0ms (cache hit)
2195 http cache duplexify@https://registry.npmjs.org/duplexify/-/duplexify-4.1.3.tgz 0ms (cache hit)
2196 http cache async-retry@https://registry.npmjs.org/async-retry/-/async-retry-1.3.3.tgz 0ms (cache hit)
2197 http cache abort-controller@https://registry.npmjs.org/abort-controller/-/abort-controller-3.0.0.tgz 0ms (cache hit)
2198 http cache @google-cloud/promisify@https://registry.npmjs.org/@google-cloud/promisify/-/promisify-4.0.0.tgz 0ms (cache hit)
2199 http cache @google-cloud/paginator@https://registry.npmjs.org/@google-cloud/paginator/-/paginator-5.0.2.tgz 0ms (cache hit)
2200 http cache @google-cloud/projectify@https://registry.npmjs.org/@google-cloud/projectify/-/projectify-4.0.0.tgz 0ms (cache hit)
2201 http cache protobufjs@https://registry.npmjs.org/protobufjs/-/protobufjs-7.6.5.tgz 0ms (cache hit)
2202 http cache google-gax@https://registry.npmjs.org/google-gax/-/google-gax-4.6.1.tgz 0ms (cache hit)
2203 http cache @opentelemetry/api@https://registry.npmjs.org/@opentelemetry/api/-/api-1.9.1.tgz 0ms (cache hit)
2204 http cache @firebase/app-types@https://registry.npmjs.org/@firebase/app-types/-/app-types-0.9.5.tgz 0ms (cache hit)
2205 http cache functional-red-black-tree@https://registry.npmjs.org/functional-red-black-tree/-/functional-red-black-tree-1.0.1.tgz 0ms (cache hit)
2206 http cache faye-websocket@https://registry.npmjs.org/faye-websocket/-/faye-websocket-0.11.4.tgz 0ms (cache hit)
2207 http cache tslib@https://registry.npmjs.org/tslib/-/tslib-2.8.1.tgz 1ms (cache hit)
2208 http cache @firebase/auth-interop-types@https://registry.npmjs.org/@firebase/auth-interop-types/-/auth-interop-types-0.2.5.tgz 0ms (cache hit)
2209 http cache @firebase/app-check-interop-types@https://registry.npmjs.org/@firebase/app-check-interop-types/-/app-check-interop-types-0.3.4.tgz 0ms (cache hit)
2210 http cache @firebase/util@https://registry.npmjs.org/@firebase/util/-/util-1.15.2.tgz 0ms (cache hit)
2211 http cache jwks-rsa@https://registry.npmjs.org/jwks-rsa/-/jwks-rsa-3.2.2.tgz 0ms (cache hit)
2212 http cache @firebase/logger@https://registry.npmjs.org/@firebase/logger/-/logger-0.5.1.tgz 0ms (cache hit)
2213 http cache @firebase/component@https://registry.npmjs.org/@firebase/component/-/component-0.7.4.tgz 0ms (cache hit)
2214 http cache @firebase/database@https://registry.npmjs.org/@firebase/database/-/database-1.1.4.tgz 0ms (cache hit)
2215 http cache jsonwebtoken@https://registry.npmjs.org/jsonwebtoken/-/jsonwebtoken-9.0.3.tgz 0ms (cache hit)
2216 http cache google-auth-library@https://registry.npmjs.org/google-auth-library/-/google-auth-library-10.9.1.tgz 0ms (cache hit)
2217 http cache fast-deep-equal@https://registry.npmjs.org/fast-deep-equal/-/fast-deep-equal-3.1.3.tgz 0ms (cache hit)
2218 http cache farmhash-modern@https://registry.npmjs.org/farmhash-modern/-/farmhash-modern-1.1.0.tgz 0ms (cache hit)
2219 http cache @google-cloud/storage@https://registry.npmjs.org/@google-cloud/storage/-/storage-7.22.0.tgz 0ms (cache hit)
2220 http cache @google-cloud/firestore@https://registry.npmjs.org/@google-cloud/firestore/-/firestore-7.11.6.tgz 0ms (cache hit)
2221 http cache @firebase/database-types@https://registry.npmjs.org/@firebase/database-types/-/database-types-1.0.21.tgz 0ms (cache hit)
2222 http cache @firebase/database-compat@https://registry.npmjs.org/@firebase/database-compat/-/database-compat-2.1.6.tgz 0ms (cache hit)
2223 http cache @fastify/busboy@https://registry.npmjs.org/@fastify/busboy/-/busboy-3.2.1.tgz 0ms (cache hit)
2224 http cache undici-types@https://registry.npmjs.org/undici-types/-/undici-types-6.21.0.tgz 0ms (cache hit)
2225 http cache vitest@https://registry.npmjs.org/vitest/-/vitest-3.2.7.tgz 0ms (cache hit)
2226 http cache typescript@https://registry.npmjs.org/typescript/-/typescript-5.9.3.tgz 0ms (cache hit)
2227 http cache @types/node@https://registry.npmjs.org/@types/node/-/node-22.20.1.tgz 0ms (cache hit)
2228 http cache firebase-functions@https://registry.npmjs.org/firebase-functions/-/firebase-functions-6.6.0.tgz 0ms (cache hit)
2229 http cache firebase-admin@https://registry.npmjs.org/firebase-admin/-/firebase-admin-13.10.0.tgz 0ms (cache hit)
2230 http cache ms@https://registry.npmjs.org/ms/-/ms-2.1.3.tgz 0ms (cache hit)
2231 http cache debug@https://registry.npmjs.org/debug/-/debug-4.4.3.tgz 0ms (cache hit)
2232 http cache ms@https://registry.npmjs.org/ms/-/ms-2.1.3.tgz 0ms (cache hit)
2233 http cache @grpc/proto-loader@https://registry.npmjs.org/@grpc/proto-loader/-/proto-loader-0.8.1.tgz 0ms (cache hit)
2234 http cache debug@https://registry.npmjs.org/debug/-/debug-4.4.3.tgz 0ms (cache hit)
2235 http cache agent-base@https://registry.npmjs.org/agent-base/-/agent-base-6.0.2.tgz 0ms (cache hit)
2236 http cache node-fetch@https://registry.npmjs.org/node-fetch/-/node-fetch-3.3.2.tgz 0ms (cache hit)
2237 http cache gaxios@https://registry.npmjs.org/gaxios/-/gaxios-7.3.1.tgz 0ms (cache hit)
2238 http cache ms@https://registry.npmjs.org/ms/-/ms-2.1.3.tgz 1ms (cache hit)
2239 http cache debug@https://registry.npmjs.org/debug/-/debug-4.4.3.tgz 0ms (cache hit)
2240 http cache @types/send@https://registry.npmjs.org/@types/send/-/send-0.17.6.tgz 0ms (cache hit)
2241 http cache ms@https://registry.npmjs.org/ms/-/ms-2.1.3.tgz 0ms (cache hit)
2242 http cache mime@https://registry.npmjs.org/mime/-/mime-1.6.0.tgz 0ms (cache hit)
2243 http cache ms@https://registry.npmjs.org/ms/-/ms-2.1.3.tgz 0ms (cache hit)
2244 http cache google-logging-utils@https://registry.npmjs.org/google-logging-utils/-/google-logging-utils-0.0.2.tgz 0ms (cache hit)
2245 http cache gcp-metadata@https://registry.npmjs.org/gcp-metadata/-/gcp-metadata-6.1.1.tgz 0ms (cache hit)
2246 http cache debug@https://registry.npmjs.org/debug/-/debug-4.4.3.tgz 0ms (cache hit)
2247 http cache https-proxy-agent@https://registry.npmjs.org/https-proxy-agent/-/https-proxy-agent-5.0.1.tgz 0ms (cache hit)
2248 http cache agent-base@https://registry.npmjs.org/agent-base/-/agent-base-6.0.2.tgz 0ms (cache hit)
2249 http cache ms@https://registry.npmjs.org/ms/-/ms-2.1.3.tgz 0ms (cache hit)
2250 http cache node-fetch@https://registry.npmjs.org/node-fetch/-/node-fetch-3.3.2.tgz 0ms (cache hit)
2251 http cache debug@https://registry.npmjs.org/debug/-/debug-4.4.3.tgz 0ms (cache hit)
2252 http cache ms@https://registry.npmjs.org/ms/-/ms-2.1.3.tgz 0ms (cache hit)
2253 http cache gaxios@https://registry.npmjs.org/gaxios/-/gaxios-7.3.1.tgz 0ms (cache hit)
2254 http cache ms@https://registry.npmjs.org/ms/-/ms-2.1.3.tgz 0ms (cache hit)
2255 http cache google-logging-utils@https://registry.npmjs.org/google-logging-utils/-/google-logging-utils-0.0.2.tgz 0ms (cache hit)
2256 http cache debug@https://registry.npmjs.org/debug/-/debug-4.4.3.tgz 0ms (cache hit)
2257 http cache google-auth-library@https://registry.npmjs.org/google-auth-library/-/google-auth-library-9.15.1.tgz 0ms (cache hit)
2258 silly tarball no local data for node-domexception@https://registry.npmjs.org/node-domexception/-/node-domexception-1.0.0.tgz. Extracting by manifest.
2259 silly tarball no local data for web-streams-polyfill@https://registry.npmjs.org/web-streams-polyfill/-/web-streams-polyfill-3.3.3.tgz. Extracting by manifest.
2260 silly tarball no local data for formdata-polyfill@https://registry.npmjs.org/formdata-polyfill/-/formdata-polyfill-4.0.10.tgz. Extracting by manifest.
2261 silly tarball no local data for fetch-blob@https://registry.npmjs.org/fetch-blob/-/fetch-blob-3.2.0.tgz. Extracting by manifest.
2262 http cache gcp-metadata@https://registry.npmjs.org/gcp-metadata/-/gcp-metadata-6.1.1.tgz 0ms (cache hit)
2263 http cache google-auth-library@https://registry.npmjs.org/google-auth-library/-/google-auth-library-9.15.1.tgz 0ms (cache hit)
2264 silly tarball no local data for data-uri-to-buffer@https://registry.npmjs.org/data-uri-to-buffer/-/data-uri-to-buffer-4.0.1.tgz. Extracting by manifest.
2265 silly tarball no local data for @types/mime@https://registry.npmjs.org/@types/mime/-/mime-1.3.5.tgz. Extracting by manifest.
2266 silly tarball no local data for gtoken@https://registry.npmjs.org/gtoken/-/gtoken-7.1.0.tgz. Extracting by manifest.
2267 silly tarball no local data for color-convert@https://registry.npmjs.org/color-convert/-/color-convert-2.0.1.tgz. Extracting by manifest.
2268 silly tarball no local data for ansi-styles@https://registry.npmjs.org/ansi-styles/-/ansi-styles-4.3.0.tgz. Extracting by manifest.
2269 silly tarball no local data for color-name@https://registry.npmjs.org/color-name/-/color-name-1.1.4.tgz. Extracting by manifest.
2270 silly tarball no local data for is-fullwidth-code-point@https://registry.npmjs.org/is-fullwidth-code-point/-/is-fullwidth-code-point-3.0.0.tgz. Extracting by manifest.
2271 silly tarball no local data for ansi-regex@https://registry.npmjs.org/ansi-regex/-/ansi-regex-5.0.1.tgz. Extracting by manifest.
2272 silly tarball no local data for emoji-regex@https://registry.npmjs.org/emoji-regex/-/emoji-regex-8.0.0.tgz. Extracting by manifest.
2273 silly tarball no local data for strip-ansi@https://registry.npmjs.org/strip-ansi/-/strip-ansi-6.0.1.tgz. Extracting by manifest.
2274 silly tarball no local data for wrap-ansi@https://registry.npmjs.org/wrap-ansi/-/wrap-ansi-7.0.0.tgz. Extracting by manifest.
2275 silly tarball no local data for y18n@https://registry.npmjs.org/y18n/-/y18n-5.0.8.tgz. Extracting by manifest.
2276 silly tarball no local data for yargs-parser@https://registry.npmjs.org/yargs-parser/-/yargs-parser-21.1.1.tgz. Extracting by manifest.
2277 silly tarball no local data for string-width@https://registry.npmjs.org/string-width/-/string-width-4.2.3.tgz. Extracting by manifest.
2278 silly tarball no local data for require-directory@https://registry.npmjs.org/require-directory/-/require-directory-2.1.1.tgz. Extracting by manifest.
2279 silly tarball no local data for get-caller-file@https://registry.npmjs.org/get-caller-file/-/get-caller-file-2.0.5.tgz. Extracting by manifest.
2280 silly tarball no local data for escalade@https://registry.npmjs.org/escalade/-/escalade-3.2.0.tgz. Extracting by manifest.
2281 silly tarball no local data for cliui@https://registry.npmjs.org/cliui/-/cliui-8.0.1.tgz. Extracting by manifest.
2282 silly tarball no local data for siginfo@https://registry.npmjs.org/siginfo/-/siginfo-2.0.0.tgz. Extracting by manifest.
2283 silly tarball no local data for stackback@https://registry.npmjs.org/stackback/-/stackback-0.0.2.tgz. Extracting by manifest.
2284 silly tarball no local data for webidl-conversions@https://registry.npmjs.org/webidl-conversions/-/webidl-conversions-3.0.1.tgz. Extracting by manifest.
2285 silly tarball no local data for tr46@https://registry.npmjs.org/tr46/-/tr46-0.0.3.tgz. Extracting by manifest.
2286 silly tarball no local data for websocket-extensions@https://registry.npmjs.org/websocket-extensions/-/websocket-extensions-0.1.4.tgz. Extracting by manifest.
2287 silly tarball no local data for http-parser-js@https://registry.npmjs.org/http-parser-js/-/http-parser-js-0.5.10.tgz. Extracting by manifest.
2288 silly tarball no local data for es-module-lexer@https://registry.npmjs.org/es-module-lexer/-/es-module-lexer-1.7.0.tgz. Extracting by manifest.
2289 silly tarball no local data for cac@https://registry.npmjs.org/cac/-/cac-6.7.14.tgz. Extracting by manifest.
2290 silly tarball no local data for @rollup/rollup-win32-x64-msvc@https://registry.npmjs.org/@rollup/rollup-win32-x64-msvc/-/rollup-win32-x64-msvc-4.62.4.tgz. Extracting by manifest.
2291 silly tarball no local data for @rollup/rollup-win32-x64-gnu@https://registry.npmjs.org/@rollup/rollup-win32-x64-gnu/-/rollup-win32-x64-gnu-4.62.4.tgz. Extracting by manifest.
2292 silly tarball no local data for @esbuild/win32-x64@https://registry.npmjs.org/@esbuild/win32-x64/-/win32-x64-0.28.2.tgz. Extracting by manifest.
2293 silly tarball no local data for source-map-js@https://registry.npmjs.org/source-map-js/-/source-map-js-1.2.1.tgz. Extracting by manifest.
2294 silly tarball no local data for picocolors@https://registry.npmjs.org/picocolors/-/picocolors-1.1.1.tgz. Extracting by manifest.
2295 silly tarball no local data for rollup@https://registry.npmjs.org/rollup/-/rollup-4.62.4.tgz. Extracting by manifest.
2296 silly tarball no local data for nanoid@https://registry.npmjs.org/nanoid/-/nanoid-3.3.18.tgz. Extracting by manifest.
2297 silly tarball no local data for esbuild@https://registry.npmjs.org/esbuild/-/esbuild-0.28.2.tgz. Extracting by manifest.
2298 silly tarball no local data for postcss@https://registry.npmjs.org/postcss/-/postcss-8.5.26.tgz. Extracting by manifest.
2299 silly tarball no local data for @types/estree@https://registry.npmjs.org/@types/estree/-/estree-1.0.9.tgz. Extracting by manifest.
2300 silly tarball no local data for @jridgewell/sourcemap-codec@https://registry.npmjs.org/@jridgewell/sourcemap-codec/-/sourcemap-codec-1.5.5.tgz. Extracting by manifest.
2301 silly tarball no local data for fdir@https://registry.npmjs.org/fdir/-/fdir-6.5.0.tgz. Extracting by manifest.
2302 silly tarball no local data for js-tokens@https://registry.npmjs.org/js-tokens/-/js-tokens-9.0.1.tgz. Extracting by manifest.
2303 silly tarball no local data for deep-eql@https://registry.npmjs.org/deep-eql/-/deep-eql-5.0.2.tgz. Extracting by manifest.
2304 silly tarball no local data for pathval@https://registry.npmjs.org/pathval/-/pathval-2.0.1.tgz. Extracting by manifest.
2305 silly tarball no local data for check-error@https://registry.npmjs.org/check-error/-/check-error-2.1.3.tgz. Extracting by manifest.
2306 silly tarball no local data for loupe@https://registry.npmjs.org/loupe/-/loupe-3.2.1.tgz. Extracting by manifest.
2307 silly tarball no local data for tinyspy@https://registry.npmjs.org/tinyspy/-/tinyspy-4.0.4.tgz. Extracting by manifest.
2308 silly tarball no local data for estree-walker@https://registry.npmjs.org/estree-walker/-/estree-walker-3.0.3.tgz. Extracting by manifest.
2309 silly tarball no local data for assertion-error@https://registry.npmjs.org/assertion-error/-/assertion-error-2.0.1.tgz. Extracting by manifest.
2310 silly tarball no local data for @types/deep-eql@https://registry.npmjs.org/@types/deep-eql/-/deep-eql-4.0.2.tgz. Extracting by manifest.
2311 silly tarball no local data for strip-literal@https://registry.npmjs.org/strip-literal/-/strip-literal-3.1.0.tgz. Extracting by manifest.
2312 silly tarball no local data for why-is-node-running@https://registry.npmjs.org/why-is-node-running/-/why-is-node-running-2.3.0.tgz. Extracting by manifest.
2313 silly tarball no local data for vite@https://registry.npmjs.org/vite/-/vite-7.3.6.tgz. Extracting by manifest.
2314 silly tarball no local data for tinyrainbow@https://registry.npmjs.org/tinyrainbow/-/tinyrainbow-2.0.0.tgz. Extracting by manifest.
2315 silly tarball no local data for tinypool@https://registry.npmjs.org/tinypool/-/tinypool-1.1.1.tgz. Extracting by manifest.
2316 silly tarball no local data for tinyglobby@https://registry.npmjs.org/tinyglobby/-/tinyglobby-0.2.17.tgz. Extracting by manifest.
2317 silly tarball no local data for vite-node@https://registry.npmjs.org/vite-node/-/vite-node-3.2.4.tgz. Extracting by manifest.
2318 silly tarball no local data for tinyexec@https://registry.npmjs.org/tinyexec/-/tinyexec-0.3.2.tgz. Extracting by manifest.
2319 silly tarball no local data for tinybench@https://registry.npmjs.org/tinybench/-/tinybench-2.9.0.tgz. Extracting by manifest.
2320 silly tarball no local data for std-env@https://registry.npmjs.org/std-env/-/std-env-3.10.0.tgz. Extracting by manifest.
2321 silly tarball no local data for picomatch@https://registry.npmjs.org/picomatch/-/picomatch-4.0.5.tgz. Extracting by manifest.
2322 silly tarball no local data for pathe@https://registry.npmjs.org/pathe/-/pathe-2.0.3.tgz. Extracting by manifest.
2323 silly tarball no local data for magic-string@https://registry.npmjs.org/magic-string/-/magic-string-0.30.21.tgz. Extracting by manifest.
2324 silly tarball no local data for expect-type@https://registry.npmjs.org/expect-type/-/expect-type-1.4.0.tgz. Extracting by manifest.
2325 silly tarball no local data for chai@https://registry.npmjs.org/chai/-/chai-5.3.3.tgz. Extracting by manifest.
2326 silly tarball no local data for @vitest/spy@https://registry.npmjs.org/@vitest/spy/-/spy-3.2.7.tgz. Extracting by manifest.
2327 silly tarball no local data for @vitest/utils@https://registry.npmjs.org/@vitest/utils/-/utils-3.2.7.tgz. Extracting by manifest.
2328 silly tarball no local data for @vitest/snapshot@https://registry.npmjs.org/@vitest/snapshot/-/snapshot-3.2.7.tgz. Extracting by manifest.
2329 silly tarball no local data for @vitest/runner@https://registry.npmjs.org/@vitest/runner/-/runner-3.2.7.tgz. Extracting by manifest.
2330 silly tarball no local data for @types/chai@https://registry.npmjs.org/@types/chai/-/chai-5.2.3.tgz. Extracting by manifest.
2331 silly tarball no local data for @vitest/pretty-format@https://registry.npmjs.org/@vitest/pretty-format/-/pretty-format-3.2.7.tgz. Extracting by manifest.
2332 silly tarball no local data for @vitest/expect@https://registry.npmjs.org/@vitest/expect/-/expect-3.2.7.tgz. Extracting by manifest.
2333 silly tarball no local data for @vitest/mocker@https://registry.npmjs.org/@vitest/mocker/-/mocker-3.2.7.tgz. Extracting by manifest.
2334 silly tarball no local data for @tootallnate/once@https://registry.npmjs.org/@tootallnate/once/-/once-2.0.1.tgz. Extracting by manifest.
2335 silly tarball no local data for media-typer@https://registry.npmjs.org/media-typer/-/media-typer-0.3.0.tgz. Extracting by manifest.
2336 silly tarball no local data for stubs@https://registry.npmjs.org/stubs/-/stubs-3.0.0.tgz. Extracting by manifest.
2337 silly tarball no local data for stream-events@https://registry.npmjs.org/stream-events/-/stream-events-1.0.5.tgz. Extracting by manifest.
2338 silly tarball no local data for http-proxy-agent@https://registry.npmjs.org/http-proxy-agent/-/http-proxy-agent-5.0.0.tgz. Extracting by manifest.
2339 silly tarball no local data for anynum@https://registry.npmjs.org/anynum/-/anynum-1.0.1.tgz. Extracting by manifest.
2340 silly tarball no local data for side-channel-map@https://registry.npmjs.org/side-channel-map/-/side-channel-map-1.0.1.tgz. Extracting by manifest.
2341 silly tarball no local data for side-channel-list@https://registry.npmjs.org/side-channel-list/-/side-channel-list-1.0.1.tgz. Extracting by manifest.
2342 silly tarball no local data for side-channel-weakmap@https://registry.npmjs.org/side-channel-weakmap/-/side-channel-weakmap-1.0.2.tgz. Extracting by manifest.
2343 silly tarball no local data for object-inspect@https://registry.npmjs.org/object-inspect/-/object-inspect-1.13.4.tgz. Extracting by manifest.
2344 silly tarball no local data for math-intrinsics@https://registry.npmjs.org/math-intrinsics/-/math-intrinsics-1.1.0.tgz. Extracting by manifest.
2345 silly tarball no local data for dunder-proto@https://registry.npmjs.org/dunder-proto/-/dunder-proto-1.0.1.tgz. Extracting by manifest.
2346 silly tarball no local data for has-symbols@https://registry.npmjs.org/has-symbols/-/has-symbols-1.1.0.tgz. Extracting by manifest.
2347 silly tarball no local data for gopd@https://registry.npmjs.org/gopd/-/gopd-1.2.0.tgz. Extracting by manifest.
2348 silly tarball no local data for function-bind@https://registry.npmjs.org/function-bind/-/function-bind-1.1.2.tgz. Extracting by manifest.
2349 silly tarball no local data for get-proto@https://registry.npmjs.org/get-proto/-/get-proto-1.0.1.tgz. Extracting by manifest.
2350 silly tarball no local data for es-object-atoms@https://registry.npmjs.org/es-object-atoms/-/es-object-atoms-1.1.2.tgz. Extracting by manifest.
2351 silly tarball no local data for call-bound@https://registry.npmjs.org/call-bound/-/call-bound-1.0.4.tgz. Extracting by manifest.
2352 silly tarball no local data for get-intrinsic@https://registry.npmjs.org/get-intrinsic/-/get-intrinsic-1.3.0.tgz. Extracting by manifest.
2353 silly tarball no local data for call-bind-apply-helpers@https://registry.npmjs.org/call-bind-apply-helpers/-/call-bind-apply-helpers-1.0.2.tgz. Extracting by manifest.
2354 silly tarball no local data for has-tostringtag@https://registry.npmjs.org/has-tostringtag/-/has-tostringtag-1.0.2.tgz. Extracting by manifest.
2355 silly tarball no local data for es-errors@https://registry.npmjs.org/es-errors/-/es-errors-1.3.0.tgz. Extracting by manifest.
2356 silly tarball no local data for hasown@https://registry.npmjs.org/hasown/-/hasown-2.0.4.tgz. Extracting by manifest.
2357 silly tarball no local data for delayed-stream@https://registry.npmjs.org/delayed-stream/-/delayed-stream-1.0.0.tgz. Extracting by manifest.
2358 silly tarball no local data for es-set-tostringtag@https://registry.npmjs.org/es-set-tostringtag/-/es-set-tostringtag-2.1.0.tgz. Extracting by manifest.
2359 silly tarball no local data for asynckit@https://registry.npmjs.org/asynckit/-/asynckit-0.4.0.tgz. Extracting by manifest.
2360 silly tarball no local data for util-deprecate@https://registry.npmjs.org/util-deprecate/-/util-deprecate-1.0.2.tgz. Extracting by manifest.
2361 silly tarball no local data for string_decoder@https://registry.npmjs.org/string_decoder/-/string_decoder-1.3.0.tgz. Extracting by manifest.
2362 silly tarball no local data for combined-stream@https://registry.npmjs.org/combined-stream/-/combined-stream-1.0.8.tgz. Extracting by manifest.
2363 silly tarball no local data for side-channel@https://registry.npmjs.org/side-channel/-/side-channel-1.1.1.tgz. Extracting by manifest.
2364 silly tarball no local data for es-define-property@https://registry.npmjs.org/es-define-property/-/es-define-property-1.0.1.tgz. Extracting by manifest.
2365 silly tarball no local data for @types/tough-cookie@https://registry.npmjs.org/@types/tough-cookie/-/tough-cookie-4.0.5.tgz. Extracting by manifest.
2366 silly tarball no local data for @types/request@https://registry.npmjs.org/@types/request/-/request-2.48.13.tgz. Extracting by manifest.
2367 silly tarball no local data for @types/caseless@https://registry.npmjs.org/@types/caseless/-/caseless-0.12.5.tgz. Extracting by manifest.
2368 silly tarball no local data for ipaddr.js@https://registry.npmjs.org/ipaddr.js/-/ipaddr.js-1.9.1.tgz. Extracting by manifest.
2369 silly tarball no local data for @protobufjs/pool@https://registry.npmjs.org/@protobufjs/pool/-/pool-1.1.0.tgz. Extracting by manifest.
2370 silly tarball no local data for forwarded@https://registry.npmjs.org/forwarded/-/forwarded-0.2.0.tgz. Extracting by manifest.
2371 silly tarball no local data for @protobufjs/float@https://registry.npmjs.org/@protobufjs/float/-/float-1.0.2.tgz. Extracting by manifest.
2372 silly tarball no local data for @protobufjs/path@https://registry.npmjs.org/@protobufjs/path/-/path-1.1.2.tgz. Extracting by manifest.
2373 silly tarball no local data for @protobufjs/utf8@https://registry.npmjs.org/@protobufjs/utf8/-/utf8-1.1.2.tgz. Extracting by manifest.
2374 silly tarball no local data for @protobufjs/fetch@https://registry.npmjs.org/@protobufjs/fetch/-/fetch-1.1.1.tgz. Extracting by manifest.
2375 silly tarball no local data for @protobufjs/eventemitter@https://registry.npmjs.org/@protobufjs/eventemitter/-/eventemitter-1.1.1.tgz. Extracting by manifest.
2376 silly tarball no local data for @protobufjs/base64@https://registry.npmjs.org/@protobufjs/base64/-/base64-1.1.2.tgz. Extracting by manifest.
2377 silly tarball no local data for form-data@https://registry.npmjs.org/form-data/-/form-data-2.5.6.tgz. Extracting by manifest.
2378 silly tarball no local data for @protobufjs/aspromise@https://registry.npmjs.org/@protobufjs/aspromise/-/aspromise-1.1.2.tgz. Extracting by manifest.
2379 silly tarball no local data for @protobufjs/codegen@https://registry.npmjs.org/@protobufjs/codegen/-/codegen-2.0.5.tgz. Extracting by manifest.
2380 silly tarball no local data for yocto-queue@https://registry.npmjs.org/yocto-queue/-/yocto-queue-0.1.0.tgz. Extracting by manifest.
2381 silly tarball no local data for ee-first@https://registry.npmjs.org/ee-first/-/ee-first-1.1.1.tgz. Extracting by manifest.
2382 silly tarball no local data for wrappy@https://registry.npmjs.org/wrappy/-/wrappy-1.0.2.tgz. Extracting by manifest.
2383 silly tarball no local data for mime-db@https://registry.npmjs.org/mime-db/-/mime-db-1.52.0.tgz. Extracting by manifest.
2384 silly tarball no local data for lodash.clonedeep@https://registry.npmjs.org/lodash.clonedeep/-/lodash.clonedeep-4.5.0.tgz. Extracting by manifest.
2385 silly tarball no local data for whatwg-url@https://registry.npmjs.org/whatwg-url/-/whatwg-url-5.0.0.tgz. Extracting by manifest.
2386 silly tarball no local data for lru-cache@https://registry.npmjs.org/lru-cache/-/lru-cache-6.0.0.tgz. Extracting by manifest.
2387 silly tarball no local data for yallist@https://registry.npmjs.org/yallist/-/yallist-4.0.0.tgz. Extracting by manifest.
2388 silly tarball no local data for @types/ms@https://registry.npmjs.org/@types/ms/-/ms-2.1.0.tgz. Extracting by manifest.
2389 silly tarball no local data for jwa@https://registry.npmjs.org/jwa/-/jwa-2.0.1.tgz. Extracting by manifest.
2390 silly tarball no local data for buffer-equal-constant-time@https://registry.npmjs.org/buffer-equal-constant-time/-/buffer-equal-constant-time-1.0.1.tgz. Extracting by manifest.
2391 silly tarball no local data for @types/jsonwebtoken@https://registry.npmjs.org/@types/jsonwebtoken/-/jsonwebtoken-9.0.10.tgz. Extracting by manifest.
2392 silly tarball no local data for lru-memoizer@https://registry.npmjs.org/lru-memoizer/-/lru-memoizer-2.3.0.tgz. Extracting by manifest.
2393 silly tarball no local data for limiter@https://registry.npmjs.org/limiter/-/limiter-1.1.5.tgz. Extracting by manifest.
2394 silly tarball no local data for semver@https://registry.npmjs.org/semver/-/semver-7.8.5.tgz. Extracting by manifest.
2395 silly tarball no local data for jose@https://registry.npmjs.org/jose/-/jose-4.15.9.tgz. Extracting by manifest.
2396 silly tarball no local data for lodash.once@https://registry.npmjs.org/lodash.once/-/lodash.once-4.1.1.tgz. Extracting by manifest.
2397 silly tarball no local data for lodash.isstring@https://registry.npmjs.org/lodash.isstring/-/lodash.isstring-4.0.1.tgz. Extracting by manifest.
2398 silly tarball no local data for lodash.isplainobject@https://registry.npmjs.org/lodash.isplainobject/-/lodash.isplainobject-4.0.6.tgz. Extracting by manifest.
2399 silly tarball no local data for lodash.isnumber@https://registry.npmjs.org/lodash.isnumber/-/lodash.isnumber-3.0.3.tgz. Extracting by manifest.
2400 silly tarball no local data for lodash.isinteger@https://registry.npmjs.org/lodash.isinteger/-/lodash.isinteger-4.0.4.tgz. Extracting by manifest.
2401 silly tarball no local data for lodash.isboolean@https://registry.npmjs.org/lodash.isboolean/-/lodash.isboolean-3.0.3.tgz. Extracting by manifest.
2402 silly tarball no local data for lodash.includes@https://registry.npmjs.org/lodash.includes/-/lodash.includes-4.3.0.tgz. Extracting by manifest.
2403 silly tarball no local data for bignumber.js@https://registry.npmjs.org/bignumber.js/-/bignumber.js-9.3.1.tgz. Extracting by manifest.
2404 silly tarball no local data for safer-buffer@https://registry.npmjs.org/safer-buffer/-/safer-buffer-2.1.2.tgz. Extracting by manifest.
2405 silly tarball no local data for toidentifier@https://registry.npmjs.org/toidentifier/-/toidentifier-1.0.1.tgz. Extracting by manifest.
2406 silly tarball no local data for agent-base@https://registry.npmjs.org/agent-base/-/agent-base-7.1.4.tgz. Extracting by manifest.
2407 silly tarball no local data for @js-sdsl/ordered-map@https://registry.npmjs.org/@js-sdsl/ordered-map/-/ordered-map-4.4.2.tgz. Extracting by manifest.
2408 silly tarball no local data for long@https://registry.npmjs.org/long/-/long-5.3.2.tgz. Extracting by manifest.
2409 silly tarball no local data for yargs@https://registry.npmjs.org/yargs/-/yargs-17.7.3.tgz. Extracting by manifest.
2410 silly tarball no local data for @types/long@https://registry.npmjs.org/@types/long/-/long-4.0.2.tgz. Extracting by manifest.
2411 silly tarball no local data for lodash.camelcase@https://registry.npmjs.org/lodash.camelcase/-/lodash.camelcase-4.3.0.tgz. Extracting by manifest.
2412 silly tarball no local data for proto3-json-serializer@https://registry.npmjs.org/proto3-json-serializer/-/proto3-json-serializer-2.0.2.tgz. Extracting by manifest.
2413 silly tarball no local data for object-hash@https://registry.npmjs.org/object-hash/-/object-hash-3.0.0.tgz. Extracting by manifest.
2414 silly tarball no local data for @grpc/grpc-js@https://registry.npmjs.org/@grpc/grpc-js/-/grpc-js-1.14.4.tgz. Extracting by manifest.
2415 silly tarball no local data for json-bigint@https://registry.npmjs.org/json-bigint/-/json-bigint-1.0.0.tgz. Extracting by manifest.
2416 silly tarball no local data for @grpc/proto-loader@https://registry.npmjs.org/@grpc/proto-loader/-/proto-loader-0.7.15.tgz. Extracting by manifest.
2417 silly tarball no local data for jws@https://registry.npmjs.org/jws/-/jws-4.0.1.tgz. Extracting by manifest.
2418 silly tarball no local data for google-logging-utils@https://registry.npmjs.org/google-logging-utils/-/google-logging-utils-1.1.3.tgz. Extracting by manifest.
2419 silly tarball no local data for gcp-metadata@https://registry.npmjs.org/gcp-metadata/-/gcp-metadata-8.1.2.tgz. Extracting by manifest.
2420 silly tarball no local data for ecdsa-sig-formatter@https://registry.npmjs.org/ecdsa-sig-formatter/-/ecdsa-sig-formatter-1.0.11.tgz. Extracting by manifest.
2421 silly tarball no local data for base64-js@https://registry.npmjs.org/base64-js/-/base64-js-1.5.1.tgz. Extracting by manifest.
2422 silly tarball no local data for uuid@https://registry.npmjs.org/uuid/-/uuid-9.0.1.tgz. Extracting by manifest.
2423 silly tarball no local data for node-fetch@https://registry.npmjs.org/node-fetch/-/node-fetch-2.7.0.tgz. Extracting by manifest.
2424 silly tarball no local data for is-stream@https://registry.npmjs.org/is-stream/-/is-stream-2.0.1.tgz. Extracting by manifest.
2425 silly tarball no local data for https-proxy-agent@https://registry.npmjs.org/https-proxy-agent/-/https-proxy-agent-7.0.6.tgz. Extracting by manifest.
2426 silly tarball no local data for ms@https://registry.npmjs.org/ms/-/ms-2.0.0.tgz. Extracting by manifest.
2427 silly tarball no local data for raw-body@https://registry.npmjs.org/raw-body/-/raw-body-2.5.3.tgz. Extracting by manifest.
2428 silly tarball no local data for iconv-lite@https://registry.npmjs.org/iconv-lite/-/iconv-lite-0.4.24.tgz. Extracting by manifest.
2429 silly tarball no local data for unpipe@https://registry.npmjs.org/unpipe/-/unpipe-1.0.0.tgz. Extracting by manifest.
2430 silly tarball no local data for destroy@https://registry.npmjs.org/destroy/-/destroy-1.2.0.tgz. Extracting by manifest.
2431 silly tarball no local data for mime-types@https://registry.npmjs.org/mime-types/-/mime-types-2.1.35.tgz. Extracting by manifest.
2432 silly tarball no local data for negotiator@https://registry.npmjs.org/negotiator/-/negotiator-0.6.3.tgz. Extracting by manifest.
2433 silly tarball no local data for bytes@https://registry.npmjs.org/bytes/-/bytes-3.1.2.tgz. Extracting by manifest.
2434 silly tarball no local data for utils-merge@https://registry.npmjs.org/utils-merge/-/utils-merge-1.0.1.tgz. Extracting by manifest.
2435 silly tarball no local data for type-is@https://registry.npmjs.org/type-is/-/type-is-1.6.18.tgz. Extracting by manifest.
2436 silly tarball no local data for statuses@https://registry.npmjs.org/statuses/-/statuses-2.0.2.tgz. Extracting by manifest.
2437 silly tarball no local data for setprototypeof@https://registry.npmjs.org/setprototypeof/-/setprototypeof-1.2.0.tgz. Extracting by manifest.
2438 silly tarball no local data for serve-static@https://registry.npmjs.org/serve-static/-/serve-static-1.16.3.tgz. Extracting by manifest.
2439 silly tarball no local data for range-parser@https://registry.npmjs.org/range-parser/-/range-parser-1.2.1.tgz. Extracting by manifest.
2440 silly tarball no local data for safe-buffer@https://registry.npmjs.org/safe-buffer/-/safe-buffer-5.2.1.tgz. Extracting by manifest.
2441 silly tarball no local data for qs@https://registry.npmjs.org/qs/-/qs-6.15.3.tgz. Extracting by manifest.
2442 silly tarball no local data for send@https://registry.npmjs.org/send/-/send-0.19.2.tgz. Extracting by manifest.
2443 silly tarball no local data for proxy-addr@https://registry.npmjs.org/proxy-addr/-/proxy-addr-2.0.7.tgz. Extracting by manifest.
2444 silly tarball no local data for parseurl@https://registry.npmjs.org/parseurl/-/parseurl-1.3.3.tgz. Extracting by manifest.
2445 silly tarball no local data for path-to-regexp@https://registry.npmjs.org/path-to-regexp/-/path-to-regexp-0.1.13.tgz. Extracting by manifest.
2446 silly tarball no local data for on-finished@https://registry.npmjs.org/on-finished/-/on-finished-2.4.1.tgz. Extracting by manifest.
2447 silly tarball no local data for methods@https://registry.npmjs.org/methods/-/methods-1.1.2.tgz. Extracting by manifest.
2448 silly tarball no local data for http-errors@https://registry.npmjs.org/http-errors/-/http-errors-2.0.1.tgz. Extracting by manifest.
2449 silly tarball no local data for finalhandler@https://registry.npmjs.org/finalhandler/-/finalhandler-1.3.2.tgz. Extracting by manifest.
2450 silly tarball no local data for fresh@https://registry.npmjs.org/fresh/-/fresh-0.5.2.tgz. Extracting by manifest.
2451 silly tarball no local data for merge-descriptors@https://registry.npmjs.org/merge-descriptors/-/merge-descriptors-1.0.3.tgz. Extracting by manifest.
2452 silly tarball no local data for etag@https://registry.npmjs.org/etag/-/etag-1.8.1.tgz. Extracting by manifest.
2453 silly tarball no local data for escape-html@https://registry.npmjs.org/escape-html/-/escape-html-1.0.3.tgz. Extracting by manifest.
2454 silly tarball no local data for encodeurl@https://registry.npmjs.org/encodeurl/-/encodeurl-2.0.0.tgz. Extracting by manifest.
2455 silly tarball no local data for depd@https://registry.npmjs.org/depd/-/depd-2.0.0.tgz. Extracting by manifest.
2456 silly tarball no local data for debug@https://registry.npmjs.org/debug/-/debug-2.6.9.tgz. Extracting by manifest.
2457 silly tarball no local data for cookie-signature@https://registry.npmjs.org/cookie-signature/-/cookie-signature-1.0.7.tgz. Extracting by manifest.
2458 silly tarball no local data for cookie@https://registry.npmjs.org/cookie/-/cookie-0.7.2.tgz. Extracting by manifest.
2459 silly tarball no local data for content-type@https://registry.npmjs.org/content-type/-/content-type-1.0.5.tgz. Extracting by manifest.
2460 silly tarball no local data for body-parser@https://registry.npmjs.org/body-parser/-/body-parser-1.20.6.tgz. Extracting by manifest.
2461 silly tarball no local data for content-disposition@https://registry.npmjs.org/content-disposition/-/content-disposition-0.5.4.tgz. Extracting by manifest.
2462 silly tarball no local data for array-flatten@https://registry.npmjs.org/array-flatten/-/array-flatten-1.1.1.tgz. Extracting by manifest.
2463 silly tarball no local data for accepts@https://registry.npmjs.org/accepts/-/accepts-1.3.8.tgz. Extracting by manifest.
2464 silly tarball no local data for @types/http-errors@https://registry.npmjs.org/@types/http-errors/-/http-errors-2.0.5.tgz. Extracting by manifest.
2465 silly tarball no local data for vary@https://registry.npmjs.org/vary/-/vary-1.1.2.tgz. Extracting by manifest.
2466 silly tarball no local data for @types/send@https://registry.npmjs.org/@types/send/-/send-1.2.1.tgz. Extracting by manifest.
2467 silly tarball no local data for object-assign@https://registry.npmjs.org/object-assign/-/object-assign-4.1.1.tgz. Extracting by manifest.
2468 silly tarball no local data for @types/range-parser@https://registry.npmjs.org/@types/range-parser/-/range-parser-1.2.7.tgz. Extracting by manifest.
2469 silly tarball no local data for @types/serve-static@https://registry.npmjs.org/@types/serve-static/-/serve-static-1.15.10.tgz. Extracting by manifest.
2470 silly tarball no local data for @types/connect@https://registry.npmjs.org/@types/connect/-/connect-3.4.38.tgz. Extracting by manifest.
2471 silly tarball no local data for @types/qs@https://registry.npmjs.org/@types/qs/-/qs-6.15.1.tgz. Extracting by manifest.
2472 silly tarball no local data for @types/express-serve-static-core@https://registry.npmjs.org/@types/express-serve-static-core/-/express-serve-static-core-4.19.9.tgz. Extracting by manifest.
2473 silly tarball no local data for express@https://registry.npmjs.org/express/-/express-4.22.2.tgz. Extracting by manifest.
2474 silly tarball no local data for cors@https://registry.npmjs.org/cors/-/cors-2.8.6.tgz. Extracting by manifest.
2475 silly tarball no local data for @types/body-parser@https://registry.npmjs.org/@types/body-parser/-/body-parser-1.19.6.tgz. Extracting by manifest.
2476 silly tarball no local data for @types/express@https://registry.npmjs.org/@types/express/-/express-4.17.25.tgz. Extracting by manifest.
2477 silly tarball no local data for @types/cors@https://registry.npmjs.org/@types/cors/-/cors-2.8.19.tgz. Extracting by manifest.
2478 silly tarball no local data for websocket-driver@https://registry.npmjs.org/websocket-driver/-/websocket-driver-0.7.5.tgz. Extracting by manifest.
2479 silly tarball no local data for xml-naming@https://registry.npmjs.org/xml-naming/-/xml-naming-0.3.0.tgz. Extracting by manifest.
2480 silly tarball no local data for strnum@https://registry.npmjs.org/strnum/-/strnum-2.4.2.tgz. Extracting by manifest.
2481 silly tarball no local data for path-expression-matcher@https://registry.npmjs.org/path-expression-matcher/-/path-expression-matcher-1.6.2.tgz. Extracting by manifest.
2482 silly tarball no local data for is-unsafe@https://registry.npmjs.org/is-unsafe/-/is-unsafe-2.0.0.tgz. Extracting by manifest.
2483 silly tarball no local data for @nodable/entities@https://registry.npmjs.org/@nodable/entities/-/entities-3.0.0.tgz. Extracting by manifest.
2484 silly tarball no local data for fast-xml-builder@https://registry.npmjs.org/fast-xml-builder/-/fast-xml-builder-1.3.1.tgz. Extracting by manifest.
2485 silly tarball no local data for once@https://registry.npmjs.org/once/-/once-1.4.0.tgz. Extracting by manifest.
2486 silly tarball no local data for stream-shift@https://registry.npmjs.org/stream-shift/-/stream-shift-1.0.3.tgz. Extracting by manifest.
2487 silly tarball no local data for readable-stream@https://registry.npmjs.org/readable-stream/-/readable-stream-3.6.2.tgz. Extracting by manifest.
2488 silly tarball no local data for end-of-stream@https://registry.npmjs.org/end-of-stream/-/end-of-stream-1.4.5.tgz. Extracting by manifest.
2489 silly tarball no local data for inherits@https://registry.npmjs.org/inherits/-/inherits-2.0.4.tgz. Extracting by manifest.
2490 silly tarball no local data for retry@https://registry.npmjs.org/retry/-/retry-0.13.1.tgz. Extracting by manifest.
2491 silly tarball no local data for extend@https://registry.npmjs.org/extend/-/extend-3.0.2.tgz. Extracting by manifest.
2492 silly tarball no local data for event-target-shim@https://registry.npmjs.org/event-target-shim/-/event-target-shim-5.0.1.tgz. Extracting by manifest.
2493 silly tarball no local data for arrify@https://registry.npmjs.org/arrify/-/arrify-2.0.1.tgz. Extracting by manifest.
2494 silly tarball no local data for retry-request@https://registry.npmjs.org/retry-request/-/retry-request-7.0.2.tgz. Extracting by manifest.
2495 silly tarball no local data for teeny-request@https://registry.npmjs.org/teeny-request/-/teeny-request-9.0.0.tgz. Extracting by manifest.
2496 silly tarball no local data for p-limit@https://registry.npmjs.org/p-limit/-/p-limit-3.1.0.tgz. Extracting by manifest.
2497 silly tarball no local data for mime@https://registry.npmjs.org/mime/-/mime-3.0.0.tgz. Extracting by manifest.
2498 silly tarball no local data for html-entities@https://registry.npmjs.org/html-entities/-/html-entities-2.6.0.tgz. Extracting by manifest.
2499 silly tarball no local data for gaxios@https://registry.npmjs.org/gaxios/-/gaxios-6.7.1.tgz. Extracting by manifest.
2500 silly tarball no local data for fast-xml-parser@https://registry.npmjs.org/fast-xml-parser/-/fast-xml-parser-5.10.1.tgz. Extracting by manifest.
2501 silly tarball no local data for duplexify@https://registry.npmjs.org/duplexify/-/duplexify-4.1.3.tgz. Extracting by manifest.
2502 silly tarball no local data for async-retry@https://registry.npmjs.org/async-retry/-/async-retry-1.3.3.tgz. Extracting by manifest.
2503 silly tarball no local data for abort-controller@https://registry.npmjs.org/abort-controller/-/abort-controller-3.0.0.tgz. Extracting by manifest.
2504 silly tarball no local data for @google-cloud/promisify@https://registry.npmjs.org/@google-cloud/promisify/-/promisify-4.0.0.tgz. Extracting by manifest.
2505 silly tarball no local data for @google-cloud/paginator@https://registry.npmjs.org/@google-cloud/paginator/-/paginator-5.0.2.tgz. Extracting by manifest.
2506 silly tarball no local data for @google-cloud/projectify@https://registry.npmjs.org/@google-cloud/projectify/-/projectify-4.0.0.tgz. Extracting by manifest.
2507 silly tarball no local data for protobufjs@https://registry.npmjs.org/protobufjs/-/protobufjs-7.6.5.tgz. Extracting by manifest.
2508 silly tarball no local data for google-gax@https://registry.npmjs.org/google-gax/-/google-gax-4.6.1.tgz. Extracting by manifest.
2509 silly tarball no local data for @opentelemetry/api@https://registry.npmjs.org/@opentelemetry/api/-/api-1.9.1.tgz. Extracting by manifest.
2510 silly tarball no local data for @firebase/app-types@https://registry.npmjs.org/@firebase/app-types/-/app-types-0.9.5.tgz. Extracting by manifest.
2511 silly tarball no local data for functional-red-black-tree@https://registry.npmjs.org/functional-red-black-tree/-/functional-red-black-tree-1.0.1.tgz. Extracting by manifest.
2512 silly tarball no local data for faye-websocket@https://registry.npmjs.org/faye-websocket/-/faye-websocket-0.11.4.tgz. Extracting by manifest.
2513 silly tarball no local data for tslib@https://registry.npmjs.org/tslib/-/tslib-2.8.1.tgz. Extracting by manifest.
2514 silly tarball no local data for @firebase/auth-interop-types@https://registry.npmjs.org/@firebase/auth-interop-types/-/auth-interop-types-0.2.5.tgz. Extracting by manifest.
2515 silly tarball no local data for @firebase/app-check-interop-types@https://registry.npmjs.org/@firebase/app-check-interop-types/-/app-check-interop-types-0.3.4.tgz. Extracting by manifest.
2516 silly tarball no local data for @firebase/util@https://registry.npmjs.org/@firebase/util/-/util-1.15.2.tgz. Extracting by manifest.
2517 silly tarball no local data for jwks-rsa@https://registry.npmjs.org/jwks-rsa/-/jwks-rsa-3.2.2.tgz. Extracting by manifest.
2518 silly tarball no local data for @firebase/logger@https://registry.npmjs.org/@firebase/logger/-/logger-0.5.1.tgz. Extracting by manifest.
2519 silly tarball no local data for @firebase/component@https://registry.npmjs.org/@firebase/component/-/component-0.7.4.tgz. Extracting by manifest.
2520 silly tarball no local data for @firebase/database@https://registry.npmjs.org/@firebase/database/-/database-1.1.4.tgz. Extracting by manifest.
2521 silly tarball no local data for jsonwebtoken@https://registry.npmjs.org/jsonwebtoken/-/jsonwebtoken-9.0.3.tgz. Extracting by manifest.
2522 silly tarball no local data for google-auth-library@https://registry.npmjs.org/google-auth-library/-/google-auth-library-10.9.1.tgz. Extracting by manifest.
2523 silly tarball no local data for fast-deep-equal@https://registry.npmjs.org/fast-deep-equal/-/fast-deep-equal-3.1.3.tgz. Extracting by manifest.
2524 silly tarball no local data for farmhash-modern@https://registry.npmjs.org/farmhash-modern/-/farmhash-modern-1.1.0.tgz. Extracting by manifest.
2525 silly tarball no local data for @google-cloud/storage@https://registry.npmjs.org/@google-cloud/storage/-/storage-7.22.0.tgz. Extracting by manifest.
2526 silly tarball no local data for @google-cloud/firestore@https://registry.npmjs.org/@google-cloud/firestore/-/firestore-7.11.6.tgz. Extracting by manifest.
2527 silly tarball no local data for @firebase/database-types@https://registry.npmjs.org/@firebase/database-types/-/database-types-1.0.21.tgz. Extracting by manifest.
2528 silly tarball no local data for @firebase/database-compat@https://registry.npmjs.org/@firebase/database-compat/-/database-compat-2.1.6.tgz. Extracting by manifest.
2529 silly tarball no local data for @fastify/busboy@https://registry.npmjs.org/@fastify/busboy/-/busboy-3.2.1.tgz. Extracting by manifest.
2530 silly tarball no local data for undici-types@https://registry.npmjs.org/undici-types/-/undici-types-6.21.0.tgz. Extracting by manifest.
2531 silly tarball no local data for vitest@https://registry.npmjs.org/vitest/-/vitest-3.2.7.tgz. Extracting by manifest.
2532 silly tarball no local data for typescript@https://registry.npmjs.org/typescript/-/typescript-5.9.3.tgz. Extracting by manifest.
2533 silly tarball no local data for @types/node@https://registry.npmjs.org/@types/node/-/node-22.20.1.tgz. Extracting by manifest.
2534 silly tarball no local data for firebase-functions@https://registry.npmjs.org/firebase-functions/-/firebase-functions-6.6.0.tgz. Extracting by manifest.
2535 silly tarball no local data for firebase-admin@https://registry.npmjs.org/firebase-admin/-/firebase-admin-13.10.0.tgz. Extracting by manifest.
2536 silly tarball no local data for ms@https://registry.npmjs.org/ms/-/ms-2.1.3.tgz. Extracting by manifest.
2537 silly tarball no local data for debug@https://registry.npmjs.org/debug/-/debug-4.4.3.tgz. Extracting by manifest.
2538 silly tarball no local data for ms@https://registry.npmjs.org/ms/-/ms-2.1.3.tgz. Extracting by manifest.
2539 silly tarball no local data for @grpc/proto-loader@https://registry.npmjs.org/@grpc/proto-loader/-/proto-loader-0.8.1.tgz. Extracting by manifest.
2540 silly tarball no local data for debug@https://registry.npmjs.org/debug/-/debug-4.4.3.tgz. Extracting by manifest.
2541 silly tarball no local data for agent-base@https://registry.npmjs.org/agent-base/-/agent-base-6.0.2.tgz. Extracting by manifest.
2542 silly tarball no local data for node-fetch@https://registry.npmjs.org/node-fetch/-/node-fetch-3.3.2.tgz. Extracting by manifest.
2543 silly tarball no local data for gaxios@https://registry.npmjs.org/gaxios/-/gaxios-7.3.1.tgz. Extracting by manifest.
2544 silly tarball no local data for ms@https://registry.npmjs.org/ms/-/ms-2.1.3.tgz. Extracting by manifest.
2545 silly tarball no local data for debug@https://registry.npmjs.org/debug/-/debug-4.4.3.tgz. Extracting by manifest.
2546 silly tarball no local data for @types/send@https://registry.npmjs.org/@types/send/-/send-0.17.6.tgz. Extracting by manifest.
2547 silly tarball no local data for ms@https://registry.npmjs.org/ms/-/ms-2.1.3.tgz. Extracting by manifest.
2548 silly tarball no local data for mime@https://registry.npmjs.org/mime/-/mime-1.6.0.tgz. Extracting by manifest.
2549 silly tarball no local data for ms@https://registry.npmjs.org/ms/-/ms-2.1.3.tgz. Extracting by manifest.
2550 silly tarball no local data for google-logging-utils@https://registry.npmjs.org/google-logging-utils/-/google-logging-utils-0.0.2.tgz. Extracting by manifest.
2551 silly tarball no local data for gcp-metadata@https://registry.npmjs.org/gcp-metadata/-/gcp-metadata-6.1.1.tgz. Extracting by manifest.
2552 silly tarball no local data for debug@https://registry.npmjs.org/debug/-/debug-4.4.3.tgz. Extracting by manifest.
2553 silly tarball no local data for https-proxy-agent@https://registry.npmjs.org/https-proxy-agent/-/https-proxy-agent-5.0.1.tgz. Extracting by manifest.
2554 silly tarball no local data for agent-base@https://registry.npmjs.org/agent-base/-/agent-base-6.0.2.tgz. Extracting by manifest.
2555 silly tarball no local data for ms@https://registry.npmjs.org/ms/-/ms-2.1.3.tgz. Extracting by manifest.
2556 silly tarball no local data for node-fetch@https://registry.npmjs.org/node-fetch/-/node-fetch-3.3.2.tgz. Extracting by manifest.
2557 silly tarball no local data for debug@https://registry.npmjs.org/debug/-/debug-4.4.3.tgz. Extracting by manifest.
2558 silly tarball no local data for ms@https://registry.npmjs.org/ms/-/ms-2.1.3.tgz. Extracting by manifest.
2559 silly tarball no local data for gaxios@https://registry.npmjs.org/gaxios/-/gaxios-7.3.1.tgz. Extracting by manifest.
2560 silly tarball no local data for ms@https://registry.npmjs.org/ms/-/ms-2.1.3.tgz. Extracting by manifest.
2561 silly tarball no local data for google-logging-utils@https://registry.npmjs.org/google-logging-utils/-/google-logging-utils-0.0.2.tgz. Extracting by manifest.
2562 silly tarball no local data for debug@https://registry.npmjs.org/debug/-/debug-4.4.3.tgz. Extracting by manifest.
2563 silly tarball no local data for google-auth-library@https://registry.npmjs.org/google-auth-library/-/google-auth-library-9.15.1.tgz. Extracting by manifest.
2564 silly tarball no local data for gcp-metadata@https://registry.npmjs.org/gcp-metadata/-/gcp-metadata-6.1.1.tgz. Extracting by manifest.
2565 silly tarball no local data for google-auth-library@https://registry.npmjs.org/google-auth-library/-/google-auth-library-9.15.1.tgz. Extracting by manifest.
2566 http fetch POST 200 https://registry.npmjs.org/-/npm/v1/security/advisories/bulk 936ms
2567 silly audit report {
2567 silly audit report   uuid: [
2567 silly audit report     {
2567 silly audit report       id: 1119441,
2567 silly audit report       url: 'https://github.com/advisories/GHSA-w5hq-g745-h8pq',
2567 silly audit report       title: 'uuid: Missing buffer bounds check in v3/v5/v6 when buf is provided',
2567 silly audit report       severity: 'moderate',
2567 silly audit report       vulnerable_versions: '<11.1.1',
2567 silly audit report       cwe: [Array],
2567 silly audit report       cvss: [Object]
2567 silly audit report     }
2567 silly audit report   ]
2567 silly audit report }
2568 silly packumentCache corgi:https://registry.npmjs.org/uuid cache-miss
2569 http fetch GET 200 https://registry.npmjs.org/node-domexception/-/node-domexception-1.0.0.tgz 1685ms (cache miss)
2570 http fetch GET 200 https://registry.npmjs.org/fetch-blob/-/fetch-blob-3.2.0.tgz 1683ms (cache miss)
2571 http fetch GET 200 https://registry.npmjs.org/@types/mime/-/mime-1.3.5.tgz 1681ms (cache miss)
2572 http fetch GET 200 https://registry.npmjs.org/formdata-polyfill/-/formdata-polyfill-4.0.10.tgz 1687ms (cache miss)
2573 http fetch GET 200 https://registry.npmjs.org/data-uri-to-buffer/-/data-uri-to-buffer-4.0.1.tgz 1699ms (cache miss)
2574 http fetch GET 200 https://registry.npmjs.org/get-caller-file/-/get-caller-file-2.0.5.tgz 1748ms (cache miss)
2575 http fetch GET 200 https://registry.npmjs.org/y18n/-/y18n-5.0.8.tgz 1753ms (cache miss)
2576 http fetch GET 200 https://registry.npmjs.org/string-width/-/string-width-4.2.3.tgz 1752ms (cache miss)
2577 http fetch GET 200 https://registry.npmjs.org/gtoken/-/gtoken-7.1.0.tgz 1854ms (cache miss)
2578 http fetch GET 200 https://registry.npmjs.org/siginfo/-/siginfo-2.0.0.tgz 1845ms (cache miss)
2579 http fetch GET 200 https://registry.npmjs.org/webidl-conversions/-/webidl-conversions-3.0.1.tgz 1846ms (cache miss)
2580 http fetch GET 200 https://registry.npmjs.org/stackback/-/stackback-0.0.2.tgz 1930ms (cache miss)
2581 http fetch GET 200 https://registry.npmjs.org/require-directory/-/require-directory-2.1.1.tgz 1951ms (cache miss)
2582 http fetch GET 200 https://registry.npmjs.org/escalade/-/escalade-3.2.0.tgz 1951ms (cache miss)
2583 http fetch GET 200 https://registry.npmjs.org/cliui/-/cliui-8.0.1.tgz 2012ms (cache miss)
2584 http fetch GET 200 https://registry.npmjs.org/picocolors/-/picocolors-1.1.1.tgz 2102ms (cache miss)
2585 http fetch GET 200 https://registry.npmjs.org/http-parser-js/-/http-parser-js-0.5.10.tgz 2178ms (cache miss)
2586 http fetch GET 200 https://registry.npmjs.org/fdir/-/fdir-6.5.0.tgz 2174ms (cache miss)
2587 http fetch GET 200 https://registry.npmjs.org/pathval/-/pathval-2.0.1.tgz 2175ms (cache miss)
2588 http fetch GET 200 https://registry.npmjs.org/tinyrainbow/-/tinyrainbow-2.0.0.tgz 2162ms (cache miss)
2589 http fetch GET 200 https://registry.npmjs.org/@types/deep-eql/-/deep-eql-4.0.2.tgz 2178ms (cache miss)
2590 http fetch GET 200 https://registry.npmjs.org/std-env/-/std-env-3.10.0.tgz 2163ms (cache miss)
2591 http fetch GET 200 https://registry.npmjs.org/http-proxy-agent/-/http-proxy-agent-5.0.0.tgz 2177ms (cache miss)
2592 http fetch GET 200 https://registry.npmjs.org/side-channel-list/-/side-channel-list-1.0.1.tgz 2176ms (cache miss)
2593 http fetch GET 200 https://registry.npmjs.org/@tootallnate/once/-/once-2.0.1.tgz 2189ms (cache miss)
2594 http fetch GET 200 https://registry.npmjs.org/color-name/-/color-name-1.1.4.tgz 2308ms (cache miss)
2595 http fetch GET 200 https://registry.npmjs.org/pathe/-/pathe-2.0.3.tgz 2255ms (cache miss)
2596 http fetch GET 200 https://registry.npmjs.org/has-symbols/-/has-symbols-1.1.0.tgz 2267ms (cache miss)
2597 http fetch GET 200 https://registry.npmjs.org/gopd/-/gopd-1.2.0.tgz 2267ms (cache miss)
2598 http fetch GET 200 https://registry.npmjs.org/wrap-ansi/-/wrap-ansi-7.0.0.tgz 2397ms (cache miss)
2599 http fetch GET 200 https://registry.npmjs.org/assertion-error/-/assertion-error-2.0.1.tgz 2365ms (cache miss)
2600 http fetch GET 200 https://registry.npmjs.org/tinyspy/-/tinyspy-4.0.4.tgz 2368ms (cache miss)
2601 http fetch GET 200 https://registry.npmjs.org/strip-literal/-/strip-literal-3.1.0.tgz 2368ms (cache miss)
2602 http fetch GET 200 https://registry.npmjs.org/stubs/-/stubs-3.0.0.tgz 2376ms (cache miss)
2603 http fetch GET 200 https://registry.npmjs.org/stream-events/-/stream-events-1.0.5.tgz 2378ms (cache miss)
2604 http fetch GET 200 https://registry.npmjs.org/has-tostringtag/-/has-tostringtag-1.0.2.tgz 2363ms (cache miss)
2605 http fetch GET 200 https://registry.npmjs.org/hasown/-/hasown-2.0.4.tgz 2363ms (cache miss)
2606 http fetch GET 200 https://registry.npmjs.org/get-intrinsic/-/get-intrinsic-1.3.0.tgz 2367ms (cache miss)
2607 http fetch GET 200 https://registry.npmjs.org/asynckit/-/asynckit-0.4.0.tgz 2362ms (cache miss)
2608 http fetch GET 200 https://registry.npmjs.org/ansi-regex/-/ansi-regex-5.0.1.tgz 2503ms (cache miss)
2609 http fetch GET 200 https://registry.npmjs.org/is-fullwidth-code-point/-/is-fullwidth-code-point-3.0.0.tgz 2505ms (cache miss)
2610 http fetch GET 200 https://registry.npmjs.org/check-error/-/check-error-2.1.3.tgz 2472ms (cache miss)
2611 http fetch GET 200 https://registry.npmjs.org/side-channel-weakmap/-/side-channel-weakmap-1.0.2.tgz 2470ms (cache miss)
2612 http fetch GET 200 https://registry.npmjs.org/es-object-atoms/-/es-object-atoms-1.1.2.tgz 2463ms (cache miss)
2613 http fetch GET 200 https://registry.npmjs.org/string_decoder/-/string_decoder-1.3.0.tgz 2454ms (cache miss)
2614 http fetch GET 200 https://registry.npmjs.org/util-deprecate/-/util-deprecate-1.0.2.tgz 2456ms (cache miss)
2615 http fetch GET 200 https://registry.npmjs.org/@types/tough-cookie/-/tough-cookie-4.0.5.tgz 2455ms (cache miss)
2616 http fetch GET 200 https://registry.npmjs.org/strip-ansi/-/strip-ansi-6.0.1.tgz 2605ms (cache miss)
2617 http fetch GET 200 https://registry.npmjs.org/media-typer/-/media-typer-0.3.0.tgz 2543ms (cache miss)
2618 http fetch GET 200 https://registry.npmjs.org/@types/request/-/request-2.48.13.tgz 2559ms (cache miss)
2619 http fetch GET 200 https://registry.npmjs.org/forwarded/-/forwarded-0.2.0.tgz 2557ms (cache miss)
2620 http fetch GET 200 https://registry.npmjs.org/@types/caseless/-/caseless-0.12.5.tgz 2561ms (cache miss)
2621 http fetch GET 200 https://registry.npmjs.org/@protobufjs/float/-/float-1.0.2.tgz 2561ms (cache miss)
2622 http fetch GET 200 https://registry.npmjs.org/js-tokens/-/js-tokens-9.0.1.tgz 2678ms (cache miss)
2623 http fetch GET 200 https://registry.npmjs.org/combined-stream/-/combined-stream-1.0.8.tgz 2675ms (cache miss)
2624 http fetch GET 200 https://registry.npmjs.org/@protobufjs/fetch/-/fetch-1.1.1.tgz 2664ms (cache miss)
2625 http fetch GET 200 https://registry.npmjs.org/@protobufjs/base64/-/base64-1.1.2.tgz 2662ms (cache miss)
2626 http fetch GET 200 https://registry.npmjs.org/@protobufjs/aspromise/-/aspromise-1.1.2.tgz 2661ms (cache miss)
2627 http fetch GET 200 https://registry.npmjs.org/wrappy/-/wrappy-1.0.2.tgz 2658ms (cache miss)
2628 http fetch GET 200 https://registry.npmjs.org/@vitest/pretty-format/-/pretty-format-3.2.7.tgz 2808ms (cache miss)
2629 http fetch GET 200 https://registry.npmjs.org/whatwg-url/-/whatwg-url-5.0.0.tgz 2752ms (cache miss)
2630 http fetch GET 200 https://registry.npmjs.org/@types/ms/-/ms-2.1.0.tgz 2752ms (cache miss)
2631 http fetch GET 200 https://registry.npmjs.org/jwa/-/jwa-2.0.1.tgz 2753ms (cache miss)
2632 http fetch GET 200 https://registry.npmjs.org/deep-eql/-/deep-eql-5.0.2.tgz 2890ms (cache miss)
2633 http fetch GET 200 https://registry.npmjs.org/anynum/-/anynum-1.0.1.tgz 2911ms (cache miss)
2634 http fetch GET 200 https://registry.npmjs.org/yocto-queue/-/yocto-queue-0.1.0.tgz 2869ms (cache miss)
2635 http fetch GET 200 https://registry.npmjs.org/@protobufjs/codegen/-/codegen-2.0.5.tgz 2872ms (cache miss)
2636 http fetch GET 200 https://registry.npmjs.org/ee-first/-/ee-first-1.1.1.tgz 2872ms (cache miss)
2637 http fetch GET 200 https://registry.npmjs.org/lru-cache/-/lru-cache-6.0.0.tgz 2869ms (cache miss)
2638 http fetch GET 200 https://registry.npmjs.org/lodash.once/-/lodash.once-4.1.1.tgz 2860ms (cache miss)
2639 http fetch GET 200 https://registry.npmjs.org/@types/jsonwebtoken/-/jsonwebtoken-9.0.10.tgz 2870ms (cache miss)
2640 http fetch GET 200 https://registry.npmjs.org/lodash.isplainobject/-/lodash.isplainobject-4.0.6.tgz 2864ms (cache miss)
2641 http fetch GET 200 https://registry.npmjs.org/lodash.isstring/-/lodash.isstring-4.0.1.tgz 2868ms (cache miss)
2642 http fetch GET 200 https://registry.npmjs.org/lodash.isinteger/-/lodash.isinteger-4.0.4.tgz 2979ms (cache miss)
2643 http fetch GET 200 https://registry.npmjs.org/toidentifier/-/toidentifier-1.0.1.tgz 2974ms (cache miss)
2644 http fetch GET 200 https://registry.npmjs.org/safer-buffer/-/safer-buffer-2.1.2.tgz 2979ms (cache miss)
2645 http fetch GET 200 https://registry.npmjs.org/lodash.isboolean/-/lodash.isboolean-3.0.3.tgz 2985ms (cache miss)
2646 http fetch GET 200 https://registry.npmjs.org/@types/chai/-/chai-5.2.3.tgz 3169ms (cache miss)
2647 http fetch GET 200 https://registry.npmjs.org/lodash.clonedeep/-/lodash.clonedeep-4.5.0.tgz 3114ms (cache miss)
2648 http fetch GET 200 https://registry.npmjs.org/buffer-equal-constant-time/-/buffer-equal-constant-time-1.0.1.tgz 3109ms (cache miss)
2649 http fetch GET 200 https://registry.npmjs.org/lodash.includes/-/lodash.includes-4.3.0.tgz 3099ms (cache miss)
2650 http fetch GET 200 https://registry.npmjs.org/@vitest/spy/-/spy-3.2.7.tgz 3219ms (cache miss)
2651 http fetch GET 200 https://registry.npmjs.org/lodash.camelcase/-/lodash.camelcase-4.3.0.tgz 3223ms (cache miss)
2652 http fetch GET 200 https://registry.npmjs.org/lodash.isnumber/-/lodash.isnumber-3.0.3.tgz 3238ms (cache miss)
2653 http fetch GET 200 https://registry.npmjs.org/yallist/-/yallist-4.0.0.tgz 3350ms (cache miss)
2654 http fetch GET 200 https://registry.npmjs.org/@types/long/-/long-4.0.2.tgz 3327ms (cache miss)
2655 http fetch GET 200 https://registry.npmjs.org/is-stream/-/is-stream-2.0.1.tgz 3316ms (cache miss)
2656 http fetch GET 200 https://registry.npmjs.org/https-proxy-agent/-/https-proxy-agent-7.0.6.tgz 3318ms (cache miss)
2657 http fetch GET 200 https://registry.npmjs.org/negotiator/-/negotiator-0.6.3.tgz 3317ms (cache miss)
2658 http fetch GET 200 https://registry.npmjs.org/utils-merge/-/utils-merge-1.0.1.tgz 3317ms (cache miss)
2659 http fetch GET 200 https://registry.npmjs.org/ansi-styles/-/ansi-styles-4.3.0.tgz 3519ms (cache miss)
2660 http fetch GET 200 https://registry.npmjs.org/unpipe/-/unpipe-1.0.0.tgz 3407ms (cache miss)
2661 http fetch GET 200 https://registry.npmjs.org/setprototypeof/-/setprototypeof-1.2.0.tgz 3407ms (cache miss)
2662 http fetch GET 200 https://registry.npmjs.org/range-parser/-/range-parser-1.2.1.tgz 3404ms (cache miss)
2663 http fetch GET 200 https://registry.npmjs.org/path-to-regexp/-/path-to-regexp-0.1.13.tgz 3398ms (cache miss)
2664 http fetch GET 200 https://registry.npmjs.org/escape-html/-/escape-html-1.0.3.tgz 3395ms (cache miss)
2665 http fetch GET 200 https://registry.npmjs.org/encodeurl/-/encodeurl-2.0.0.tgz 3398ms (cache miss)
2666 http fetch GET 200 https://registry.npmjs.org/delayed-stream/-/delayed-stream-1.0.0.tgz 3562ms (cache miss)
2667 http fetch GET 200 https://registry.npmjs.org/ms/-/ms-2.0.0.tgz 3494ms (cache miss)
2668 http fetch GET 200 https://registry.npmjs.org/mime-types/-/mime-types-2.1.35.tgz 3492ms (cache miss)
2669 http fetch GET 200 https://registry.npmjs.org/@types/estree/-/estree-1.0.9.tgz 3659ms (cache miss)
2670 http fetch GET 200 https://registry.npmjs.org/cookie-signature/-/cookie-signature-1.0.7.tgz 3471ms (cache miss)
2671 http fetch GET 200 https://registry.npmjs.org/body-parser/-/body-parser-1.20.6.tgz 3474ms (cache miss)
2672 http fetch GET 200 https://registry.npmjs.org/@protobufjs/path/-/path-1.1.2.tgz 3618ms (cache miss)
2673 http fetch GET 200 https://registry.npmjs.org/raw-body/-/raw-body-2.5.3.tgz 3559ms (cache miss)
2674 http fetch GET 200 https://registry.npmjs.org/bytes/-/bytes-3.1.2.tgz 3555ms (cache miss)
2675 http fetch GET 200 https://registry.npmjs.org/destroy/-/destroy-1.2.0.tgz 3563ms (cache miss)
2676 http fetch GET 200 https://registry.npmjs.org/safe-buffer/-/safe-buffer-5.2.1.tgz 3553ms (cache miss)
2677 http fetch GET 200 https://registry.npmjs.org/methods/-/methods-1.1.2.tgz 3551ms (cache miss)
2678 http fetch GET 200 https://registry.npmjs.org/proxy-addr/-/proxy-addr-2.0.7.tgz 3558ms (cache miss)
2679 http fetch GET 200 https://registry.npmjs.org/etag/-/etag-1.8.1.tgz 3549ms (cache miss)
2680 http fetch GET 200 https://registry.npmjs.org/merge-descriptors/-/merge-descriptors-1.0.3.tgz 3553ms (cache miss)
2681 http fetch GET 200 https://registry.npmjs.org/object-assign/-/object-assign-4.1.1.tgz 3529ms (cache miss)
2682 http fetch GET 200 https://registry.npmjs.org/@types/send/-/send-1.2.1.tgz 3533ms (cache miss)
2683 http fetch GET 200 https://registry.npmjs.org/@types/serve-static/-/serve-static-1.15.10.tgz 3533ms (cache miss)
2684 http fetch GET 200 https://registry.npmjs.org/http-errors/-/http-errors-2.0.1.tgz 3646ms (cache miss)
2685 http fetch GET 200 https://registry.npmjs.org/cors/-/cors-2.8.6.tgz 3620ms (cache miss)
2686 http fetch GET 200 https://registry.npmjs.org/@types/express/-/express-4.17.25.tgz 3618ms (cache miss)
2687 http fetch GET 200 https://registry.npmjs.org/@types/cors/-/cors-2.8.19.tgz 3620ms (cache miss)
2688 http fetch GET 200 https://registry.npmjs.org/@types/body-parser/-/body-parser-1.19.6.tgz 3623ms (cache miss)
2689 http fetch GET 200 https://registry.npmjs.org/ipaddr.js/-/ipaddr.js-1.9.1.tgz 3800ms (cache miss)
2690 http fetch GET 200 https://registry.npmjs.org/type-is/-/type-is-1.6.18.tgz 3732ms (cache miss)
2691 http fetch GET 200 https://registry.npmjs.org/why-is-node-running/-/why-is-node-running-2.3.0.tgz 3896ms (cache miss)
2692 http fetch GET 200 https://registry.npmjs.org/on-finished/-/on-finished-2.4.1.tgz 3733ms (cache miss)
2693 http fetch GET 200 https://registry.npmjs.org/fresh/-/fresh-0.5.2.tgz 3730ms (cache miss)
2694 http fetch GET 200 https://registry.npmjs.org/content-type/-/content-type-1.0.5.tgz 3716ms (cache miss)
2695 http fetch GET 200 https://registry.npmjs.org/array-flatten/-/array-flatten-1.1.1.tgz 3714ms (cache miss)
2696 http fetch GET 200 https://registry.npmjs.org/@types/http-errors/-/http-errors-2.0.5.tgz 3714ms (cache miss)
2697 http fetch GET 200 https://registry.npmjs.org/@types/range-parser/-/range-parser-1.2.7.tgz 3711ms (cache miss)
2698 http fetch GET 200 https://registry.npmjs.org/@types/connect/-/connect-3.4.38.tgz 3710ms (cache miss)
2699 http fetch GET 200 https://registry.npmjs.org/strnum/-/strnum-2.4.2.tgz 3700ms (cache miss)
2700 http fetch GET 200 https://registry.npmjs.org/once/-/once-1.4.0.tgz 3695ms (cache miss)
2701 http fetch GET 200 https://registry.npmjs.org/stream-shift/-/stream-shift-1.0.3.tgz 3696ms (cache miss)
2702 http fetch GET 200 https://registry.npmjs.org/@protobufjs/eventemitter/-/eventemitter-1.1.1.tgz 3859ms (cache miss)
2703 http fetch GET 200 https://registry.npmjs.org/base64-js/-/base64-js-1.5.1.tgz 3807ms (cache miss)
2704 http fetch GET 200 https://registry.npmjs.org/object-hash/-/object-hash-3.0.0.tgz 3821ms (cache miss)
2705 http fetch GET 200 https://registry.npmjs.org/parseurl/-/parseurl-1.3.3.tgz 3788ms (cache miss)
2706 http fetch GET 200 https://registry.npmjs.org/content-disposition/-/content-disposition-0.5.4.tgz 3774ms (cache miss)
2707 http fetch GET 200 https://registry.npmjs.org/accepts/-/accepts-1.3.8.tgz 3771ms (cache miss)
2708 http fetch GET 200 https://registry.npmjs.org/@types/qs/-/qs-6.15.1.tgz 3763ms (cache miss)
2709 http fetch GET 200 https://registry.npmjs.org/xml-naming/-/xml-naming-0.3.0.tgz 3754ms (cache miss)
2710 http fetch GET 200 https://registry.npmjs.org/end-of-stream/-/end-of-stream-1.4.5.tgz 3747ms (cache miss)
2711 http fetch GET 200 https://registry.npmjs.org/@protobufjs/pool/-/pool-1.1.0.tgz 3913ms (cache miss)
2712 http fetch GET 200 https://registry.npmjs.org/serve-static/-/serve-static-1.16.3.tgz 3842ms (cache miss)
2713 http fetch GET 200 https://registry.npmjs.org/cookie/-/cookie-0.7.2.tgz 3820ms (cache miss)
2714 http fetch GET 200 https://registry.npmjs.org/vary/-/vary-1.1.2.tgz 3809ms (cache miss)
2715 http fetch GET 200 https://registry.npmjs.org/async-retry/-/async-retry-1.3.3.tgz 3773ms (cache miss)
2716 http fetch GET 200 https://registry.npmjs.org/p-limit/-/p-limit-3.1.0.tgz 3782ms (cache miss)
2717 http fetch GET 200 https://registry.npmjs.org/inherits/-/inherits-2.0.4.tgz 3827ms (cache miss)
2718 http fetch GET 200 https://registry.npmjs.org/retry-request/-/retry-request-7.0.2.tgz 3821ms (cache miss)
2719 http fetch GET 200 https://registry.npmjs.org/arrify/-/arrify-2.0.1.tgz 3824ms (cache miss)
2720 http fetch GET 200 https://registry.npmjs.org/@firebase/app-types/-/app-types-0.9.5.tgz 3805ms (cache miss)
2721 http fetch GET 200 https://registry.npmjs.org/statuses/-/statuses-2.0.2.tgz 3930ms (cache miss)
2722 http fetch GET 200 https://registry.npmjs.org/color-convert/-/color-convert-2.0.1.tgz 4132ms (cache miss)
2723 http fetch GET 200 https://registry.npmjs.org/emoji-regex/-/emoji-regex-8.0.0.tgz 4129ms (cache miss)
2724 http fetch GET 200 https://registry.npmjs.org/finalhandler/-/finalhandler-1.3.2.tgz 3921ms (cache miss)
2725 http fetch GET 200 https://registry.npmjs.org/@types/express-serve-static-core/-/express-serve-static-core-4.19.9.tgz 3891ms (cache miss)
2726 http fetch GET 200 https://registry.npmjs.org/faye-websocket/-/faye-websocket-0.11.4.tgz 3849ms (cache miss)
2727 http fetch GET 200 https://registry.npmjs.org/@firebase/auth-interop-types/-/auth-interop-types-0.2.5.tgz 3849ms (cache miss)
2728 http fetch GET 200 https://registry.npmjs.org/@firebase/app-check-interop-types/-/app-check-interop-types-0.3.4.tgz 3847ms (cache miss)
2729 http fetch GET 200 https://registry.npmjs.org/send/-/send-0.19.2.tgz 3964ms (cache miss)
2730 http fetch GET 200 https://registry.npmjs.org/fast-deep-equal/-/fast-deep-equal-3.1.3.tgz 3867ms (cache miss)
2731 http fetch GET 200 https://registry.npmjs.org/@firebase/component/-/component-0.7.4.tgz 3872ms (cache miss)
2732 http fetch GET 200 https://registry.npmjs.org/jsonwebtoken/-/jsonwebtoken-9.0.3.tgz 3871ms (cache miss)
2733 http fetch GET 200 https://registry.npmjs.org/tinybench/-/tinybench-2.9.0.tgz 4136ms (cache miss)
2734 http fetch GET 200 https://registry.npmjs.org/@firebase/database-types/-/database-types-1.0.21.tgz 3891ms (cache miss)
2735 http fetch GET 200 https://registry.npmjs.org/json-bigint/-/json-bigint-1.0.0.tgz 4049ms (cache miss)
2736 http fetch GET 200 https://registry.npmjs.org/@firebase/logger/-/logger-0.5.1.tgz 3931ms (cache miss)
2737 http fetch GET 200 https://registry.npmjs.org/agent-base/-/agent-base-6.0.2.tgz 3913ms (cache miss)
2738 http fetch GET 200 https://registry.npmjs.org/debug/-/debug-4.4.3.tgz 3914ms (cache miss)
2739 http fetch GET 200 https://registry.npmjs.org/es-module-lexer/-/es-module-lexer-1.7.0.tgz 4235ms (cache miss)
2740 http fetch GET 200 https://registry.npmjs.org/tinyglobby/-/tinyglobby-0.2.17.tgz 4202ms (cache miss)
2741 http fetch GET 200 https://registry.npmjs.org/esbuild/-/esbuild-0.28.2.tgz 4229ms (cache miss)
2742 http fetch GET 200 https://registry.npmjs.org/depd/-/depd-2.0.0.tgz 4040ms (cache miss)
2743 http fetch GET 200 https://registry.npmjs.org/ms/-/ms-2.1.3.tgz 3980ms (cache miss)
2744 http fetch GET 200 https://registry.npmjs.org/https-proxy-agent/-/https-proxy-agent-5.0.1.tgz 3967ms (cache miss)
2745 http fetch GET 200 https://registry.npmjs.org/es-set-tostringtag/-/es-set-tostringtag-2.1.0.tgz 4206ms (cache miss)
2746 http fetch GET 200 https://registry.npmjs.org/mime-db/-/mime-db-1.52.0.tgz 4182ms (cache miss)
2747 http fetch GET 200 https://registry.npmjs.org/@types/send/-/send-0.17.6.tgz 4023ms (cache miss)
2748 http fetch GET 200 https://registry.npmjs.org/ecdsa-sig-formatter/-/ecdsa-sig-formatter-1.0.11.tgz 4187ms (cache miss)
2749 http fetch GET 200 https://registry.npmjs.org/tr46/-/tr46-0.0.3.tgz 4355ms (cache miss)
2750 http fetch GET 200 https://registry.npmjs.org/ms/-/ms-2.1.3.tgz 4055ms (cache miss)
2751 http fetch GET 200 https://registry.npmjs.org/ms/-/ms-2.1.3.tgz 4051ms (cache miss)
2752 http fetch GET 200 https://registry.npmjs.org/ms/-/ms-2.1.3.tgz 4044ms (cache miss)
2753 http fetch GET 200 https://registry.npmjs.org/ms/-/ms-2.1.3.tgz 4037ms (cache miss)
2754 http fetch GET 200 https://registry.npmjs.org/ms/-/ms-2.1.3.tgz 4051ms (cache miss)
2755 http fetch GET 200 https://registry.npmjs.org/ms/-/ms-2.1.3.tgz 4043ms (cache miss)
2756 http fetch GET 200 https://registry.npmjs.org/ms/-/ms-2.1.3.tgz 4042ms (cache miss)
2757 http fetch GET 200 https://registry.npmjs.org/debug/-/debug-4.4.3.tgz 4068ms (cache miss)
2758 http fetch GET 200 https://registry.npmjs.org/debug/-/debug-4.4.3.tgz 4051ms (cache miss)
2759 http fetch GET 200 https://registry.npmjs.org/debug/-/debug-4.4.3.tgz 4047ms (cache miss)
2760 http fetch GET 200 https://registry.npmjs.org/tinyexec/-/tinyexec-0.3.2.tgz 4353ms (cache miss)
2761 http fetch GET 200 https://registry.npmjs.org/duplexify/-/duplexify-4.1.3.tgz 4182ms (cache miss)
2762 http fetch GET 200 https://registry.npmjs.org/call-bound/-/call-bound-1.0.4.tgz 4370ms (cache miss)
2763 http fetch GET 200 https://registry.npmjs.org/@vitest/expect/-/expect-3.2.7.tgz 4428ms (cache miss)
2764 http fetch GET 200 https://registry.npmjs.org/es-define-property/-/es-define-property-1.0.1.tgz 4394ms (cache miss)
2765 http fetch GET 200 https://registry.npmjs.org/@google-cloud/projectify/-/projectify-4.0.0.tgz 4231ms (cache miss)
2766 http fetch GET 200 https://registry.npmjs.org/uuid 3919ms (cache miss)
2767 silly packumentCache corgi:https://registry.npmjs.org/uuid set size:undefined disposed:false
2768 http fetch GET 200 https://registry.npmjs.org/@protobufjs/utf8/-/utf8-1.1.2.tgz 4429ms (cache miss)
2769 http fetch GET 200 https://registry.npmjs.org/functional-red-black-tree/-/functional-red-black-tree-1.0.1.tgz 4270ms (cache miss)
2770 http fetch GET 200 https://registry.npmjs.org/side-channel-map/-/side-channel-map-1.0.1.tgz 4479ms (cache miss)
2771 http fetch GET 200 https://registry.npmjs.org/form-data/-/form-data-2.5.6.tgz 4440ms (cache miss)
2772 http fetch GET 200 https://registry.npmjs.org/picomatch/-/picomatch-4.0.5.tgz 4518ms (cache miss)
2773 http fetch GET 200 https://registry.npmjs.org/@google-cloud/promisify/-/promisify-4.0.0.tgz 4301ms (cache miss)
2774 http fetch GET 200 https://registry.npmjs.org/side-channel/-/side-channel-1.1.1.tgz 4499ms (cache miss)
2775 http fetch GET 200 https://registry.npmjs.org/node-fetch/-/node-fetch-2.7.0.tgz 4434ms (cache miss)
2776 http fetch GET 200 https://registry.npmjs.org/retry/-/retry-0.13.1.tgz 4354ms (cache miss)
2777 http fetch GET 200 https://registry.npmjs.org/function-bind/-/function-bind-1.1.2.tgz 4548ms (cache miss)
2778 http fetch GET 200 https://registry.npmjs.org/jws/-/jws-4.0.1.tgz 4487ms (cache miss)
2779 http fetch GET 200 https://registry.npmjs.org/extend/-/extend-3.0.2.tgz 4401ms (cache miss)
2780 http fetch GET 200 https://registry.npmjs.org/estree-walker/-/estree-walker-3.0.3.tgz 4645ms (cache miss)
2781 http fetch GET 200 https://registry.npmjs.org/debug/-/debug-4.4.3.tgz 4422ms (cache miss)
2782 http fetch GET 200 https://registry.npmjs.org/get-proto/-/get-proto-1.0.1.tgz 4674ms (cache miss)
2783 http fetch GET 200 https://registry.npmjs.org/debug/-/debug-4.4.3.tgz 4440ms (cache miss)
2784 http fetch GET 200 https://registry.npmjs.org/limiter/-/limiter-1.1.5.tgz 4647ms (cache miss)
2785 http fetch GET 200 https://registry.npmjs.org/long/-/long-5.3.2.tgz 4631ms (cache miss)
2786 silly packumentCache corgi:https://registry.npmjs.org/google-gax cache-miss
2787 silly packumentCache corgi:https://registry.npmjs.org/gaxios cache-miss
2788 silly packumentCache corgi:https://registry.npmjs.org/teeny-request cache-miss
2789 http fetch GET 200 https://registry.npmjs.org/@google-cloud/paginator/-/paginator-5.0.2.tgz 4559ms (cache miss)
2790 http fetch GET 200 https://registry.npmjs.org/mime/-/mime-3.0.0.tgz 4575ms (cache miss)
2791 http fetch GET 200 https://registry.npmjs.org/dunder-proto/-/dunder-proto-1.0.1.tgz 4768ms (cache miss)
2792 http fetch GET 200 https://registry.npmjs.org/yargs-parser/-/yargs-parser-21.1.1.tgz 4861ms (cache miss)
2793 http fetch GET 200 https://registry.npmjs.org/mime/-/mime-1.6.0.tgz 4565ms (cache miss)
2794 http fetch GET 200 https://registry.npmjs.org/@nodable/entities/-/entities-3.0.0.tgz 4714ms (cache miss)
2795 http fetch GET 200 https://registry.npmjs.org/gcp-metadata/-/gcp-metadata-8.1.2.tgz 4809ms (cache miss)
2796 http fetch GET 200 https://registry.npmjs.org/@vitest/runner/-/runner-3.2.7.tgz 4934ms (cache miss)
2797 http fetch GET 200 https://registry.npmjs.org/agent-base/-/agent-base-7.1.4.tgz 4859ms (cache miss)
2798 http fetch GET 200 https://registry.npmjs.org/websocket-extensions/-/websocket-extensions-0.1.4.tgz 5009ms (cache miss)
2799 http fetch GET 200 https://registry.npmjs.org/cac/-/cac-6.7.14.tgz 5034ms (cache miss)
2800 http fetch GET 200 https://registry.npmjs.org/@vitest/snapshot/-/snapshot-3.2.7.tgz 5068ms (cache miss)
2801 http fetch GET 200 https://registry.npmjs.org/tslib/-/tslib-2.8.1.tgz 4889ms (cache miss)
2802 http fetch GET 200 https://registry.npmjs.org/path-expression-matcher/-/path-expression-matcher-1.6.2.tgz 4959ms (cache miss)
2803 http fetch GET 200 https://registry.npmjs.org/call-bind-apply-helpers/-/call-bind-apply-helpers-1.0.2.tgz 5121ms (cache miss)
2804 http fetch GET 200 https://registry.npmjs.org/bignumber.js/-/bignumber.js-9.3.1.tgz 5099ms (cache miss)
2805 http fetch GET 200 https://registry.npmjs.org/gcp-metadata/-/gcp-metadata-6.1.1.tgz 4928ms (cache miss)
2806 http fetch GET 200 https://registry.npmjs.org/tinypool/-/tinypool-1.1.1.tgz 5215ms (cache miss)
2807 http fetch GET 200 https://registry.npmjs.org/debug/-/debug-2.6.9.tgz 5050ms (cache miss)
2808 http fetch GET 200 https://registry.npmjs.org/event-target-shim/-/event-target-shim-5.0.1.tgz 5006ms (cache miss)
2809 http fetch GET 200 https://registry.npmjs.org/gcp-metadata/-/gcp-metadata-6.1.1.tgz 4925ms (cache miss)
2810 http fetch GET 200 https://registry.npmjs.org/@grpc/proto-loader/-/proto-loader-0.7.15.tgz 5112ms (cache miss)
2811 http fetch GET 200 https://registry.npmjs.org/agent-base/-/agent-base-6.0.2.tgz 4945ms (cache miss)
2812 http fetch GET 200 https://registry.npmjs.org/es-errors/-/es-errors-1.3.0.tgz 5189ms (cache miss)
2813 http fetch GET 200 https://registry.npmjs.org/source-map-js/-/source-map-js-1.2.1.tgz 5499ms (cache miss)
2814 http fetch GET 200 https://registry.npmjs.org/magic-string/-/magic-string-0.30.21.tgz 5464ms (cache miss)
2815 http fetch GET 200 https://registry.npmjs.org/abort-controller/-/abort-controller-3.0.0.tgz 5249ms (cache miss)
2816 http fetch GET 200 https://registry.npmjs.org/@grpc/proto-loader/-/proto-loader-0.8.1.tgz 5209ms (cache miss)
2817 http fetch GET 200 https://registry.npmjs.org/fast-xml-builder/-/fast-xml-builder-1.3.1.tgz 5285ms (cache miss)
2818 http fetch GET 200 https://registry.npmjs.org/teeny-request/-/teeny-request-9.0.0.tgz 5282ms (cache miss)
2819 http fetch GET 200 https://registry.npmjs.org/expect-type/-/expect-type-1.4.0.tgz 5496ms (cache miss)
2820 http fetch GET 200 https://registry.npmjs.org/teeny-request 762ms (cache miss)
2821 silly packumentCache corgi:https://registry.npmjs.org/teeny-request set size:undefined disposed:false
2822 http fetch GET 200 https://registry.npmjs.org/@vitest/utils/-/utils-3.2.7.tgz 5575ms (cache miss)
2823 http fetch GET 200 https://registry.npmjs.org/gaxios 876ms (cache miss)
2824 silly packumentCache corgi:https://registry.npmjs.org/gaxios set size:undefined disposed:false
2825 http fetch GET 200 https://registry.npmjs.org/google-logging-utils/-/google-logging-utils-1.1.3.tgz 5563ms (cache miss)
2826 http fetch GET 200 https://registry.npmjs.org/is-unsafe/-/is-unsafe-2.0.0.tgz 5499ms (cache miss)
2827 http fetch GET 200 https://registry.npmjs.org/@js-sdsl/ordered-map/-/ordered-map-4.4.2.tgz 5612ms (cache miss)
2828 http fetch GET 200 https://registry.npmjs.org/nanoid/-/nanoid-3.3.18.tgz 5761ms (cache miss)
2829 http fetch GET 200 https://registry.npmjs.org/express/-/express-4.22.2.tgz 5585ms (cache miss)
2830 http fetch GET 200 https://registry.npmjs.org/google-logging-utils/-/google-logging-utils-0.0.2.tgz 5500ms (cache miss)
2831 http fetch GET 200 https://registry.npmjs.org/farmhash-modern/-/farmhash-modern-1.1.0.tgz 5532ms (cache miss)
2832 http fetch GET 200 https://registry.npmjs.org/google-logging-utils/-/google-logging-utils-0.0.2.tgz 5497ms (cache miss)
2833 http fetch GET 200 https://registry.npmjs.org/qs/-/qs-6.15.3.tgz 5687ms (cache miss)
2834 http fetch GET 200 https://registry.npmjs.org/node-fetch/-/node-fetch-3.3.2.tgz 5571ms (cache miss)
2835 http fetch GET 200 https://registry.npmjs.org/node-fetch/-/node-fetch-3.3.2.tgz 5598ms (cache miss)
2836 http fetch GET 200 https://registry.npmjs.org/@vitest/mocker/-/mocker-3.2.7.tgz 5935ms (cache miss)
2837 http fetch GET 200 https://registry.npmjs.org/math-intrinsics/-/math-intrinsics-1.1.0.tgz 6037ms (cache miss)
2838 http fetch GET 200 https://registry.npmjs.org/@jridgewell/sourcemap-codec/-/sourcemap-codec-1.5.5.tgz 6109ms (cache miss)
2839 http fetch GET 200 https://registry.npmjs.org/websocket-driver/-/websocket-driver-0.7.5.tgz 5891ms (cache miss)
2840 http fetch GET 200 https://registry.npmjs.org/@rollup/rollup-win32-x64-gnu/-/rollup-win32-x64-gnu-4.62.4.tgz 6124ms (cache miss)
2841 http fetch GET 200 https://registry.npmjs.org/@fastify/busboy/-/busboy-3.2.1.tgz 5859ms (cache miss)
2842 http fetch GET 200 https://registry.npmjs.org/google-gax 1356ms (cache miss)
2843 silly packumentCache corgi:https://registry.npmjs.org/google-gax set size:undefined disposed:false
2844 http fetch GET 200 https://registry.npmjs.org/lru-memoizer/-/lru-memoizer-2.3.0.tgz 6083ms (cache miss)
2845 http fetch GET 200 https://registry.npmjs.org/jwks-rsa/-/jwks-rsa-3.2.2.tgz 5968ms (cache miss)
2846 http fetch GET 200 https://registry.npmjs.org/gaxios/-/gaxios-6.7.1.tgz 6032ms (cache miss)
2847 silly packumentCache corgi:https://registry.npmjs.org/@google-cloud%2fstorage cache-miss
2848 silly packumentCache corgi:https://registry.npmjs.org/retry-request cache-miss
2849 http fetch GET 200 https://registry.npmjs.org/readable-stream/-/readable-stream-3.6.2.tgz 6117ms (cache miss)
2850 http fetch GET 200 https://registry.npmjs.org/undici-types/-/undici-types-6.21.0.tgz 6076ms (cache miss)
2851 http fetch GET 200 https://registry.npmjs.org/@rollup/rollup-win32-x64-msvc/-/rollup-win32-x64-msvc-4.62.4.tgz 6384ms (cache miss)
2852 http fetch GET 200 https://registry.npmjs.org/iconv-lite/-/iconv-lite-0.4.24.tgz 6231ms (cache miss)
2853 http fetch GET 200 https://registry.npmjs.org/object-inspect/-/object-inspect-1.13.4.tgz 6339ms (cache miss)
2854 http fetch GET 200 https://registry.npmjs.org/html-entities/-/html-entities-2.6.0.tgz 6357ms (cache miss)
2855 warn deprecated node-domexception@1.0.0: Use your platform's native DOMException instead
2856 http fetch GET 200 https://registry.npmjs.org/retry-request 413ms (cache miss)
2857 silly packumentCache corgi:https://registry.npmjs.org/retry-request set size:undefined disposed:false
2858 http fetch GET 200 https://registry.npmjs.org/vite-node/-/vite-node-3.2.4.tgz 6717ms (cache miss)
2859 http fetch GET 200 https://registry.npmjs.org/@google-cloud%2fstorage 473ms (cache miss)
2860 silly packumentCache corgi:https://registry.npmjs.org/@google-cloud%2fstorage set size:undefined disposed:false
2861 silly packumentCache corgi:https://registry.npmjs.org/google-auth-library cache-miss
2862 silly packumentCache corgi:https://registry.npmjs.org/gcp-metadata cache-miss
2863 silly packumentCache corgi:https://registry.npmjs.org/gtoken cache-miss
2864 http fetch GET 200 https://registry.npmjs.org/semver/-/semver-7.8.5.tgz 7047ms (cache miss)
2865 http fetch GET 200 https://registry.npmjs.org/gcp-metadata 294ms (cache miss)
2866 silly packumentCache corgi:https://registry.npmjs.org/gcp-metadata set size:undefined disposed:false
2867 http fetch GET 200 https://registry.npmjs.org/gtoken 307ms (cache miss)
2868 silly packumentCache corgi:https://registry.npmjs.org/gtoken set size:undefined disposed:false
2869 http fetch GET 200 https://registry.npmjs.org/google-auth-library 419ms (cache miss)
2870 silly packumentCache corgi:https://registry.npmjs.org/google-auth-library set size:undefined disposed:false
2871 http fetch GET 200 https://registry.npmjs.org/proto3-json-serializer/-/proto3-json-serializer-2.0.2.tgz 7217ms (cache miss)
2872 silly packumentCache corgi:https://registry.npmjs.org/@google-cloud%2ffirestore cache-miss
2873 http fetch GET 200 https://registry.npmjs.org/postcss/-/postcss-8.5.26.tgz 7498ms (cache miss)
2874 http fetch GET 200 https://registry.npmjs.org/chai/-/chai-5.3.3.tgz 7546ms (cache miss)
2875 http fetch GET 200 https://registry.npmjs.org/rollup/-/rollup-4.62.4.tgz 7626ms (cache miss)
2876 http fetch GET 200 https://registry.npmjs.org/loupe/-/loupe-3.2.1.tgz 7630ms (cache miss)
2877 http fetch GET 200 https://registry.npmjs.org/@google-cloud%2ffirestore 360ms (cache miss)
2878 silly packumentCache corgi:https://registry.npmjs.org/@google-cloud%2ffirestore set size:undefined disposed:false
2879 http fetch GET 200 https://registry.npmjs.org/vite/-/vite-7.3.6.tgz 7917ms (cache miss)
2880 silly packumentCache corgi:https://registry.npmjs.org/firebase-admin cache-miss
2881 http fetch GET 200 https://registry.npmjs.org/yargs/-/yargs-17.7.3.tgz 7885ms (cache miss)
2882 http fetch GET 200 https://registry.npmjs.org/firebase-admin 348ms (cache miss)
2883 silly packumentCache corgi:https://registry.npmjs.org/firebase-admin set size:undefined disposed:false
2884 http fetch GET 200 https://registry.npmjs.org/fast-xml-parser/-/fast-xml-parser-5.10.1.tgz 8146ms (cache miss)
2885 http fetch GET 200 https://registry.npmjs.org/@types/node/-/node-22.20.1.tgz 8210ms (cache miss)
2886 silly packumentCache corgi:https://registry.npmjs.org/firebase-functions cache-miss
2887 http fetch GET 200 https://registry.npmjs.org/uuid/-/uuid-9.0.1.tgz 8510ms (cache miss)
2888 warn deprecated uuid@9.0.1: uuid@10 and below is no longer supported.  For ESM codebases, update to uuid@latest.  For CommonJS codebases, use uuid@11 (but be aware this version will likely be deprecated in 2028).
2889 http fetch GET 200 https://registry.npmjs.org/firebase-functions 442ms (cache miss)
2890 silly packumentCache corgi:https://registry.npmjs.org/firebase-functions set size:undefined disposed:false
2891 http fetch GET 200 https://registry.npmjs.org/protobufjs/-/protobufjs-7.6.5.tgz 9331ms (cache miss)
2892 http fetch GET 200 https://registry.npmjs.org/@firebase/database-compat/-/database-compat-2.1.6.tgz 9351ms (cache miss)
2893 http fetch GET 200 https://registry.npmjs.org/vitest/-/vitest-3.2.7.tgz 9458ms (cache miss)
2894 http fetch GET 200 https://registry.npmjs.org/google-auth-library/-/google-auth-library-9.15.1.tgz 9430ms (cache miss)
2895 http fetch GET 200 https://registry.npmjs.org/google-auth-library/-/google-auth-library-9.15.1.tgz 9433ms (cache miss)
2896 http fetch GET 200 https://registry.npmjs.org/gaxios/-/gaxios-7.3.1.tgz 9453ms (cache miss)
2897 http fetch GET 200 https://registry.npmjs.org/gaxios/-/gaxios-7.3.1.tgz 9481ms (cache miss)
2898 http fetch GET 200 https://registry.npmjs.org/@esbuild/win32-x64/-/win32-x64-0.28.2.tgz 9821ms (cache miss)
2899 http fetch GET 200 https://registry.npmjs.org/@firebase/util/-/util-1.15.2.tgz 9623ms (cache miss)
2900 http fetch GET 200 https://registry.npmjs.org/web-streams-polyfill/-/web-streams-polyfill-3.3.3.tgz 9966ms (cache miss)
2901 http fetch GET 200 https://registry.npmjs.org/@google-cloud/storage/-/storage-7.22.0.tgz 9736ms (cache miss)
2902 http fetch GET 200 https://registry.npmjs.org/google-auth-library/-/google-auth-library-10.9.1.tgz 9763ms (cache miss)
2903 http fetch GET 200 https://registry.npmjs.org/firebase-functions/-/firebase-functions-6.6.0.tgz 10227ms (cache miss)
2904 http fetch GET 200 https://registry.npmjs.org/firebase-admin/-/firebase-admin-13.10.0.tgz 11248ms (cache miss)
2905 http fetch GET 200 https://registry.npmjs.org/@google-cloud/firestore/-/firestore-7.11.6.tgz 11353ms (cache miss)
2906 http fetch GET 200 https://registry.npmjs.org/typescript/-/typescript-5.9.3.tgz 11423ms (cache miss)
2907 http fetch GET 200 https://registry.npmjs.org/@firebase/database/-/database-1.1.4.tgz 11746ms (cache miss)
2908 http fetch GET 200 https://registry.npmjs.org/jose/-/jose-4.15.9.tgz 12068ms (cache miss)
2909 http fetch GET 200 https://registry.npmjs.org/google-gax/-/google-gax-4.6.1.tgz 12224ms (cache miss)
2910 http fetch GET 200 https://registry.npmjs.org/@opentelemetry/api/-/api-1.9.1.tgz 13069ms (cache miss)
2911 http fetch GET 200 https://registry.npmjs.org/@grpc/grpc-js/-/grpc-js-1.14.4.tgz 13841ms (cache miss)
2912 info run @firebase/util@1.15.2 postinstall node_modules/@firebase/util node ./postinstall.js
2913 info run esbuild@0.28.2 postinstall node_modules/esbuild node install.js
2914 info run protobufjs@7.6.5 postinstall node_modules/protobufjs node scripts/postinstall
2915 info run @firebase/util@1.15.2 postinstall { code: 0, signal: null }
2916 info run protobufjs@7.6.5 postinstall { code: 0, signal: null }
2917 info run esbuild@0.28.2 postinstall { code: 0, signal: null }
2918 silly ADD node_modules/web-streams-polyfill
2919 silly ADD node_modules/node-domexception
2920 silly ADD node_modules/formdata-polyfill
2921 silly ADD node_modules/fetch-blob
2922 silly ADD node_modules/data-uri-to-buffer
2923 silly ADD node_modules/@types/mime
2924 silly ADD node_modules/gtoken
2925 silly ADD node_modules/color-name
2926 silly ADD node_modules/color-convert
2927 silly ADD node_modules/ansi-styles
2928 silly ADD node_modules/ansi-regex
2929 silly ADD node_modules/is-fullwidth-code-point
2930 silly ADD node_modules/emoji-regex
2931 silly ADD node_modules/wrap-ansi
2932 silly ADD node_modules/strip-ansi
2933 silly ADD node_modules/yargs-parser
2934 silly ADD node_modules/y18n
2935 silly ADD node_modules/string-width
2936 silly ADD node_modules/require-directory
2937 silly ADD node_modules/get-caller-file
2938 silly ADD node_modules/escalade
2939 silly ADD node_modules/cliui
2940 silly ADD node_modules/stackback
2941 silly ADD node_modules/siginfo
2942 silly ADD node_modules/webidl-conversions
2943 silly ADD node_modules/tr46
2944 silly ADD node_modules/websocket-extensions
2945 silly ADD node_modules/http-parser-js
2946 silly ADD node_modules/es-module-lexer
2947 silly ADD node_modules/cac
2948 silly ADD node_modules/@rollup/rollup-win32-x64-msvc
2949 silly ADD node_modules/@rollup/rollup-win32-x64-gnu
2950 silly ADD node_modules/source-map-js
2951 silly ADD node_modules/picocolors
2952 silly ADD node_modules/nanoid
2953 silly ADD node_modules/@esbuild/win32-x64
2954 silly ADD node_modules/rollup
2955 silly ADD node_modules/postcss
2956 silly ADD node_modules/esbuild
2957 silly ADD node_modules/fdir
2958 silly ADD node_modules/js-tokens
2959 silly ADD node_modules/@jridgewell/sourcemap-codec
2960 silly ADD node_modules/@types/estree
2961 silly ADD node_modules/pathval
2962 silly ADD node_modules/deep-eql
2963 silly ADD node_modules/check-error
2964 silly ADD node_modules/loupe
2965 silly ADD node_modules/tinyspy
2966 silly ADD node_modules/strip-literal
2967 silly ADD node_modules/estree-walker
2968 silly ADD node_modules/assertion-error
2969 silly ADD node_modules/@types/deep-eql
2970 silly ADD node_modules/why-is-node-running
2971 silly ADD node_modules/vite-node
2972 silly ADD node_modules/vite-node/node_modules/ms
2973 silly ADD node_modules/vite-node/node_modules/debug
2974 silly ADD node_modules/vite
2975 silly ADD node_modules/tinyrainbow
2976 silly ADD node_modules/tinypool
2977 silly ADD node_modules/tinyglobby
2978 silly ADD node_modules/tinyexec
2979 silly ADD node_modules/tinybench
2980 silly ADD node_modules/std-env
2981 silly ADD node_modules/picomatch
2982 silly ADD node_modules/pathe
2983 silly ADD node_modules/magic-string
2984 silly ADD node_modules/expect-type
2985 silly ADD node_modules/chai
2986 silly ADD node_modules/@vitest/utils
2987 silly ADD node_modules/@vitest/spy
2988 silly ADD node_modules/@vitest/snapshot
2989 silly ADD node_modules/@vitest/runner
2990 silly ADD node_modules/@vitest/pretty-format
2991 silly ADD node_modules/@vitest/mocker
2992 silly ADD node_modules/@vitest/expect
2993 silly ADD node_modules/@types/chai
2994 silly ADD node_modules/media-typer
2995 silly ADD node_modules/stubs
2996 silly ADD node_modules/@tootallnate/once
2997 silly ADD node_modules/stream-events
2998 silly ADD node_modules/http-proxy-agent
2999 silly ADD node_modules/http-proxy-agent/node_modules/ms
3000 silly ADD node_modules/http-proxy-agent/node_modules/debug
3001 silly ADD node_modules/http-proxy-agent/node_modules/agent-base
3002 silly ADD node_modules/anynum
3003 silly ADD node_modules/call-bound
3004 silly ADD node_modules/side-channel-weakmap
3005 silly ADD node_modules/side-channel-map
3006 silly ADD node_modules/side-channel-list
3007 silly ADD node_modules/object-inspect
3008 silly ADD node_modules/dunder-proto
3009 silly ADD node_modules/math-intrinsics
3010 silly ADD node_modules/has-symbols
3011 silly ADD node_modules/gopd
3012 silly ADD node_modules/get-proto
3013 silly ADD node_modules/function-bind
3014 silly ADD node_modules/es-object-atoms
3015 silly ADD node_modules/call-bind-apply-helpers
3016 silly ADD node_modules/has-tostringtag
3017 silly ADD node_modules/get-intrinsic
3018 silly ADD node_modules/es-errors
3019 silly ADD node_modules/delayed-stream
3020 silly ADD node_modules/hasown
3021 silly ADD node_modules/es-set-tostringtag
3022 silly ADD node_modules/combined-stream
3023 silly ADD node_modules/asynckit
3024 silly ADD node_modules/form-data
3025 silly ADD node_modules/@types/tough-cookie
3026 silly ADD node_modules/@types/caseless
3027 silly ADD node_modules/@types/request
3028 silly ADD node_modules/util-deprecate
3029 silly ADD node_modules/string_decoder
3030 silly ADD node_modules/side-channel
3031 silly ADD node_modules/es-define-property
3032 silly ADD node_modules/ipaddr.js
3033 silly ADD node_modules/forwarded
3034 silly ADD node_modules/@protobufjs/utf8
3035 silly ADD node_modules/@protobufjs/pool
3036 silly ADD node_modules/@protobufjs/path
3037 silly ADD node_modules/@protobufjs/float
3038 silly ADD node_modules/@protobufjs/fetch
3039 silly ADD node_modules/@protobufjs/eventemitter
3040 silly ADD node_modules/@protobufjs/codegen
3041 silly ADD node_modules/@protobufjs/base64
3042 silly ADD node_modules/@protobufjs/aspromise
3043 silly ADD node_modules/yocto-queue
3044 silly ADD node_modules/wrappy
3045 silly ADD node_modules/ee-first
3046 silly ADD node_modules/whatwg-url
3047 silly ADD node_modules/mime-db
3048 silly ADD node_modules/yallist
3049 silly ADD node_modules/lru-cache
3050 silly ADD node_modules/lodash.clonedeep
3051 silly ADD node_modules/buffer-equal-constant-time
3052 silly ADD node_modules/jwa
3053 silly ADD node_modules/@types/ms
3054 silly ADD node_modules/lru-memoizer
3055 silly ADD node_modules/limiter
3056 silly ADD node_modules/jose
3057 silly ADD node_modules/@types/jsonwebtoken
3058 silly ADD node_modules/semver
3059 silly ADD node_modules/lodash.once
3060 silly ADD node_modules/lodash.isstring
3061 silly ADD node_modules/lodash.isplainobject
3062 silly ADD node_modules/lodash.isnumber
3063 silly ADD node_modules/lodash.isinteger
3064 silly ADD node_modules/lodash.isboolean
3065 silly ADD node_modules/lodash.includes
3066 silly ADD node_modules/bignumber.js
3067 silly ADD node_modules/safer-buffer
3068 silly ADD node_modules/agent-base
3069 silly ADD node_modules/toidentifier
3070 silly ADD node_modules/yargs
3071 silly ADD node_modules/long
3072 silly ADD node_modules/lodash.camelcase
3073 silly ADD node_modules/@js-sdsl/ordered-map
3074 silly ADD node_modules/proto3-json-serializer
3075 silly ADD node_modules/object-hash
3076 silly ADD node_modules/@types/long
3077 silly ADD node_modules/@grpc/proto-loader
3078 silly ADD node_modules/@grpc/grpc-js
3079 silly ADD node_modules/@grpc/grpc-js/node_modules/@grpc/proto-loader
3080 silly ADD node_modules/json-bigint
3081 silly ADD node_modules/jws
3082 silly ADD node_modules/google-logging-utils
3083 silly ADD node_modules/gcp-metadata
3084 silly ADD node_modules/gcp-metadata/node_modules/node-fetch
3085 silly ADD node_modules/gcp-metadata/node_modules/gaxios
3086 silly ADD node_modules/ecdsa-sig-formatter
3087 silly ADD node_modules/base64-js
3088 silly ADD node_modules/uuid
3089 silly ADD node_modules/node-fetch
3090 silly ADD node_modules/is-stream
3091 silly ADD node_modules/https-proxy-agent
3092 silly ADD node_modules/https-proxy-agent/node_modules/ms
3093 silly ADD node_modules/https-proxy-agent/node_modules/debug
3094 silly ADD node_modules/ms
3095 silly ADD node_modules/unpipe
3096 silly ADD node_modules/raw-body
3097 silly ADD node_modules/iconv-lite
3098 silly ADD node_modules/destroy
3099 silly ADD node_modules/bytes
3100 silly ADD node_modules/negotiator
3101 silly ADD node_modules/mime-types
3102 silly ADD node_modules/utils-merge
3103 silly ADD node_modules/type-is
3104 silly ADD node_modules/statuses
3105 silly ADD node_modules/setprototypeof
3106 silly ADD node_modules/serve-static
3107 silly ADD node_modules/send
3108 silly ADD node_modules/send/node_modules/ms
3109 silly ADD node_modules/send/node_modules/mime
3110 silly ADD node_modules/safe-buffer
3111 silly ADD node_modules/range-parser
3112 silly ADD node_modules/qs
3113 silly ADD node_modules/proxy-addr
3114 silly ADD node_modules/path-to-regexp
3115 silly ADD node_modules/parseurl
3116 silly ADD node_modules/on-finished
3117 silly ADD node_modules/methods
3118 silly ADD node_modules/merge-descriptors
3119 silly ADD node_modules/http-errors
3120 silly ADD node_modules/fresh
3121 silly ADD node_modules/finalhandler
3122 silly ADD node_modules/etag
3123 silly ADD node_modules/escape-html
3124 silly ADD node_modules/encodeurl
3125 silly ADD node_modules/depd
3126 silly ADD node_modules/debug
3127 silly ADD node_modules/cookie-signature
3128 silly ADD node_modules/cookie
3129 silly ADD node_modules/content-type
3130 silly ADD node_modules/content-disposition
3131 silly ADD node_modules/body-parser
3132 silly ADD node_modules/array-flatten
3133 silly ADD node_modules/accepts
3134 silly ADD node_modules/vary
3135 silly ADD node_modules/object-assign
3136 silly ADD node_modules/@types/http-errors
3137 silly ADD node_modules/@types/send
3138 silly ADD node_modules/@types/range-parser
3139 silly ADD node_modules/@types/connect
3140 silly ADD node_modules/@types/serve-static
3141 silly ADD node_modules/@types/serve-static/node_modules/@types/send
3142 silly ADD node_modules/@types/qs
3143 silly ADD node_modules/@types/express-serve-static-core
3144 silly ADD node_modules/@types/body-parser
3145 silly ADD node_modules/express
3146 silly ADD node_modules/cors
3147 silly ADD node_modules/@types/express
3148 silly ADD node_modules/@types/cors
3149 silly ADD node_modules/websocket-driver
3150 silly ADD node_modules/xml-naming
3151 silly ADD node_modules/strnum
3152 silly ADD node_modules/path-expression-matcher
3153 silly ADD node_modules/is-unsafe
3154 silly ADD node_modules/fast-xml-builder
3155 silly ADD node_modules/@nodable/entities
3156 silly ADD node_modules/once
3157 silly ADD node_modules/stream-shift
3158 silly ADD node_modules/readable-stream
3159 silly ADD node_modules/inherits
3160 silly ADD node_modules/end-of-stream
3161 silly ADD node_modules/retry
3162 silly ADD node_modules/event-target-shim
3163 silly ADD node_modules/extend
3164 silly ADD node_modules/arrify
3165 silly ADD node_modules/teeny-request
3166 silly ADD node_modules/teeny-request/node_modules/ms
3167 silly ADD node_modules/teeny-request/node_modules/debug
3168 silly ADD node_modules/teeny-request/node_modules/agent-base
3169 silly ADD node_modules/teeny-request/node_modules/https-proxy-agent
3170 silly ADD node_modules/retry-request
3171 silly ADD node_modules/p-limit
3172 silly ADD node_modules/mime
3173 silly ADD node_modules/html-entities
3174 silly ADD node_modules/gaxios
3175 silly ADD node_modules/fast-xml-parser
3176 silly ADD node_modules/duplexify
3177 silly ADD node_modules/async-retry
3178 silly ADD node_modules/abort-controller
3179 silly ADD node_modules/@google-cloud/promisify
3180 silly ADD node_modules/@google-cloud/projectify
3181 silly ADD node_modules/@google-cloud/paginator
3182 silly ADD node_modules/protobufjs
3183 silly ADD node_modules/google-gax
3184 silly ADD node_modules/google-gax/node_modules/google-logging-utils
3185 silly ADD node_modules/google-gax/node_modules/gcp-metadata
3186 silly ADD node_modules/google-gax/node_modules/google-auth-library
3187 silly ADD node_modules/functional-red-black-tree
3188 silly ADD node_modules/@opentelemetry/api
3189 silly ADD node_modules/@firebase/app-types
3190 silly ADD node_modules/faye-websocket
3191 silly ADD node_modules/@firebase/auth-interop-types
3192 silly ADD node_modules/@firebase/app-check-interop-types
3193 silly ADD node_modules/tslib
3194 silly ADD node_modules/@firebase/util
3195 silly ADD node_modules/@firebase/logger
3196 silly ADD node_modules/@firebase/database
3197 silly ADD node_modules/@firebase/component
3198 silly ADD node_modules/jwks-rsa
3199 silly ADD node_modules/jwks-rsa/node_modules/ms
3200 silly ADD node_modules/jwks-rsa/node_modules/debug
3201 silly ADD node_modules/jsonwebtoken
3202 silly ADD node_modules/jsonwebtoken/node_modules/ms
3203 silly ADD node_modules/google-auth-library
3204 silly ADD node_modules/google-auth-library/node_modules/node-fetch
3205 silly ADD node_modules/google-auth-library/node_modules/gaxios
3206 silly ADD node_modules/fast-deep-equal
3207 silly ADD node_modules/farmhash-modern
3208 silly ADD node_modules/@google-cloud/storage
3209 silly ADD node_modules/@google-cloud/storage/node_modules/google-logging-utils
3210 silly ADD node_modules/@google-cloud/storage/node_modules/gcp-metadata
3211 silly ADD node_modules/@google-cloud/storage/node_modules/google-auth-library
3212 silly ADD node_modules/@google-cloud/firestore
3213 silly ADD node_modules/@firebase/database-types
3214 silly ADD node_modules/@firebase/database-compat
3215 silly ADD node_modules/@fastify/busboy
3216 silly ADD node_modules/undici-types
3217 silly ADD node_modules/vitest
3218 silly ADD node_modules/vitest/node_modules/ms
3219 silly ADD node_modules/vitest/node_modules/debug
3220 silly ADD node_modules/typescript
3221 silly ADD node_modules/firebase-functions
3222 silly ADD node_modules/firebase-admin
3223 silly ADD node_modules/@types/node
3224 verbose cwd C:\Users\Utilisateur\Documents\Codex\2026-08-14\mets-en-place-d-s-le\functions
3225 verbose os Windows_NT 10.0.26200
3226 verbose node v24.15.0
3227 verbose npm  v11.12.1
3228 notice
3228 notice New major version of npm available! 11.12.1 -> 12.0.2
3228 notice Changelog: https://github.com/npm/cli/releases/tag/v12.0.2
3228 notice To update run: npm install -g npm@12.0.2
3228 notice  { force: true, Symbol(proc-log.meta): true }
3229 verbose exit 0
3230 info ok
