0 verbose cli C:\Program Files\nodejs\node.exe C:\Program Files\nodejs\node_modules\npm\bin\npm-cli.js
1 info using npm@11.12.1
2 info using node@v24.15.0
3 silly config load:file:C:\Program Files\nodejs\node_modules\npm\npmrc
4 silly config load:file:C:\Users\Utilisateur\Documents\Codex\2026-08-14\mets-en-place-d-s-le\frontend\.npmrc
5 silly config load:file:C:\Users\Utilisateur\.npmrc
6 silly config load:file:C:\Users\Utilisateur\AppData\Roaming\npm\etc\npmrc
7 verbose title npm install
8 verbose argv "install" "--cache" "..\\work\\npm-cache"
9 verbose logfile logs-max:10 dir:C:\Users\Utilisateur\Documents\Codex\2026-08-14\mets-en-place-d-s-le\work\npm-cache\_logs\2026-08-14T17_19_28_661Z-
10 verbose logfile C:\Users\Utilisateur\Documents\Codex\2026-08-14\mets-en-place-d-s-le\work\npm-cache\_logs\2026-08-14T17_19_28_661Z-debug-0.log
11 silly logfile done cleaning log files
12 silly packumentCache heap:2348810240 maxSize:587202560 maxEntrySize:293601280
13 silly idealTree buildDeps
14 silly fetch manifest firebase@^12.1.0
15 silly packumentCache full:https://registry.npmjs.org/firebase cache-miss
16 http fetch GET 200 https://registry.npmjs.org/firebase 1360ms (cache miss)
17 silly packumentCache full:https://registry.npmjs.org/firebase set size:undefined disposed:false
18 silly fetch manifest lucide-react@^0.539.0
19 silly packumentCache full:https://registry.npmjs.org/lucide-react cache-miss
20 http fetch GET 200 https://registry.npmjs.org/lucide-react 113ms (cache miss)
21 silly packumentCache full:https://registry.npmjs.org/lucide-react set size:undefined disposed:false
22 silly fetch manifest react@^19.1.1
23 silly packumentCache full:https://registry.npmjs.org/react cache-miss
24 http fetch GET 200 https://registry.npmjs.org/react 188ms (cache miss)
25 silly packumentCache full:https://registry.npmjs.org/react set size:undefined disposed:false
26 silly fetch manifest react-dom@^19.1.1
27 silly packumentCache full:https://registry.npmjs.org/react-dom cache-miss
28 http fetch GET 200 https://registry.npmjs.org/react-dom 225ms (cache miss)
29 silly packumentCache full:https://registry.npmjs.org/react-dom set size:undefined disposed:false
30 silly fetch manifest @types/react@^19.1.10
31 silly packumentCache full:https://registry.npmjs.org/@types%2freact cache-miss
32 http fetch GET 200 https://registry.npmjs.org/@types%2freact 121ms (cache miss)
33 silly packumentCache full:https://registry.npmjs.org/@types%2freact set size:undefined disposed:false
34 silly fetch manifest @types/react-dom@^19.1.7
35 silly packumentCache full:https://registry.npmjs.org/@types%2freact-dom cache-miss
36 http fetch GET 200 https://registry.npmjs.org/@types%2freact-dom 53ms (cache miss)
37 silly packumentCache full:https://registry.npmjs.org/@types%2freact-dom set size:undefined disposed:false
38 silly fetch manifest @vitejs/plugin-react@^5.0.0
39 silly packumentCache full:https://registry.npmjs.org/@vitejs%2fplugin-react cache-miss
40 http fetch GET 200 https://registry.npmjs.org/@vitejs%2fplugin-react 210ms (cache miss)
41 silly packumentCache full:https://registry.npmjs.org/@vitejs%2fplugin-react set size:undefined disposed:false
42 silly fetch manifest vite@^7.1.2
43 silly packumentCache full:https://registry.npmjs.org/vite cache-miss
44 http fetch GET 200 https://registry.npmjs.org/vite 253ms (cache revalidated)
45 silly packumentCache full:https://registry.npmjs.org/vite set size:38924120 disposed:false
46 silly fetch manifest @types/node@^20.19.0 || >=22.12.0
47 silly packumentCache full:https://registry.npmjs.org/@types%2fnode cache-miss
48 http fetch GET 200 https://registry.npmjs.org/@types%2fnode 152ms (cache revalidated)
49 silly packumentCache full:https://registry.npmjs.org/@types%2fnode set size:11088606 disposed:false
50 silly fetch manifest jiti@>=1.21.0
51 silly packumentCache full:https://registry.npmjs.org/jiti cache-miss
52 http fetch GET 200 https://registry.npmjs.org/jiti 45ms (cache revalidated)
53 silly packumentCache full:https://registry.npmjs.org/jiti set size:387989 disposed:false
54 silly fetch manifest less@^4.0.0
55 silly packumentCache full:https://registry.npmjs.org/less cache-miss
56 http fetch GET 200 https://registry.npmjs.org/less 40ms (cache revalidated)
57 silly packumentCache full:https://registry.npmjs.org/less set size:500352 disposed:false
58 silly fetch manifest lightningcss@^1.21.0
59 silly packumentCache full:https://registry.npmjs.org/lightningcss cache-miss
60 http fetch GET 200 https://registry.npmjs.org/lightningcss 39ms (cache revalidated)
61 silly packumentCache full:https://registry.npmjs.org/lightningcss set size:191065 disposed:false
62 silly fetch manifest sass@^1.70.0
63 silly packumentCache full:https://registry.npmjs.org/sass cache-miss
64 http fetch GET 200 https://registry.npmjs.org/sass 39ms (cache revalidated)
65 silly packumentCache full:https://registry.npmjs.org/sass set size:743214 disposed:false
66 silly fetch manifest sass-embedded@^1.70.0
67 silly packumentCache full:https://registry.npmjs.org/sass-embedded cache-miss
68 http fetch GET 200 https://registry.npmjs.org/sass-embedded 55ms (cache revalidated)
69 silly packumentCache full:https://registry.npmjs.org/sass-embedded set size:424010 disposed:false
70 silly fetch manifest stylus@>=0.54.8
71 silly packumentCache full:https://registry.npmjs.org/stylus cache-miss
72 http fetch GET 200 https://registry.npmjs.org/stylus 38ms (cache revalidated)
73 silly packumentCache full:https://registry.npmjs.org/stylus set size:286766 disposed:false
74 silly fetch manifest sugarss@^5.0.0
75 silly packumentCache full:https://registry.npmjs.org/sugarss cache-miss
76 http fetch GET 200 https://registry.npmjs.org/sugarss 35ms (cache revalidated)
77 silly packumentCache full:https://registry.npmjs.org/sugarss set size:44975 disposed:false
78 silly fetch manifest postcss@^8.3.3
79 silly packumentCache full:https://registry.npmjs.org/postcss cache-miss
80 http fetch GET 200 https://registry.npmjs.org/postcss 35ms (cache revalidated)
81 silly packumentCache full:https://registry.npmjs.org/postcss set size:760024 disposed:false
82 silly fetch manifest terser@^5.16.0
83 silly packumentCache full:https://registry.npmjs.org/terser cache-miss
84 http fetch GET 200 https://registry.npmjs.org/terser 39ms (cache revalidated)
85 silly packumentCache full:https://registry.npmjs.org/terser set size:817272 disposed:false
86 silly fetch manifest tsx@^4.8.1
87 silly packumentCache full:https://registry.npmjs.org/tsx cache-miss
88 http fetch GET 200 https://registry.npmjs.org/tsx 41ms (cache revalidated)
89 silly packumentCache full:https://registry.npmjs.org/tsx set size:341667 disposed:false
90 silly fetch manifest yaml@^2.4.2
91 silly packumentCache full:https://registry.npmjs.org/yaml cache-miss
92 http fetch GET 200 https://registry.npmjs.org/yaml 37ms (cache revalidated)
93 silly packumentCache full:https://registry.npmjs.org/yaml set size:385754 disposed:false
94 silly fetch manifest typescript@^5.8.3
95 silly packumentCache full:https://registry.npmjs.org/typescript cache-miss
96 http fetch GET 200 https://registry.npmjs.org/typescript 104ms (cache revalidated)
97 silly packumentCache full:https://registry.npmjs.org/typescript set size:15551629 disposed:false
98 silly placeDep ROOT @types/react@19.2.18 OK for: prospect-intelligence-frontend@0.1.0 want: ^19.1.10
99 silly placeDep ROOT @types/react-dom@19.2.4 OK for: prospect-intelligence-frontend@0.1.0 want: ^19.1.7
100 silly placeDep ROOT @vitejs/plugin-react@5.2.0 OK for: prospect-intelligence-frontend@0.1.0 want: ^5.0.0
101 silly placeDep ROOT vite@7.3.6 OK for: @vitejs/plugin-react@5.2.0 want: ^4.2.0 || ^5.0.0 || ^6.0.0 || ^7.0.0 || ^8.0.0
102 silly placeDep ROOT firebase@12.17.1 OK for: prospect-intelligence-frontend@0.1.0 want: ^12.1.0
103 silly placeDep ROOT lucide-react@0.539.0 OK for: prospect-intelligence-frontend@0.1.0 want: ^0.539.0
104 silly placeDep ROOT react@19.2.8 OK for: lucide-react@0.539.0 want: ^16.5.1 || ^17.0.0 || ^18.0.0 || ^19.0.0
105 silly placeDep ROOT react-dom@19.2.8 OK for: prospect-intelligence-frontend@0.1.0 want: ^19.1.1
106 silly placeDep ROOT typescript@5.9.3 OK for: prospect-intelligence-frontend@0.1.0 want: ^5.8.3
107 silly fetch manifest csstype@^3.2.2
108 silly packumentCache full:https://registry.npmjs.org/csstype cache-miss
109 silly fetch manifest @babel/core@^7.29.0
110 silly packumentCache full:https://registry.npmjs.org/@babel%2fcore cache-miss
111 silly fetch manifest react-refresh@^0.18.0
112 silly packumentCache full:https://registry.npmjs.org/react-refresh cache-miss
113 silly fetch manifest @types/babel__core@^7.20.5
114 silly packumentCache full:https://registry.npmjs.org/@types%2fbabel__core cache-miss
115 silly fetch manifest @rolldown/pluginutils@1.0.0-rc.3
116 silly packumentCache full:https://registry.npmjs.org/@rolldown%2fpluginutils cache-miss
117 silly fetch manifest @babel/plugin-transform-react-jsx-self@^7.27.1
118 silly packumentCache full:https://registry.npmjs.org/@babel%2fplugin-transform-react-jsx-self cache-miss
119 silly fetch manifest @babel/plugin-transform-react-jsx-source@^7.27.1
120 silly packumentCache full:https://registry.npmjs.org/@babel%2fplugin-transform-react-jsx-source cache-miss
121 http fetch GET 200 https://registry.npmjs.org/csstype 267ms (cache miss)
122 silly packumentCache full:https://registry.npmjs.org/csstype set size:undefined disposed:false
123 silly fetch manifest fdir@^6.5.0
124 silly packumentCache full:https://registry.npmjs.org/fdir cache-miss
125 http fetch GET 200 https://registry.npmjs.org/@types%2fbabel__core 321ms (cache miss)
126 silly packumentCache full:https://registry.npmjs.org/@types%2fbabel__core set size:undefined disposed:false
127 silly fetch manifest rollup@^4.43.0
128 silly packumentCache full:https://registry.npmjs.org/rollup cache-miss
129 http fetch GET 200 https://registry.npmjs.org/@rolldown%2fpluginutils 341ms (cache miss)
130 silly packumentCache full:https://registry.npmjs.org/@rolldown%2fpluginutils set size:undefined disposed:false
131 silly fetch manifest esbuild@^0.27.0 || ^0.28.0
132 silly packumentCache full:https://registry.npmjs.org/esbuild cache-miss
133 http fetch GET 200 https://registry.npmjs.org/fdir 100ms (cache revalidated)
134 silly packumentCache full:https://registry.npmjs.org/fdir set size:136182 disposed:false
135 silly fetch manifest postcss@^8.5.6
136 silly packumentCache full:https://registry.npmjs.org/postcss cache-hit
137 silly fetch manifest picomatch@^4.0.3
138 silly packumentCache full:https://registry.npmjs.org/picomatch cache-miss
139 http fetch GET 200 https://registry.npmjs.org/@babel%2fplugin-transform-react-jsx-self 396ms (cache miss)
140 silly packumentCache full:https://registry.npmjs.org/@babel%2fplugin-transform-react-jsx-self set size:undefined disposed:false
141 silly fetch manifest tinyglobby@^0.2.15
142 silly packumentCache full:https://registry.npmjs.org/tinyglobby cache-miss
143 http fetch GET 200 https://registry.npmjs.org/@babel%2fplugin-transform-react-jsx-source 436ms (cache miss)
144 silly packumentCache full:https://registry.npmjs.org/@babel%2fplugin-transform-react-jsx-source set size:undefined disposed:false
145 silly fetch manifest fsevents@~2.3.3
146 silly packumentCache full:https://registry.npmjs.org/fsevents cache-miss
147 http fetch GET 200 https://registry.npmjs.org/rollup 320ms (cache revalidated)
148 silly packumentCache full:https://registry.npmjs.org/rollup set size:6278661 disposed:false
149 silly fetch manifest @firebase/ai@2.14.0
150 silly packumentCache full:https://registry.npmjs.org/@firebase%2fai cache-miss
151 http fetch GET 200 https://registry.npmjs.org/esbuild 437ms (cache revalidated)
152 silly packumentCache full:https://registry.npmjs.org/esbuild set size:1264676 disposed:false
153 silly fetch manifest @firebase/app@0.16.0
154 silly packumentCache full:https://registry.npmjs.org/@firebase%2fapp cache-miss
155 http fetch GET 200 https://registry.npmjs.org/picomatch 423ms (cache revalidated)
156 silly packumentCache full:https://registry.npmjs.org/picomatch set size:128942 disposed:false
157 silly fetch manifest @firebase/auth@1.13.4
158 silly packumentCache full:https://registry.npmjs.org/@firebase%2fauth cache-miss
159 http fetch GET 200 https://registry.npmjs.org/tinyglobby 406ms (cache revalidated)
160 silly packumentCache full:https://registry.npmjs.org/tinyglobby set size:54291 disposed:false
161 silly fetch manifest @firebase/util@1.15.2
162 silly packumentCache full:https://registry.npmjs.org/@firebase%2futil cache-miss
163 http fetch GET 200 https://registry.npmjs.org/fsevents 349ms (cache revalidated)
164 silly packumentCache full:https://registry.npmjs.org/fsevents set size:182472 disposed:false
165 silly fetch manifest @firebase/storage@0.14.4
166 silly packumentCache full:https://registry.npmjs.org/@firebase%2fstorage cache-miss
167 http fetch GET 200 https://registry.npmjs.org/@babel%2fcore 845ms (cache miss)
168 silly packumentCache full:https://registry.npmjs.org/@babel%2fcore set size:undefined disposed:false
169 silly fetch manifest @firebase/database@1.1.4
170 silly packumentCache full:https://registry.npmjs.org/@firebase%2fdatabase cache-miss
171 http fetch GET 200 https://registry.npmjs.org/@firebase%2fapp 188ms (cache revalidated)
172 silly packumentCache full:https://registry.npmjs.org/@firebase%2fapp set size:15063639 disposed:false
173 silly fetch manifest @firebase/analytics@0.10.23
174 silly packumentCache full:https://registry.npmjs.org/@firebase%2fanalytics cache-miss
175 http fetch GET 200 https://registry.npmjs.org/@firebase%2futil 395ms (cache revalidated)
176 silly packumentCache full:https://registry.npmjs.org/@firebase%2futil set size:13179220 disposed:false
177 silly fetch manifest @firebase/app-check@0.13.0
178 silly packumentCache full:https://registry.npmjs.org/@firebase%2fapp-check cache-miss
179 http fetch GET 200 https://registry.npmjs.org/@firebase%2fdatabase 535ms (cache revalidated)
180 silly packumentCache full:https://registry.npmjs.org/@firebase%2fdatabase set size:16631636 disposed:false
181 silly fetch manifest @firebase/app-types@0.9.5
182 silly packumentCache full:https://registry.npmjs.org/@firebase%2fapp-types cache-miss
183 http fetch GET 200 https://registry.npmjs.org/@firebase%2fai 807ms (cache miss)
184 silly packumentCache full:https://registry.npmjs.org/@firebase%2fai set size:undefined disposed:false
185 silly fetch manifest @firebase/firestore@4.17.0
186 silly packumentCache full:https://registry.npmjs.org/@firebase%2ffirestore cache-miss
187 http fetch GET 200 https://registry.npmjs.org/@firebase%2fapp-types 131ms (cache revalidated)
188 silly packumentCache full:https://registry.npmjs.org/@firebase%2fapp-types set size:8591173 disposed:false
189 silly fetch manifest @firebase/functions@0.13.6
190 silly packumentCache full:https://registry.npmjs.org/@firebase%2ffunctions cache-miss
191 http fetch GET 200 https://registry.npmjs.org/react-refresh 1915ms (cache miss)
192 silly packumentCache full:https://registry.npmjs.org/react-refresh set size:undefined disposed:false
193 silly fetch manifest @firebase/messaging@0.13.1
194 silly packumentCache full:https://registry.npmjs.org/@firebase%2fmessaging cache-miss
195 http fetch GET 200 https://registry.npmjs.org/@firebase%2fapp-check 906ms (cache miss)
196 silly packumentCache full:https://registry.npmjs.org/@firebase%2fapp-check set size:undefined disposed:false
197 silly fetch manifest @firebase/app-compat@0.5.16
198 silly packumentCache full:https://registry.npmjs.org/@firebase%2fapp-compat cache-miss
199 http fetch GET 200 https://registry.npmjs.org/@firebase%2fapp-compat 132ms (cache revalidated)
200 silly packumentCache full:https://registry.npmjs.org/@firebase%2fapp-compat set size:6287588 disposed:false
201 silly fetch manifest @firebase/auth-compat@0.6.9
202 silly packumentCache full:https://registry.npmjs.org/@firebase%2fauth-compat cache-miss
203 http fetch GET 200 https://registry.npmjs.org/@firebase%2fanalytics 1389ms (cache miss)
204 silly packumentCache full:https://registry.npmjs.org/@firebase%2fanalytics set size:undefined disposed:false
205 silly fetch manifest @firebase/performance@0.7.13
206 silly packumentCache full:https://registry.npmjs.org/@firebase%2fperformance cache-miss
207 http fetch GET 200 https://registry.npmjs.org/@firebase%2fstorage 1995ms (cache miss)
208 silly packumentCache full:https://registry.npmjs.org/@firebase%2fstorage set size:undefined disposed:false
209 silly fetch manifest @firebase/data-connect@0.7.3
210 silly packumentCache full:https://registry.npmjs.org/@firebase%2fdata-connect cache-miss
211 http fetch GET 200 https://registry.npmjs.org/@firebase%2fauth 2207ms (cache miss)
212 silly packumentCache full:https://registry.npmjs.org/@firebase%2fauth set size:undefined disposed:false
213 silly fetch manifest @firebase/installations@0.6.23
214 silly packumentCache full:https://registry.npmjs.org/@firebase%2finstallations cache-miss
215 http fetch GET 200 https://registry.npmjs.org/@firebase%2ffunctions 1499ms (cache miss)
216 silly packumentCache full:https://registry.npmjs.org/@firebase%2ffunctions set size:undefined disposed:false
217 silly fetch manifest @firebase/remote-config@0.9.1
218 silly packumentCache full:https://registry.npmjs.org/@firebase%2fremote-config cache-miss
219 http fetch GET 200 https://registry.npmjs.org/@firebase%2fauth-compat 932ms (cache miss)
220 silly packumentCache full:https://registry.npmjs.org/@firebase%2fauth-compat set size:undefined disposed:false
221 silly fetch manifest @firebase/storage-compat@0.4.4
222 silly packumentCache full:https://registry.npmjs.org/@firebase%2fstorage-compat cache-miss
223 http fetch GET 200 https://registry.npmjs.org/@firebase%2fdata-connect 541ms (cache miss)
224 silly packumentCache full:https://registry.npmjs.org/@firebase%2fdata-connect set size:undefined disposed:false
225 silly fetch manifest @firebase/database-compat@2.1.6
226 silly packumentCache full:https://registry.npmjs.org/@firebase%2fdatabase-compat cache-miss
227 http fetch GET 200 https://registry.npmjs.org/@firebase%2fdatabase-compat 89ms (cache revalidated)
228 silly packumentCache full:https://registry.npmjs.org/@firebase%2fdatabase-compat set size:6315404 disposed:false
229 silly fetch manifest @firebase/analytics-compat@0.2.29
230 silly packumentCache full:https://registry.npmjs.org/@firebase%2fanalytics-compat cache-miss
231 http fetch GET 200 https://registry.npmjs.org/@firebase%2fmessaging 1649ms (cache miss)
232 silly packumentCache full:https://registry.npmjs.org/@firebase%2fmessaging set size:undefined disposed:false
233 silly fetch manifest @firebase/app-check-compat@0.4.6
234 silly packumentCache full:https://registry.npmjs.org/@firebase%2fapp-check-compat cache-miss
235 http fetch GET 200 https://registry.npmjs.org/@firebase%2fperformance 1317ms (cache miss)
236 silly packumentCache full:https://registry.npmjs.org/@firebase%2fperformance set size:undefined disposed:false
237 silly fetch manifest @firebase/firestore-compat@0.4.12
238 silly packumentCache full:https://registry.npmjs.org/@firebase%2ffirestore-compat cache-miss
239 http fetch GET 200 https://registry.npmjs.org/@firebase%2fanalytics-compat 512ms (cache miss)
240 silly packumentCache full:https://registry.npmjs.org/@firebase%2fanalytics-compat set size:undefined disposed:false
241 silly fetch manifest @firebase/functions-compat@0.4.6
242 silly packumentCache full:https://registry.npmjs.org/@firebase%2ffunctions-compat cache-miss
243 http fetch GET 200 https://registry.npmjs.org/@firebase%2fstorage-compat 786ms (cache miss)
244 silly packumentCache full:https://registry.npmjs.org/@firebase%2fstorage-compat set size:undefined disposed:false
245 silly fetch manifest @firebase/messaging-compat@0.2.28
246 silly packumentCache full:https://registry.npmjs.org/@firebase%2fmessaging-compat cache-miss
247 http fetch GET 200 https://registry.npmjs.org/@firebase%2fremote-config 1030ms (cache miss)
248 silly packumentCache full:https://registry.npmjs.org/@firebase%2fremote-config set size:undefined disposed:false
249 silly fetch manifest @firebase/performance-compat@0.2.26
250 silly packumentCache full:https://registry.npmjs.org/@firebase%2fperformance-compat cache-miss
251 http fetch GET 200 https://registry.npmjs.org/@firebase%2finstallations 1282ms (cache miss)
252 silly packumentCache full:https://registry.npmjs.org/@firebase%2finstallations set size:undefined disposed:false
253 silly fetch manifest @firebase/installations-compat@0.2.23
254 silly packumentCache full:https://registry.npmjs.org/@firebase%2finstallations-compat cache-miss
255 http fetch GET 200 https://registry.npmjs.org/@firebase%2ffirestore 2977ms (cache miss)
256 silly packumentCache full:https://registry.npmjs.org/@firebase%2ffirestore set size:undefined disposed:false
257 silly fetch manifest @firebase/remote-config-compat@0.2.28
258 silly packumentCache full:https://registry.npmjs.org/@firebase%2fremote-config-compat cache-miss
259 http fetch GET 200 https://registry.npmjs.org/@firebase%2fapp-check-compat 1146ms (cache miss)
260 silly packumentCache full:https://registry.npmjs.org/@firebase%2fapp-check-compat set size:undefined disposed:false
261 silly fetch manifest scheduler@^0.27.0
262 silly packumentCache full:https://registry.npmjs.org/scheduler cache-miss
263 http fetch GET 200 https://registry.npmjs.org/@firebase%2ffirestore-compat 1085ms (cache miss)
264 silly packumentCache full:https://registry.npmjs.org/@firebase%2ffirestore-compat set size:undefined disposed:false
265 http fetch GET 200 https://registry.npmjs.org/@firebase%2fmessaging-compat 981ms (cache miss)
266 silly packumentCache full:https://registry.npmjs.org/@firebase%2fmessaging-compat set size:undefined disposed:false
267 http fetch GET 200 https://registry.npmjs.org/@firebase%2ffunctions-compat 1130ms (cache miss)
268 silly packumentCache full:https://registry.npmjs.org/@firebase%2ffunctions-compat set size:undefined disposed:false
269 http fetch GET 200 https://registry.npmjs.org/@firebase%2finstallations-compat 779ms (cache miss)
270 silly packumentCache full:https://registry.npmjs.org/@firebase%2finstallations-compat set size:undefined disposed:false
271 http fetch GET 200 https://registry.npmjs.org/@firebase%2fperformance-compat 978ms (cache miss)
272 silly packumentCache full:https://registry.npmjs.org/@firebase%2fperformance-compat set size:undefined disposed:false
273 http fetch GET 200 https://registry.npmjs.org/@firebase%2fremote-config-compat 681ms (cache miss)
274 silly packumentCache full:https://registry.npmjs.org/@firebase%2fremote-config-compat set size:undefined disposed:false
275 http fetch GET 200 https://registry.npmjs.org/scheduler 603ms (cache miss)
276 silly packumentCache full:https://registry.npmjs.org/scheduler set size:undefined disposed:false
277 silly placeDep ROOT csstype@3.2.3 OK for: @types/react@19.2.18 want: ^3.2.2
278 silly placeDep ROOT @babel/core@7.29.7 OK for: @vitejs/plugin-react@5.2.0 want: ^7.29.0
279 silly placeDep ROOT @babel/plugin-transform-react-jsx-self@7.29.7 OK for: @vitejs/plugin-react@5.2.0 want: ^7.27.1
280 silly placeDep ROOT @babel/plugin-transform-react-jsx-source@7.29.7 OK for: @vitejs/plugin-react@5.2.0 want: ^7.27.1
281 silly placeDep ROOT @rolldown/pluginutils@1.0.0-rc.3 OK for: @vitejs/plugin-react@5.2.0 want: 1.0.0-rc.3
282 silly placeDep ROOT @types/babel__core@7.20.5 OK for: @vitejs/plugin-react@5.2.0 want: ^7.20.5
283 silly placeDep ROOT react-refresh@0.18.0 OK for: @vitejs/plugin-react@5.2.0 want: ^0.18.0
284 silly fetch manifest debug@^4.1.0
285 silly packumentCache full:https://registry.npmjs.org/debug cache-miss
286 silly fetch manifest json5@^2.2.3
287 silly packumentCache full:https://registry.npmjs.org/json5 cache-miss
288 silly fetch manifest semver@^6.3.1
289 silly packumentCache full:https://registry.npmjs.org/semver cache-miss
290 silly fetch manifest gensync@^1.0.0-beta.2
291 silly packumentCache full:https://registry.npmjs.org/gensync cache-miss
292 silly fetch manifest @babel/types@^7.29.7
293 silly packumentCache full:https://registry.npmjs.org/@babel%2ftypes cache-miss
294 silly fetch manifest @babel/parser@^7.29.7
295 silly packumentCache full:https://registry.npmjs.org/@babel%2fparser cache-miss
296 silly fetch manifest @babel/helpers@^7.29.7
297 silly packumentCache full:https://registry.npmjs.org/@babel%2fhelpers cache-miss
298 http fetch GET 200 https://registry.npmjs.org/gensync 47ms (cache miss)
299 silly packumentCache full:https://registry.npmjs.org/gensync set size:undefined disposed:false
300 silly fetch manifest @babel/template@^7.29.7
301 silly packumentCache full:https://registry.npmjs.org/@babel%2ftemplate cache-miss
302 http fetch GET 200 https://registry.npmjs.org/semver 52ms (cache revalidated)
303 silly packumentCache full:https://registry.npmjs.org/semver set size:246069 disposed:false
304 silly fetch manifest @babel/traverse@^7.29.7
305 silly packumentCache full:https://registry.npmjs.org/@babel%2ftraverse cache-miss
306 http fetch GET 200 https://registry.npmjs.org/debug 66ms (cache revalidated)
307 silly packumentCache full:https://registry.npmjs.org/debug set size:195840 disposed:false
308 silly fetch manifest @babel/generator@^7.29.7
309 silly packumentCache full:https://registry.npmjs.org/@babel%2fgenerator cache-miss
310 http fetch GET 200 https://registry.npmjs.org/json5 70ms (cache miss)
311 silly packumentCache full:https://registry.npmjs.org/json5 set size:undefined disposed:false
312 silly fetch manifest @babel/code-frame@^7.29.7
313 silly packumentCache full:https://registry.npmjs.org/@babel%2fcode-frame cache-miss
314 http fetch GET 200 https://registry.npmjs.org/@babel%2fhelpers 93ms (cache miss)
315 silly packumentCache full:https://registry.npmjs.org/@babel%2fhelpers set size:undefined disposed:false
316 silly fetch manifest convert-source-map@^2.0.0
317 silly packumentCache full:https://registry.npmjs.org/convert-source-map cache-miss
318 http fetch GET 200 https://registry.npmjs.org/@babel%2ftypes 101ms (cache miss)
319 silly packumentCache full:https://registry.npmjs.org/@babel%2ftypes set size:undefined disposed:false
320 silly fetch manifest @jridgewell/remapping@^2.3.5
321 silly packumentCache full:https://registry.npmjs.org/@jridgewell%2fremapping cache-miss
322 http fetch GET 200 https://registry.npmjs.org/@babel%2fparser 129ms (cache miss)
323 silly packumentCache full:https://registry.npmjs.org/@babel%2fparser set size:undefined disposed:false
324 silly fetch manifest @babel/helper-module-transforms@^7.29.7
325 silly packumentCache full:https://registry.npmjs.org/@babel%2fhelper-module-transforms cache-miss
326 http fetch GET 200 https://registry.npmjs.org/@babel%2ftemplate 95ms (cache miss)
327 silly packumentCache full:https://registry.npmjs.org/@babel%2ftemplate set size:undefined disposed:false
328 silly fetch manifest @babel/helper-compilation-targets@^7.29.7
329 silly packumentCache full:https://registry.npmjs.org/@babel%2fhelper-compilation-targets cache-miss
330 http fetch GET 200 https://registry.npmjs.org/convert-source-map 61ms (cache miss)
331 silly packumentCache full:https://registry.npmjs.org/convert-source-map set size:undefined disposed:false
332 silly fetch manifest @babel/helper-plugin-utils@^7.29.7
333 silly packumentCache full:https://registry.npmjs.org/@babel%2fhelper-plugin-utils cache-miss
334 http fetch GET 200 https://registry.npmjs.org/@babel%2fcode-frame 93ms (cache miss)
335 silly packumentCache full:https://registry.npmjs.org/@babel%2fcode-frame set size:undefined disposed:false
336 silly fetch manifest @babel/helper-plugin-utils@^7.29.7
337 silly packumentCache full:https://registry.npmjs.org/@babel%2fhelper-plugin-utils cache-miss
338 http fetch GET 200 https://registry.npmjs.org/@jridgewell%2fremapping 64ms (cache miss)
339 silly packumentCache full:https://registry.npmjs.org/@jridgewell%2fremapping set size:undefined disposed:false
340 silly fetch manifest @babel/types@^7.20.7
341 silly packumentCache full:https://registry.npmjs.org/@babel%2ftypes cache-miss
342 http fetch GET 200 https://registry.npmjs.org/@babel%2fgenerator 123ms (cache miss)
343 silly packumentCache full:https://registry.npmjs.org/@babel%2fgenerator set size:undefined disposed:false
344 silly fetch manifest @babel/parser@^7.20.7
345 silly packumentCache full:https://registry.npmjs.org/@babel%2fparser cache-miss
346 http fetch GET 200 https://registry.npmjs.org/@babel%2ftraverse 143ms (cache miss)
347 silly packumentCache full:https://registry.npmjs.org/@babel%2ftraverse set size:undefined disposed:false
348 silly fetch manifest @types/babel__template@*
349 silly packumentCache full:https://registry.npmjs.org/@types%2fbabel__template cache-miss
350 http cache https://registry.npmjs.org/@babel%2ftypes 43ms (cache hit)
351 silly packumentCache full:https://registry.npmjs.org/@babel%2ftypes set size:502938 disposed:false
352 silly fetch manifest @types/babel__traverse@*
353 silly packumentCache full:https://registry.npmjs.org/@types%2fbabel__traverse cache-miss
354 http cache https://registry.npmjs.org/@babel%2fparser 44ms (cache hit)
355 silly packumentCache full:https://registry.npmjs.org/@babel%2fparser set size:737961 disposed:false
356 silly fetch manifest @types/babel__generator@*
357 silly packumentCache full:https://registry.npmjs.org/@types%2fbabel__generator cache-miss
358 http fetch GET 200 https://registry.npmjs.org/@babel%2fhelper-compilation-targets 110ms (cache miss)
359 silly packumentCache full:https://registry.npmjs.org/@babel%2fhelper-compilation-targets set size:undefined disposed:false
360 http fetch GET 200 https://registry.npmjs.org/@babel%2fhelper-plugin-utils 106ms (cache miss)
361 silly packumentCache full:https://registry.npmjs.org/@babel%2fhelper-plugin-utils set size:undefined disposed:false
362 http fetch GET 200 https://registry.npmjs.org/@babel%2fhelper-module-transforms 132ms (cache miss)
363 silly packumentCache full:https://registry.npmjs.org/@babel%2fhelper-module-transforms set size:undefined disposed:false
364 http fetch GET 200 https://registry.npmjs.org/@babel%2fhelper-plugin-utils 109ms (cache miss)
365 silly packumentCache full:https://registry.npmjs.org/@babel%2fhelper-plugin-utils set size:undefined disposed:false
366 http fetch GET 200 https://registry.npmjs.org/@types%2fbabel__template 86ms (cache miss)
367 silly packumentCache full:https://registry.npmjs.org/@types%2fbabel__template set size:undefined disposed:false
368 http fetch GET 200 https://registry.npmjs.org/@types%2fbabel__traverse 70ms (cache miss)
369 silly packumentCache full:https://registry.npmjs.org/@types%2fbabel__traverse set size:undefined disposed:false
370 http fetch GET 200 https://registry.npmjs.org/@types%2fbabel__generator 47ms (cache miss)
371 silly packumentCache full:https://registry.npmjs.org/@types%2fbabel__generator set size:undefined disposed:false
372 silly fetch manifest @babel/core@^7.0.0
373 silly packumentCache full:https://registry.npmjs.org/@babel%2fcore cache-miss
374 http cache https://registry.npmjs.org/@babel%2fcore 11ms (cache hit)
375 silly packumentCache full:https://registry.npmjs.org/@babel%2fcore set size:788273 disposed:false
376 silly placeDep ROOT @babel/code-frame@7.29.7 OK for: @babel/core@7.29.7 want: ^7.29.7
377 silly placeDep ROOT @babel/generator@7.29.8 OK for: @babel/core@7.29.7 want: ^7.29.7
378 silly placeDep ROOT @babel/helper-compilation-targets@7.29.7 OK for: @babel/core@7.29.7 want: ^7.29.7
379 silly placeDep ROOT @babel/helper-module-transforms@7.29.7 OK for: @babel/core@7.29.7 want: ^7.29.7
380 silly placeDep ROOT @babel/helpers@7.29.7 OK for: @babel/core@7.29.7 want: ^7.29.7
381 silly placeDep ROOT @babel/parser@7.29.8 OK for: @babel/core@7.29.7 want: ^7.29.7
382 silly placeDep ROOT @babel/template@7.29.7 OK for: @babel/core@7.29.7 want: ^7.29.7
383 silly placeDep ROOT @babel/traverse@7.29.8 OK for: @babel/core@7.29.7 want: ^7.29.7
384 silly placeDep ROOT @babel/types@7.29.8 OK for: @babel/core@7.29.7 want: ^7.29.7
385 silly placeDep ROOT @jridgewell/remapping@2.3.5 OK for: @babel/core@7.29.7 want: ^2.3.5
386 silly placeDep ROOT convert-source-map@2.0.0 OK for: @babel/core@7.29.7 want: ^2.0.0
387 silly placeDep ROOT debug@4.4.3 OK for: @babel/core@7.29.7 want: ^4.1.0
388 silly placeDep ROOT gensync@1.0.0-beta.2 OK for: @babel/core@7.29.7 want: ^1.0.0-beta.2
389 silly placeDep ROOT json5@2.2.3 OK for: @babel/core@7.29.7 want: ^2.2.3
390 silly placeDep ROOT semver@6.3.1 OK for: @babel/core@7.29.7 want: ^6.3.1
391 silly fetch manifest js-tokens@^4.0.0
392 silly packumentCache full:https://registry.npmjs.org/js-tokens cache-miss
393 silly fetch manifest picocolors@^1.1.1
394 silly packumentCache full:https://registry.npmjs.org/picocolors cache-miss
395 silly fetch manifest @babel/helper-validator-identifier@^7.29.7
396 silly packumentCache full:https://registry.npmjs.org/@babel%2fhelper-validator-identifier cache-miss
397 silly fetch manifest jsesc@^3.0.2
398 silly packumentCache full:https://registry.npmjs.org/jsesc cache-miss
399 silly fetch manifest @babel/types@^7.29.8
400 silly packumentCache full:https://registry.npmjs.org/@babel%2ftypes cache-hit
401 silly fetch manifest @babel/parser@^7.29.8
402 silly packumentCache full:https://registry.npmjs.org/@babel%2fparser cache-hit
403 silly fetch manifest @jridgewell/gen-mapping@^0.3.12
404 silly packumentCache full:https://registry.npmjs.org/@jridgewell%2fgen-mapping cache-miss
405 silly fetch manifest @jridgewell/trace-mapping@^0.3.28
406 silly packumentCache full:https://registry.npmjs.org/@jridgewell%2ftrace-mapping cache-miss
407 silly fetch manifest lru-cache@^5.1.1
408 silly packumentCache full:https://registry.npmjs.org/lru-cache cache-miss
409 http fetch GET 200 https://registry.npmjs.org/jsesc 36ms (cache miss)
410 silly packumentCache full:https://registry.npmjs.org/jsesc set size:undefined disposed:false
411 silly fetch manifest browserslist@^4.24.0
412 silly packumentCache full:https://registry.npmjs.org/browserslist cache-miss
413 http fetch GET 200 https://registry.npmjs.org/picocolors 56ms (cache revalidated)
414 silly packumentCache full:https://registry.npmjs.org/picocolors set size:16648 disposed:false
415 silly fetch manifest @babel/compat-data@^7.29.7
416 silly packumentCache full:https://registry.npmjs.org/@babel%2fcompat-data cache-miss
417 http fetch GET 200 https://registry.npmjs.org/js-tokens 63ms (cache revalidated)
418 silly packumentCache full:https://registry.npmjs.org/js-tokens set size:41947 disposed:false
419 silly fetch manifest @babel/helper-validator-option@^7.29.7
420 silly packumentCache full:https://registry.npmjs.org/@babel%2fhelper-validator-option cache-miss
421 http fetch GET 200 https://registry.npmjs.org/lru-cache 60ms (cache revalidated)
422 silly packumentCache full:https://registry.npmjs.org/lru-cache set size:460407 disposed:false
423 silly fetch manifest @babel/helper-module-imports@^7.29.7
424 silly packumentCache full:https://registry.npmjs.org/@babel%2fhelper-module-imports cache-miss
425 http fetch GET 200 https://registry.npmjs.org/@jridgewell%2fgen-mapping 87ms (cache miss)
426 silly packumentCache full:https://registry.npmjs.org/@jridgewell%2fgen-mapping set size:undefined disposed:false
427 silly fetch manifest @babel/helper-validator-identifier@^7.29.7
428 silly packumentCache full:https://registry.npmjs.org/@babel%2fhelper-validator-identifier cache-miss
429 http fetch GET 200 https://registry.npmjs.org/@babel%2fhelper-validator-identifier 94ms (cache miss)
430 silly packumentCache full:https://registry.npmjs.org/@babel%2fhelper-validator-identifier set size:undefined disposed:false
431 silly fetch manifest debug@^4.3.1
432 silly packumentCache full:https://registry.npmjs.org/debug cache-hit
433 silly fetch manifest @babel/helper-globals@^7.29.7
434 silly packumentCache full:https://registry.npmjs.org/@babel%2fhelper-globals cache-miss
435 http fetch GET 200 https://registry.npmjs.org/@jridgewell%2ftrace-mapping 97ms (cache miss)
436 silly packumentCache full:https://registry.npmjs.org/@jridgewell%2ftrace-mapping set size:undefined disposed:false
437 silly fetch manifest @babel/helper-string-parser@^7.29.7
438 silly packumentCache full:https://registry.npmjs.org/@babel%2fhelper-string-parser cache-miss
439 http cache https://registry.npmjs.org/@babel%2fhelper-validator-identifier 34ms (cache hit)
440 silly packumentCache full:https://registry.npmjs.org/@babel%2fhelper-validator-identifier set size:130133 disposed:false
441 silly fetch manifest @jridgewell/gen-mapping@^0.3.5
442 silly packumentCache full:https://registry.npmjs.org/@jridgewell%2fgen-mapping cache-miss
443 http fetch GET 200 https://registry.npmjs.org/@babel%2fhelper-validator-option 90ms (cache miss)
444 silly packumentCache full:https://registry.npmjs.org/@babel%2fhelper-validator-option set size:undefined disposed:false
445 silly fetch manifest @jridgewell/trace-mapping@^0.3.24
446 silly packumentCache full:https://registry.npmjs.org/@jridgewell%2ftrace-mapping cache-miss
447 http fetch GET 200 https://registry.npmjs.org/browserslist 126ms (cache miss)
448 silly packumentCache full:https://registry.npmjs.org/browserslist set size:undefined disposed:false
449 silly fetch manifest ms@^2.1.3
450 silly packumentCache full:https://registry.npmjs.org/ms cache-miss
451 http fetch GET 200 https://registry.npmjs.org/@babel%2fhelper-module-imports 98ms (cache miss)
452 silly packumentCache full:https://registry.npmjs.org/@babel%2fhelper-module-imports set size:undefined disposed:false
453 http fetch GET 200 https://registry.npmjs.org/@babel%2fcompat-data 123ms (cache miss)
454 silly packumentCache full:https://registry.npmjs.org/@babel%2fcompat-data set size:undefined disposed:false
455 http fetch GET 200 https://registry.npmjs.org/@babel%2fhelper-globals 95ms (cache miss)
456 silly packumentCache full:https://registry.npmjs.org/@babel%2fhelper-globals set size:undefined disposed:false
457 http cache https://registry.npmjs.org/@jridgewell%2fgen-mapping 66ms (cache hit)
458 silly packumentCache full:https://registry.npmjs.org/@jridgewell%2fgen-mapping set size:75941 disposed:false
459 http fetch GET 200 https://registry.npmjs.org/@babel%2fhelper-string-parser 93ms (cache miss)
460 silly packumentCache full:https://registry.npmjs.org/@babel%2fhelper-string-parser set size:undefined disposed:false
461 http cache https://registry.npmjs.org/@jridgewell%2ftrace-mapping 43ms (cache hit)
462 silly packumentCache full:https://registry.npmjs.org/@jridgewell%2ftrace-mapping set size:170909 disposed:false
463 http fetch GET 200 https://registry.npmjs.org/ms 61ms (cache revalidated)
464 silly packumentCache full:https://registry.npmjs.org/ms set size:92208 disposed:false
465 silly placeDep ROOT @babel/helper-validator-identifier@7.29.7 OK for: @babel/code-frame@7.29.7 want: ^7.29.7
466 silly placeDep ROOT js-tokens@4.0.0 OK for: @babel/code-frame@7.29.7 want: ^4.0.0
467 silly placeDep ROOT picocolors@1.1.1 OK for: @babel/code-frame@7.29.7 want: ^1.1.1
468 silly placeDep ROOT @jridgewell/gen-mapping@0.3.13 OK for: @babel/generator@7.29.8 want: ^0.3.12
469 silly placeDep ROOT @jridgewell/trace-mapping@0.3.31 OK for: @babel/generator@7.29.8 want: ^0.3.28
470 silly placeDep ROOT jsesc@3.1.0 OK for: @babel/generator@7.29.8 want: ^3.0.2
471 silly fetch manifest @jridgewell/sourcemap-codec@^1.5.0
472 silly packumentCache full:https://registry.npmjs.org/@jridgewell%2fsourcemap-codec cache-miss
473 silly fetch manifest @jridgewell/resolve-uri@^3.1.0
474 silly packumentCache full:https://registry.npmjs.org/@jridgewell%2fresolve-uri cache-miss
475 silly fetch manifest @jridgewell/sourcemap-codec@^1.4.14
476 silly packumentCache full:https://registry.npmjs.org/@jridgewell%2fsourcemap-codec cache-miss
477 http fetch GET 200 https://registry.npmjs.org/@jridgewell%2fresolve-uri 44ms (cache miss)
478 silly packumentCache full:https://registry.npmjs.org/@jridgewell%2fresolve-uri set size:undefined disposed:false
479 http fetch GET 200 https://registry.npmjs.org/@jridgewell%2fsourcemap-codec 54ms (cache revalidated)
480 silly packumentCache full:https://registry.npmjs.org/@jridgewell%2fsourcemap-codec set size:51856 disposed:false
481 http fetch GET 200 https://registry.npmjs.org/@jridgewell%2fsourcemap-codec 56ms (cache revalidated)
482 silly packumentCache full:https://registry.npmjs.org/@jridgewell%2fsourcemap-codec set size:51856 disposed:false
483 silly packumentCache full:https://registry.npmjs.org/@jridgewell%2fsourcemap-codec dispose
484 silly placeDep ROOT @babel/compat-data@7.29.7 OK for: @babel/helper-compilation-targets@7.29.7 want: ^7.29.7
485 silly placeDep ROOT @babel/helper-validator-option@7.29.7 OK for: @babel/helper-compilation-targets@7.29.7 want: ^7.29.7
486 silly placeDep ROOT browserslist@4.28.8 OK for: @babel/helper-compilation-targets@7.29.7 want: ^4.24.0
487 silly placeDep ROOT lru-cache@5.1.1 OK for: @babel/helper-compilation-targets@7.29.7 want: ^5.1.1
488 silly fetch manifest caniuse-lite@^1.0.30001809
489 silly packumentCache full:https://registry.npmjs.org/caniuse-lite cache-miss
490 silly fetch manifest node-releases@^2.0.53
491 silly packumentCache full:https://registry.npmjs.org/node-releases cache-miss
492 silly fetch manifest electron-to-chromium@^1.5.402
493 silly packumentCache full:https://registry.npmjs.org/electron-to-chromium cache-miss
494 silly fetch manifest update-browserslist-db@^1.3.0
495 silly packumentCache full:https://registry.npmjs.org/update-browserslist-db cache-miss
496 silly fetch manifest baseline-browser-mapping@^2.11.12
497 silly packumentCache full:https://registry.npmjs.org/baseline-browser-mapping cache-miss
498 silly fetch manifest yallist@^3.0.2
499 silly packumentCache full:https://registry.npmjs.org/yallist cache-miss
500 http fetch GET 200 https://registry.npmjs.org/update-browserslist-db 36ms (cache miss)
501 silly packumentCache full:https://registry.npmjs.org/update-browserslist-db set size:undefined disposed:false
502 http fetch GET 200 https://registry.npmjs.org/yallist 46ms (cache revalidated)
503 silly packumentCache full:https://registry.npmjs.org/yallist set size:34610 disposed:false
504 http fetch GET 200 https://registry.npmjs.org/node-releases 62ms (cache miss)
505 silly packumentCache full:https://registry.npmjs.org/node-releases set size:undefined disposed:false
506 http fetch GET 200 https://registry.npmjs.org/baseline-browser-mapping 74ms (cache miss)
507 silly packumentCache full:https://registry.npmjs.org/baseline-browser-mapping set size:undefined disposed:false
508 http fetch GET 200 https://registry.npmjs.org/caniuse-lite 130ms (cache miss)
509 silly packumentCache full:https://registry.npmjs.org/caniuse-lite set size:undefined disposed:false
510 http fetch GET 200 https://registry.npmjs.org/electron-to-chromium 186ms (cache miss)
511 silly packumentCache full:https://registry.npmjs.org/electron-to-chromium set size:undefined disposed:false
512 silly placeDep ROOT @babel/helper-module-imports@7.29.7 OK for: @babel/helper-module-transforms@7.29.7 want: ^7.29.7
513 silly placeDep ROOT @babel/helper-plugin-utils@7.29.7 OK for: @babel/plugin-transform-react-jsx-self@7.29.7 want: ^7.29.7
514 silly placeDep ROOT @babel/helper-globals@7.29.7 OK for: @babel/traverse@7.29.8 want: ^7.29.7
515 silly placeDep ROOT @babel/helper-string-parser@7.29.7 OK for: @babel/types@7.29.8 want: ^7.29.7
516 silly placeDep ROOT @jridgewell/sourcemap-codec@1.5.5 OK for: @jridgewell/gen-mapping@0.3.13 want: ^1.5.0
517 silly placeDep ROOT @jridgewell/resolve-uri@3.1.2 OK for: @jridgewell/trace-mapping@0.3.31 want: ^3.1.0
518 silly placeDep ROOT @types/babel__generator@7.27.0 OK for: @types/babel__core@7.20.5 want: *
519 silly placeDep ROOT @types/babel__template@7.4.4 OK for: @types/babel__core@7.20.5 want: *
520 silly placeDep ROOT @types/babel__traverse@7.28.0 OK for: @types/babel__core@7.20.5 want: *
521 silly fetch manifest browserslist@>= 4.21.0
522 silly packumentCache full:https://registry.npmjs.org/browserslist cache-miss
523 http cache https://registry.npmjs.org/browserslist 10ms (cache hit)
524 silly packumentCache full:https://registry.npmjs.org/browserslist set size:518659 disposed:false
525 silly placeDep ROOT baseline-browser-mapping@2.11.14 OK for: browserslist@4.28.8 want: ^2.11.12
526 silly placeDep ROOT caniuse-lite@1.0.30001809 OK for: browserslist@4.28.8 want: ^1.0.30001809
527 silly placeDep ROOT electron-to-chromium@1.5.406 OK for: browserslist@4.28.8 want: ^1.5.402
528 silly placeDep ROOT node-releases@2.0.53 OK for: browserslist@4.28.8 want: ^2.0.53
529 silly placeDep ROOT update-browserslist-db@1.3.1 OK for: browserslist@4.28.8 want: ^1.3.0
530 silly fetch manifest escalade@^3.2.0
531 silly packumentCache full:https://registry.npmjs.org/escalade cache-miss
532 http fetch GET 200 https://registry.npmjs.org/escalade 35ms (cache revalidated)
533 silly packumentCache full:https://registry.npmjs.org/escalade set size:33724 disposed:false
534 silly placeDep ROOT ms@2.1.3 OK for: debug@4.4.3 want: ^2.1.3
535 silly fetch manifest @react-native-async-storage/async-storage@^2.2.0 || ^3.0.0
536 silly packumentCache full:https://registry.npmjs.org/@react-native-async-storage%2fasync-storage cache-miss
537 http fetch GET 200 https://registry.npmjs.org/@react-native-async-storage%2fasync-storage 52ms (cache miss)
538 silly packumentCache full:https://registry.npmjs.org/@react-native-async-storage%2fasync-storage set size:undefined disposed:false
539 silly fetch manifest react@*
540 silly packumentCache full:https://registry.npmjs.org/react cache-miss
541 http cache https://registry.npmjs.org/react 35ms (cache hit)
542 silly packumentCache full:https://registry.npmjs.org/react set size:6893034 disposed:false
543 silly fetch manifest react-native@*
544 silly packumentCache full:https://registry.npmjs.org/react-native cache-miss
545 http fetch GET 200 https://registry.npmjs.org/react-native 252ms (cache miss)
546 silly packumentCache full:https://registry.npmjs.org/react-native set size:undefined disposed:false
547 silly fetch manifest @types/react@^19.1.1
548 silly packumentCache full:https://registry.npmjs.org/@types%2freact cache-miss
549 http cache https://registry.npmjs.org/@types%2freact 17ms (cache hit)
550 silly packumentCache full:https://registry.npmjs.org/@types%2freact set size:2637439 disposed:false
551 silly placeDep ROOT @firebase/ai@2.14.0 OK for: firebase@12.17.1 want: 2.14.0
552 silly placeDep ROOT @firebase/app@0.16.0 OK for: @firebase/ai@2.14.0 want: 0.x
553 silly placeDep ROOT @firebase/app-types@0.9.5 OK for: @firebase/ai@2.14.0 want: 0.x
554 silly placeDep ROOT @firebase/analytics@0.10.23 OK for: firebase@12.17.1 want: 0.10.23
555 silly placeDep ROOT @firebase/analytics-compat@0.2.29 OK for: firebase@12.17.1 want: 0.2.29
556 silly placeDep ROOT @firebase/app-compat@0.5.16 OK for: @firebase/analytics-compat@0.2.29 want: 0.x
557 silly placeDep ROOT @firebase/app-check@0.13.0 OK for: firebase@12.17.1 want: 0.13.0
558 silly placeDep ROOT @firebase/app-check-compat@0.4.6 OK for: firebase@12.17.1 want: 0.4.6
559 silly placeDep ROOT @firebase/auth@1.13.4 OK for: firebase@12.17.1 want: 1.13.4
560 silly placeDep ROOT @firebase/auth-compat@0.6.9 OK for: firebase@12.17.1 want: 0.6.9
561 silly placeDep ROOT @firebase/data-connect@0.7.3 OK for: firebase@12.17.1 want: 0.7.3
562 silly placeDep ROOT @firebase/database@1.1.4 OK for: firebase@12.17.1 want: 1.1.4
563 silly placeDep ROOT @firebase/database-compat@2.1.6 OK for: firebase@12.17.1 want: 2.1.6
564 silly placeDep ROOT @firebase/firestore@4.17.0 OK for: firebase@12.17.1 want: 4.17.0
565 silly placeDep ROOT @firebase/firestore-compat@0.4.12 OK for: firebase@12.17.1 want: 0.4.12
566 silly placeDep ROOT @firebase/functions@0.13.6 OK for: firebase@12.17.1 want: 0.13.6
567 silly placeDep ROOT @firebase/functions-compat@0.4.6 OK for: firebase@12.17.1 want: 0.4.6
568 silly placeDep ROOT @firebase/installations@0.6.23 OK for: firebase@12.17.1 want: 0.6.23
569 silly placeDep ROOT @firebase/installations-compat@0.2.23 OK for: firebase@12.17.1 want: 0.2.23
570 silly placeDep ROOT @firebase/messaging@0.13.1 OK for: firebase@12.17.1 want: 0.13.1
571 silly placeDep ROOT @firebase/messaging-compat@0.2.28 OK for: firebase@12.17.1 want: 0.2.28
572 silly placeDep ROOT @firebase/performance@0.7.13 OK for: firebase@12.17.1 want: 0.7.13
573 silly placeDep ROOT @firebase/performance-compat@0.2.26 OK for: firebase@12.17.1 want: 0.2.26
574 silly placeDep ROOT @firebase/remote-config@0.9.1 OK for: firebase@12.17.1 want: 0.9.1
575 silly placeDep ROOT @firebase/remote-config-compat@0.2.28 OK for: firebase@12.17.1 want: 0.2.28
576 silly placeDep ROOT @firebase/storage@0.14.4 OK for: firebase@12.17.1 want: 0.14.4
577 silly placeDep ROOT @firebase/storage-compat@0.4.4 OK for: firebase@12.17.1 want: 0.4.4
578 silly placeDep ROOT @firebase/util@1.15.2 OK for: firebase@12.17.1 want: 1.15.2
579 silly fetch manifest tslib@^2.1.0
580 silly packumentCache full:https://registry.npmjs.org/tslib cache-miss
581 silly fetch manifest @firebase/logger@0.5.1
582 silly packumentCache full:https://registry.npmjs.org/@firebase%2flogger cache-miss
583 silly fetch manifest @firebase/component@0.7.4
584 silly packumentCache full:https://registry.npmjs.org/@firebase%2fcomponent cache-miss
585 silly fetch manifest @firebase/app-check-interop-types@0.3.4
586 silly packumentCache full:https://registry.npmjs.org/@firebase%2fapp-check-interop-types cache-miss
587 silly fetch manifest @firebase/logger@0.5.1
588 silly packumentCache full:https://registry.npmjs.org/@firebase%2flogger cache-miss
589 silly fetch manifest idb@7.1.1
590 silly packumentCache full:https://registry.npmjs.org/idb cache-miss
591 silly fetch manifest tslib@^2.1.0
592 silly packumentCache full:https://registry.npmjs.org/tslib cache-miss
593 http fetch GET 200 https://registry.npmjs.org/idb 38ms (cache miss)
594 silly packumentCache full:https://registry.npmjs.org/idb set size:undefined disposed:false
595 silly fetch manifest @firebase/logger@0.5.1
596 silly packumentCache full:https://registry.npmjs.org/@firebase%2flogger cache-miss
597 http fetch GET 200 https://registry.npmjs.org/tslib 51ms (cache revalidated)
598 silly packumentCache full:https://registry.npmjs.org/tslib set size:108843 disposed:false
599 silly fetch manifest @firebase/component@0.7.4
600 silly packumentCache full:https://registry.npmjs.org/@firebase%2fcomponent cache-miss
601 http fetch GET 200 https://registry.npmjs.org/tslib 58ms (cache revalidated)
602 silly packumentCache full:https://registry.npmjs.org/tslib set size:108843 disposed:false
603 silly packumentCache full:https://registry.npmjs.org/tslib dispose
604 silly fetch manifest @firebase/logger@0.5.1
605 silly packumentCache full:https://registry.npmjs.org/@firebase%2flogger cache-miss
606 http fetch GET 200 https://registry.npmjs.org/@firebase%2fapp-check-interop-types 85ms (cache revalidated)
607 silly packumentCache full:https://registry.npmjs.org/@firebase%2fapp-check-interop-types set size:3700034 disposed:false
608 silly fetch manifest @firebase/component@0.7.4
609 silly packumentCache full:https://registry.npmjs.org/@firebase%2fcomponent cache-miss
610 http fetch GET 200 https://registry.npmjs.org/@firebase%2fcomponent 159ms (cache revalidated)
611 silly packumentCache full:https://registry.npmjs.org/@firebase%2fcomponent set size:9352177 disposed:false
612 silly fetch manifest @firebase/analytics-types@0.8.4
613 silly packumentCache full:https://registry.npmjs.org/@firebase%2fanalytics-types cache-miss
614 http cache https://registry.npmjs.org/@firebase%2fcomponent 187ms (cache hit)
615 silly packumentCache full:https://registry.npmjs.org/@firebase%2fcomponent set size:9352177 disposed:false
616 silly fetch manifest @firebase/logger@0.5.1
617 silly packumentCache full:https://registry.npmjs.org/@firebase%2flogger cache-miss
618 http fetch GET 200 https://registry.npmjs.org/@firebase%2flogger 328ms (cache revalidated)
619 silly packumentCache full:https://registry.npmjs.org/@firebase%2flogger set size:11892639 disposed:false
620 silly fetch manifest @firebase/app-check-types@0.5.4
621 silly packumentCache full:https://registry.npmjs.org/@firebase%2fapp-check-types cache-miss
622 http fetch GET 200 https://registry.npmjs.org/@firebase%2flogger 486ms (cache revalidated)
623 silly packumentCache full:https://registry.npmjs.org/@firebase%2flogger set size:11892639 disposed:false
624 silly fetch manifest @firebase/auth-types@0.13.1
625 silly packumentCache full:https://registry.npmjs.org/@firebase%2fauth-types cache-miss
626 http fetch GET 200 https://registry.npmjs.org/@firebase%2flogger 587ms (cache revalidated)
627 silly packumentCache full:https://registry.npmjs.org/@firebase%2flogger set size:11892639 disposed:false
628 silly fetch manifest @firebase/auth-interop-types@0.2.5
629 silly packumentCache full:https://registry.npmjs.org/@firebase%2fauth-interop-types cache-miss
630 http cache https://registry.npmjs.org/@firebase%2fcomponent 630ms (cache hit)
631 silly packumentCache full:https://registry.npmjs.org/@firebase%2fcomponent set size:9352177 disposed:false
632 silly fetch manifest faye-websocket@0.11.4
633 silly packumentCache full:https://registry.npmjs.org/faye-websocket cache-miss
634 http fetch GET 200 https://registry.npmjs.org/@firebase%2flogger 794ms (cache revalidated)
635 silly packumentCache full:https://registry.npmjs.org/@firebase%2flogger set size:11892639 disposed:false
636 silly fetch manifest @firebase/auth-interop-types@0.2.5
637 silly packumentCache full:https://registry.npmjs.org/@firebase%2fauth-interop-types cache-miss
638 http fetch GET 200 https://registry.npmjs.org/@firebase%2flogger 747ms (cache revalidated)
639 silly packumentCache full:https://registry.npmjs.org/@firebase%2flogger set size:11892639 disposed:false
640 silly fetch manifest @firebase/database-types@1.0.21
641 silly packumentCache full:https://registry.npmjs.org/@firebase%2fdatabase-types cache-miss
642 http fetch GET 200 https://registry.npmjs.org/faye-websocket 349ms (cache revalidated)
643 silly packumentCache full:https://registry.npmjs.org/faye-websocket set size:45682 disposed:false
644 silly fetch manifest re2js@^2.8.3
645 silly packumentCache full:https://registry.npmjs.org/re2js cache-miss
646 http fetch GET 200 https://registry.npmjs.org/@firebase%2fauth-interop-types 273ms (cache revalidated)
647 silly packumentCache full:https://registry.npmjs.org/@firebase%2fauth-interop-types set size:6609671 disposed:false
648 silly fetch manifest @grpc/grpc-js@~1.9.0
649 silly packumentCache full:https://registry.npmjs.org/@grpc%2fgrpc-js cache-miss
650 http fetch GET 200 https://registry.npmjs.org/@firebase%2fauth-interop-types 581ms (cache revalidated)
651 silly packumentCache full:https://registry.npmjs.org/@firebase%2fauth-interop-types set size:6609671 disposed:false
652 silly fetch manifest @grpc/proto-loader@^0.7.8
653 silly packumentCache full:https://registry.npmjs.org/@grpc%2fproto-loader cache-miss
654 http fetch GET 200 https://registry.npmjs.org/re2js 229ms (cache miss)
655 silly packumentCache full:https://registry.npmjs.org/re2js set size:undefined disposed:false
656 silly fetch manifest @firebase/webchannel-wrapper@1.0.6
657 silly packumentCache full:https://registry.npmjs.org/@firebase%2fwebchannel-wrapper cache-miss
658 http fetch GET 200 https://registry.npmjs.org/@firebase%2fdatabase-types 322ms (cache revalidated)
659 silly packumentCache full:https://registry.npmjs.org/@firebase%2fdatabase-types set size:9149067 disposed:false
660 silly fetch manifest @firebase/firestore-types@3.0.4
661 silly packumentCache full:https://registry.npmjs.org/@firebase%2ffirestore-types cache-miss
662 http fetch GET 200 https://registry.npmjs.org/@grpc%2fproto-loader 184ms (cache revalidated)
663 silly packumentCache full:https://registry.npmjs.org/@grpc%2fproto-loader set size:218355 disposed:false
664 silly fetch manifest @firebase/messaging-interop-types@0.2.5
665 silly packumentCache full:https://registry.npmjs.org/@firebase%2fmessaging-interop-types cache-miss
666 http fetch GET 200 https://registry.npmjs.org/@grpc%2fgrpc-js 332ms (cache revalidated)
667 silly packumentCache full:https://registry.npmjs.org/@grpc%2fgrpc-js set size:674221 disposed:false
668 silly fetch manifest @firebase/functions-types@0.6.4
669 silly packumentCache full:https://registry.npmjs.org/@firebase%2ffunctions-types cache-miss
670 http fetch GET 200 https://registry.npmjs.org/@firebase%2fapp-check-types 1285ms (cache miss)
671 silly packumentCache full:https://registry.npmjs.org/@firebase%2fapp-check-types set size:undefined disposed:false
672 silly fetch manifest @firebase/installations-types@0.5.4
673 silly packumentCache full:https://registry.npmjs.org/@firebase%2finstallations-types cache-miss
674 http fetch GET 200 https://registry.npmjs.org/@firebase%2fmessaging-interop-types 378ms (cache miss)
675 silly packumentCache full:https://registry.npmjs.org/@firebase%2fmessaging-interop-types set size:undefined disposed:false
676 silly fetch manifest web-vitals@^4.2.4
677 silly packumentCache full:https://registry.npmjs.org/web-vitals cache-miss
678 http fetch GET 200 https://registry.npmjs.org/@firebase%2fanalytics-types 1796ms (cache miss)
679 silly packumentCache full:https://registry.npmjs.org/@firebase%2fanalytics-types set size:undefined disposed:false
680 silly fetch manifest @firebase/performance-types@0.2.4
681 silly packumentCache full:https://registry.npmjs.org/@firebase%2fperformance-types cache-miss
682 http fetch GET 200 https://registry.npmjs.org/web-vitals 255ms (cache miss)
683 silly packumentCache full:https://registry.npmjs.org/web-vitals set size:undefined disposed:false
684 silly fetch manifest @firebase/remote-config-types@0.5.1
685 silly packumentCache full:https://registry.npmjs.org/@firebase%2fremote-config-types cache-miss
686 http fetch GET 200 https://registry.npmjs.org/@firebase%2fauth-types 1968ms (cache miss)
687 silly packumentCache full:https://registry.npmjs.org/@firebase%2fauth-types set size:undefined disposed:false
688 silly fetch manifest @firebase/storage-types@0.8.4
689 silly packumentCache full:https://registry.npmjs.org/@firebase%2fstorage-types cache-miss
690 http fetch GET 200 https://registry.npmjs.org/@firebase%2ffunctions-types 1236ms (cache miss)
691 silly packumentCache full:https://registry.npmjs.org/@firebase%2ffunctions-types set size:undefined disposed:false
692 http fetch GET 200 https://registry.npmjs.org/@firebase%2fwebchannel-wrapper 1631ms (cache miss)
693 silly packumentCache full:https://registry.npmjs.org/@firebase%2fwebchannel-wrapper set size:undefined disposed:false
694 http fetch GET 200 https://registry.npmjs.org/@firebase%2finstallations-types 1391ms (cache miss)
695 silly packumentCache full:https://registry.npmjs.org/@firebase%2finstallations-types set size:undefined disposed:false
696 http fetch GET 200 https://registry.npmjs.org/@firebase%2fperformance-types 1151ms (cache miss)
697 silly packumentCache full:https://registry.npmjs.org/@firebase%2fperformance-types set size:undefined disposed:false
698 http fetch GET 200 https://registry.npmjs.org/@firebase%2fremote-config-types 1085ms (cache miss)
699 silly packumentCache full:https://registry.npmjs.org/@firebase%2fremote-config-types set size:undefined disposed:false
700 http fetch GET 200 https://registry.npmjs.org/@firebase%2ffirestore-types 1905ms (cache miss)
701 silly packumentCache full:https://registry.npmjs.org/@firebase%2ffirestore-types set size:undefined disposed:false
702 http fetch GET 200 https://registry.npmjs.org/@firebase%2fstorage-types 1001ms (cache miss)
703 silly packumentCache full:https://registry.npmjs.org/@firebase%2fstorage-types set size:undefined disposed:false
704 silly placeDep ROOT @firebase/app-check-interop-types@0.3.4 OK for: @firebase/ai@2.14.0 want: 0.3.4
705 silly placeDep ROOT @firebase/component@0.7.4 OK for: @firebase/ai@2.14.0 want: 0.7.4
706 silly placeDep ROOT @firebase/logger@0.5.1 OK for: @firebase/ai@2.14.0 want: 0.5.1
707 silly placeDep ROOT tslib@2.8.1 OK for: @firebase/ai@2.14.0 want: ^2.1.0
708 silly placeDep ROOT @firebase/analytics-types@0.8.4 OK for: @firebase/analytics-compat@0.2.29 want: 0.8.4
709 silly placeDep ROOT idb@7.1.1 OK for: @firebase/app@0.16.0 want: 7.1.1
710 silly placeDep ROOT @firebase/app-check-types@0.5.4 OK for: @firebase/app-check-compat@0.4.6 want: 0.5.4
711 silly fetch manifest @firebase/app-types@0.x
712 silly packumentCache full:https://registry.npmjs.org/@firebase%2fapp-types cache-miss
713 http cache https://registry.npmjs.org/@firebase%2fapp-types 40ms (cache hit)
714 silly packumentCache full:https://registry.npmjs.org/@firebase%2fapp-types set size:8591173 disposed:false
715 silly placeDep ROOT @firebase/auth-types@0.13.1 OK for: @firebase/auth-compat@0.6.9 want: 0.13.1
716 silly placeDep ROOT @firebase/auth-interop-types@0.2.5 OK for: @firebase/data-connect@0.7.3 want: 0.2.5
717 silly placeDep ROOT faye-websocket@0.11.4 OK for: @firebase/database@1.1.4 want: 0.11.4
718 silly fetch manifest websocket-driver@>=0.5.1
719 silly packumentCache full:https://registry.npmjs.org/websocket-driver cache-miss
720 http fetch GET 200 https://registry.npmjs.org/websocket-driver 42ms (cache revalidated)
721 silly packumentCache full:https://registry.npmjs.org/websocket-driver set size:57610 disposed:false
722 silly placeDep ROOT @firebase/database-types@1.0.21 OK for: @firebase/database-compat@2.1.6 want: 1.0.21
723 silly placeDep ROOT @firebase/webchannel-wrapper@1.0.6 OK for: @firebase/firestore@4.17.0 want: 1.0.6
724 silly placeDep ROOT @grpc/grpc-js@1.9.16 OK for: @firebase/firestore@4.17.0 want: ~1.9.0
725 silly placeDep ROOT @grpc/proto-loader@0.7.15 OK for: @firebase/firestore@4.17.0 want: ^0.7.8
726 silly placeDep ROOT re2js@2.8.6 OK for: @firebase/firestore@4.17.0 want: ^2.8.3
727 silly fetch manifest @types/node@>=12.12.47
728 silly packumentCache full:https://registry.npmjs.org/@types%2fnode cache-miss
729 silly fetch manifest long@^5.0.0
730 silly packumentCache full:https://registry.npmjs.org/long cache-miss
731 silly fetch manifest yargs@^17.7.2
732 silly packumentCache full:https://registry.npmjs.org/yargs cache-miss
733 silly fetch manifest protobufjs@^7.2.5
734 silly packumentCache full:https://registry.npmjs.org/protobufjs cache-miss
735 silly fetch manifest lodash.camelcase@^4.3.0
736 silly packumentCache full:https://registry.npmjs.org/lodash.camelcase cache-miss
737 http cache https://registry.npmjs.org/@types%2fnode 62ms (cache hit)
738 silly packumentCache full:https://registry.npmjs.org/@types%2fnode set size:11088606 disposed:false
739 http fetch GET 200 https://registry.npmjs.org/lodash.camelcase 304ms (cache revalidated)
740 silly packumentCache full:https://registry.npmjs.org/lodash.camelcase set size:16993 disposed:false
741 http fetch GET 200 https://registry.npmjs.org/long 311ms (cache revalidated)
742 silly packumentCache full:https://registry.npmjs.org/long set size:80704 disposed:false
743 http fetch GET 200 https://registry.npmjs.org/protobufjs 313ms (cache revalidated)
744 silly packumentCache full:https://registry.npmjs.org/protobufjs set size:771492 disposed:false
745 http fetch GET 200 https://registry.npmjs.org/yargs 332ms (cache revalidated)
746 silly packumentCache full:https://registry.npmjs.org/yargs set size:759965 disposed:false
747 silly placeDep ROOT @firebase/firestore-types@3.0.4 OK for: @firebase/firestore-compat@0.4.12 want: 3.0.4
748 silly placeDep ROOT @firebase/messaging-interop-types@0.2.5 OK for: @firebase/functions@0.13.6 want: 0.2.5
749 silly placeDep ROOT @firebase/functions-types@0.6.4 OK for: @firebase/functions-compat@0.4.6 want: 0.6.4
750 silly placeDep ROOT @firebase/installations-types@0.5.4 OK for: @firebase/installations-compat@0.2.23 want: 0.5.4
751 silly placeDep ROOT web-vitals@4.2.4 OK for: @firebase/performance@0.7.13 want: ^4.2.4
752 silly placeDep ROOT @firebase/performance-types@0.2.4 OK for: @firebase/performance-compat@0.2.26 want: 0.2.4
753 silly placeDep ROOT @firebase/remote-config-types@0.5.1 OK for: @firebase/remote-config-compat@0.2.28 want: 0.5.1
754 silly placeDep ROOT @firebase/storage-types@0.8.4 OK for: @firebase/storage-compat@0.4.4 want: 0.8.4
755 silly placeDep ROOT @types/node@26.2.0 OK for: @grpc/grpc-js@1.9.16 want: >=12.12.47
756 silly fetch manifest undici-types@~8.3.0
757 silly packumentCache full:https://registry.npmjs.org/undici-types cache-miss
758 http fetch GET 200 https://registry.npmjs.org/undici-types 36ms (cache revalidated)
759 silly packumentCache full:https://registry.npmjs.org/undici-types set size:250438 disposed:false
760 silly placeDep ROOT lodash.camelcase@4.3.0 OK for: @grpc/proto-loader@0.7.15 want: ^4.3.0
761 silly placeDep ROOT long@5.3.2 OK for: @grpc/proto-loader@0.7.15 want: ^5.0.0
762 silly placeDep ROOT protobufjs@7.6.5 OK for: @grpc/proto-loader@0.7.15 want: ^7.2.5
763 silly placeDep ROOT yargs@17.7.3 OK for: @grpc/proto-loader@0.7.15 want: ^17.7.2
764 silly fetch manifest @protobufjs/path@^1.1.2
765 silly packumentCache full:https://registry.npmjs.org/@protobufjs%2fpath cache-miss
766 silly fetch manifest @protobufjs/pool@^1.1.0
767 silly packumentCache full:https://registry.npmjs.org/@protobufjs%2fpool cache-miss
768 silly fetch manifest @protobufjs/utf8@^1.1.1
769 silly packumentCache full:https://registry.npmjs.org/@protobufjs%2futf8 cache-miss
770 silly fetch manifest @protobufjs/fetch@^1.1.1
771 silly packumentCache full:https://registry.npmjs.org/@protobufjs%2ffetch cache-miss
772 silly fetch manifest @protobufjs/float@^1.0.2
773 silly packumentCache full:https://registry.npmjs.org/@protobufjs%2ffloat cache-miss
774 silly fetch manifest @protobufjs/base64@^1.1.2
775 silly packumentCache full:https://registry.npmjs.org/@protobufjs%2fbase64 cache-miss
776 silly fetch manifest @protobufjs/codegen@^2.0.5
777 silly packumentCache full:https://registry.npmjs.org/@protobufjs%2fcodegen cache-miss
778 http fetch GET 200 https://registry.npmjs.org/@protobufjs%2fpath 76ms (cache revalidated)
779 silly packumentCache full:https://registry.npmjs.org/@protobufjs%2fpath set size:10241 disposed:false
780 silly fetch manifest @protobufjs/aspromise@^1.1.2
781 silly packumentCache full:https://registry.npmjs.org/@protobufjs%2faspromise cache-miss
782 http fetch GET 200 https://registry.npmjs.org/@protobufjs%2fpool 77ms (cache revalidated)
783 silly packumentCache full:https://registry.npmjs.org/@protobufjs%2fpool set size:10727 disposed:false
784 silly fetch manifest @protobufjs/eventemitter@^1.1.1
785 silly packumentCache full:https://registry.npmjs.org/@protobufjs%2feventemitter cache-miss
786 http fetch GET 200 https://registry.npmjs.org/@protobufjs%2ffloat 77ms (cache revalidated)
787 silly packumentCache full:https://registry.npmjs.org/@protobufjs%2ffloat set size:9957 disposed:false
788 silly fetch manifest y18n@^5.0.5
789 silly packumentCache full:https://registry.npmjs.org/y18n cache-miss
790 http fetch GET 200 https://registry.npmjs.org/@protobufjs%2ffetch 80ms (cache revalidated)
791 silly packumentCache full:https://registry.npmjs.org/@protobufjs%2ffetch set size:12023 disposed:false
792 silly fetch manifest cliui@^8.0.1
793 silly packumentCache full:https://registry.npmjs.org/cliui cache-miss
794 http fetch GET 200 https://registry.npmjs.org/@protobufjs%2futf8 92ms (cache revalidated)
795 silly packumentCache full:https://registry.npmjs.org/@protobufjs%2futf8 set size:17318 disposed:false
796 silly fetch manifest escalade@^3.1.1
797 silly packumentCache full:https://registry.npmjs.org/escalade cache-hit
798 silly fetch manifest string-width@^4.2.3
799 silly packumentCache full:https://registry.npmjs.org/string-width cache-miss
800 http fetch GET 200 https://registry.npmjs.org/@protobufjs%2fbase64 92ms (cache revalidated)
801 silly packumentCache full:https://registry.npmjs.org/@protobufjs%2fbase64 set size:14176 disposed:false
802 silly fetch manifest yargs-parser@^21.1.1
803 silly packumentCache full:https://registry.npmjs.org/yargs-parser cache-miss
804 http fetch GET 200 https://registry.npmjs.org/@protobufjs%2fcodegen 96ms (cache revalidated)
805 silly packumentCache full:https://registry.npmjs.org/@protobufjs%2fcodegen set size:23820 disposed:false
806 silly fetch manifest get-caller-file@^2.0.5
807 silly packumentCache full:https://registry.npmjs.org/get-caller-file cache-miss
808 http fetch GET 200 https://registry.npmjs.org/cliui 58ms (cache revalidated)
809 silly packumentCache full:https://registry.npmjs.org/cliui set size:69089 disposed:false
810 silly fetch manifest require-directory@^2.1.1
811 silly packumentCache full:https://registry.npmjs.org/require-directory cache-miss
812 http fetch GET 200 https://registry.npmjs.org/y18n 63ms (cache revalidated)
813 silly packumentCache full:https://registry.npmjs.org/y18n set size:76155 disposed:false
814 http fetch GET 200 https://registry.npmjs.org/string-width 58ms (cache revalidated)
815 silly packumentCache full:https://registry.npmjs.org/string-width set size:72458 disposed:false
816 http fetch GET 200 https://registry.npmjs.org/@protobufjs%2feventemitter 83ms (cache revalidated)
817 silly packumentCache full:https://registry.npmjs.org/@protobufjs%2feventemitter set size:13173 disposed:false
818 http fetch GET 200 https://registry.npmjs.org/yargs-parser 65ms (cache revalidated)
819 silly packumentCache full:https://registry.npmjs.org/yargs-parser set size:238630 disposed:false
820 http fetch GET 200 https://registry.npmjs.org/get-caller-file 66ms (cache revalidated)
821 silly packumentCache full:https://registry.npmjs.org/get-caller-file set size:26456 disposed:false
822 http fetch GET 200 https://registry.npmjs.org/@protobufjs%2faspromise 100ms (cache revalidated)
823 silly packumentCache full:https://registry.npmjs.org/@protobufjs%2faspromise set size:11438 disposed:false
824 http fetch GET 200 https://registry.npmjs.org/require-directory 41ms (cache revalidated)
825 silly packumentCache full:https://registry.npmjs.org/require-directory set size:26866 disposed:false
826 silly placeDep ROOT undici-types@8.3.0 OK for: @types/node@26.2.0 want: ~8.3.0
827 silly placeDep ROOT websocket-driver@0.7.5 OK for: faye-websocket@0.11.4 want: >=0.5.1
828 silly fetch manifest http-parser-js@>=0.5.1
829 silly packumentCache full:https://registry.npmjs.org/http-parser-js cache-miss
830 silly fetch manifest safe-buffer@>=5.1.0
831 silly packumentCache full:https://registry.npmjs.org/safe-buffer cache-miss
832 silly fetch manifest websocket-extensions@>=0.1.1
833 silly packumentCache full:https://registry.npmjs.org/websocket-extensions cache-miss
834 http fetch GET 200 https://registry.npmjs.org/websocket-extensions 36ms (cache revalidated)
835 silly packumentCache full:https://registry.npmjs.org/websocket-extensions set size:22792 disposed:false
836 http fetch GET 200 https://registry.npmjs.org/http-parser-js 40ms (cache revalidated)
837 silly packumentCache full:https://registry.npmjs.org/http-parser-js set size:68161 disposed:false
838 http fetch GET 200 https://registry.npmjs.org/safe-buffer 48ms (cache revalidated)
839 silly packumentCache full:https://registry.npmjs.org/safe-buffer set size:41183 disposed:false
840 silly placeDep ROOT yallist@3.1.1 OK for: lru-cache@5.1.1 want: ^3.0.2
841 silly placeDep ROOT @protobufjs/aspromise@1.1.2 OK for: protobufjs@7.6.5 want: ^1.1.2
842 silly placeDep ROOT @protobufjs/base64@1.1.2 OK for: protobufjs@7.6.5 want: ^1.1.2
843 silly placeDep ROOT @protobufjs/codegen@2.0.5 OK for: protobufjs@7.6.5 want: ^2.0.5
844 silly placeDep ROOT @protobufjs/eventemitter@1.1.1 OK for: protobufjs@7.6.5 want: ^1.1.1
845 silly placeDep ROOT @protobufjs/fetch@1.1.1 OK for: protobufjs@7.6.5 want: ^1.1.1
846 silly placeDep ROOT @protobufjs/float@1.0.2 OK for: protobufjs@7.6.5 want: ^1.0.2
847 silly placeDep ROOT @protobufjs/path@1.1.2 OK for: protobufjs@7.6.5 want: ^1.1.2
848 silly placeDep ROOT @protobufjs/pool@1.1.0 OK for: protobufjs@7.6.5 want: ^1.1.0
849 silly placeDep ROOT @protobufjs/utf8@1.1.2 OK for: protobufjs@7.6.5 want: ^1.1.1
850 silly placeDep ROOT scheduler@0.27.0 OK for: react-dom@19.2.8 want: ^0.27.0
851 silly placeDep ROOT escalade@3.2.0 OK for: update-browserslist-db@1.3.1 want: ^3.2.0
852 silly placeDep ROOT esbuild@0.28.2 OK for: vite@7.3.6 want: ^0.27.0 || ^0.28.0
853 silly placeDep ROOT fdir@6.5.0 OK for: vite@7.3.6 want: ^6.5.0
854 silly placeDep ROOT fsevents@2.3.3 OK for: vite@7.3.6 want: ~2.3.3
855 silly placeDep ROOT picomatch@4.0.5 OK for: vite@7.3.6 want: ^4.0.3
856 silly placeDep ROOT postcss@8.5.26 OK for: vite@7.3.6 want: ^8.5.6
857 silly placeDep ROOT rollup@4.62.4 OK for: vite@7.3.6 want: ^4.43.0
858 silly placeDep ROOT tinyglobby@0.2.17 OK for: vite@7.3.6 want: ^0.2.15
859 silly fetch manifest @esbuild/aix-ppc64@0.28.2
860 silly packumentCache full:https://registry.npmjs.org/@esbuild%2faix-ppc64 cache-miss
861 silly fetch manifest @esbuild/linux-arm@0.28.2
862 silly packumentCache full:https://registry.npmjs.org/@esbuild%2flinux-arm cache-miss
863 silly fetch manifest @esbuild/linux-x64@0.28.2
864 silly packumentCache full:https://registry.npmjs.org/@esbuild%2flinux-x64 cache-miss
865 silly fetch manifest @esbuild/sunos-x64@0.28.2
866 silly packumentCache full:https://registry.npmjs.org/@esbuild%2fsunos-x64 cache-miss
867 silly fetch manifest @esbuild/win32-x64@0.28.2
868 silly packumentCache full:https://registry.npmjs.org/@esbuild%2fwin32-x64 cache-miss
869 silly fetch manifest @esbuild/darwin-x64@0.28.2
870 silly packumentCache full:https://registry.npmjs.org/@esbuild%2fdarwin-x64 cache-miss
871 silly fetch manifest @esbuild/linux-ia32@0.28.2
872 silly packumentCache full:https://registry.npmjs.org/@esbuild%2flinux-ia32 cache-miss
873 http fetch GET 200 https://registry.npmjs.org/@esbuild%2flinux-arm 65ms (cache revalidated)
874 silly packumentCache full:https://registry.npmjs.org/@esbuild%2flinux-arm set size:198596 disposed:false
875 silly fetch manifest @esbuild/netbsd-x64@0.28.2
876 silly packumentCache full:https://registry.npmjs.org/@esbuild%2fnetbsd-x64 cache-miss
877 http fetch GET 200 https://registry.npmjs.org/@esbuild%2faix-ppc64 82ms (cache revalidated)
878 silly packumentCache full:https://registry.npmjs.org/@esbuild%2faix-ppc64 set size:67797 disposed:false
879 silly fetch manifest @esbuild/win32-ia32@0.28.2
880 silly packumentCache full:https://registry.npmjs.org/@esbuild%2fwin32-ia32 cache-miss
881 http fetch GET 200 https://registry.npmjs.org/@esbuild%2flinux-x64 86ms (cache revalidated)
882 silly packumentCache full:https://registry.npmjs.org/@esbuild%2flinux-x64 set size:198942 disposed:false
883 silly fetch manifest @esbuild/android-arm@0.28.2
884 silly packumentCache full:https://registry.npmjs.org/@esbuild%2fandroid-arm cache-miss
885 http fetch GET 200 https://registry.npmjs.org/@esbuild%2fwin32-x64 92ms (cache revalidated)
886 silly packumentCache full:https://registry.npmjs.org/@esbuild%2fwin32-x64 set size:197540 disposed:false
887 silly fetch manifest @esbuild/android-x64@0.28.2
888 silly packumentCache full:https://registry.npmjs.org/@esbuild%2fandroid-x64 cache-miss
889 http fetch GET 200 https://registry.npmjs.org/@esbuild%2fdarwin-x64 96ms (cache revalidated)
890 silly packumentCache full:https://registry.npmjs.org/@esbuild%2fdarwin-x64 set size:199670 disposed:false
891 silly fetch manifest @esbuild/freebsd-x64@0.28.2
892 silly packumentCache full:https://registry.npmjs.org/@esbuild%2ffreebsd-x64 cache-miss
893 http fetch GET 200 https://registry.npmjs.org/@esbuild%2fsunos-x64 104ms (cache revalidated)
894 silly packumentCache full:https://registry.npmjs.org/@esbuild%2fsunos-x64 set size:199187 disposed:false
895 silly fetch manifest @esbuild/linux-arm64@0.28.2
896 silly packumentCache full:https://registry.npmjs.org/@esbuild%2flinux-arm64 cache-miss
897 http fetch GET 200 https://registry.npmjs.org/@esbuild%2flinux-ia32 104ms (cache revalidated)
898 silly packumentCache full:https://registry.npmjs.org/@esbuild%2flinux-ia32 set size:199625 disposed:false
899 silly fetch manifest @esbuild/linux-ppc64@0.28.2
900 silly packumentCache full:https://registry.npmjs.org/@esbuild%2flinux-ppc64 cache-miss
901 http fetch GET 200 https://registry.npmjs.org/@esbuild%2fnetbsd-x64 111ms (cache revalidated)
902 silly packumentCache full:https://registry.npmjs.org/@esbuild%2fnetbsd-x64 set size:197314 disposed:false
903 silly fetch manifest @esbuild/linux-s390x@0.28.2
904 silly packumentCache full:https://registry.npmjs.org/@esbuild%2flinux-s390x cache-miss
905 http fetch GET 200 https://registry.npmjs.org/@esbuild%2fwin32-ia32 112ms (cache revalidated)
906 silly packumentCache full:https://registry.npmjs.org/@esbuild%2fwin32-ia32 set size:199854 disposed:false
907 silly fetch manifest @esbuild/openbsd-x64@0.28.2
908 silly packumentCache full:https://registry.npmjs.org/@esbuild%2fopenbsd-x64 cache-miss
909 http fetch GET 200 https://registry.npmjs.org/@esbuild%2fandroid-arm 115ms (cache revalidated)
910 silly packumentCache full:https://registry.npmjs.org/@esbuild%2fandroid-arm set size:225217 disposed:false
911 silly fetch manifest @esbuild/win32-arm64@0.28.2
912 silly packumentCache full:https://registry.npmjs.org/@esbuild%2fwin32-arm64 cache-miss
913 http fetch GET 200 https://registry.npmjs.org/@esbuild%2ffreebsd-x64 120ms (cache revalidated)
914 silly packumentCache full:https://registry.npmjs.org/@esbuild%2ffreebsd-x64 set size:200565 disposed:false
915 silly fetch manifest @esbuild/darwin-arm64@0.28.2
916 silly packumentCache full:https://registry.npmjs.org/@esbuild%2fdarwin-arm64 cache-miss
917 http fetch GET 200 https://registry.npmjs.org/@esbuild%2fandroid-x64 132ms (cache revalidated)
918 silly packumentCache full:https://registry.npmjs.org/@esbuild%2fandroid-x64 set size:199017 disposed:false
919 silly fetch manifest @esbuild/netbsd-arm64@0.28.2
920 silly packumentCache full:https://registry.npmjs.org/@esbuild%2fnetbsd-arm64 cache-miss
921 http fetch GET 200 https://registry.npmjs.org/@esbuild%2flinux-arm64 126ms (cache revalidated)
922 silly packumentCache full:https://registry.npmjs.org/@esbuild%2flinux-arm64 set size:200773 disposed:false
923 silly fetch manifest @esbuild/android-arm64@0.28.2
924 silly packumentCache full:https://registry.npmjs.org/@esbuild%2fandroid-arm64 cache-miss
925 http fetch GET 200 https://registry.npmjs.org/@esbuild%2flinux-ppc64 136ms (cache revalidated)
926 silly packumentCache full:https://registry.npmjs.org/@esbuild%2flinux-ppc64 set size:202845 disposed:false
927 silly fetch manifest @esbuild/freebsd-arm64@0.28.2
928 silly packumentCache full:https://registry.npmjs.org/@esbuild%2ffreebsd-arm64 cache-miss
929 http fetch GET 200 https://registry.npmjs.org/@esbuild%2flinux-s390x 83ms (cache revalidated)
930 silly packumentCache full:https://registry.npmjs.org/@esbuild%2flinux-s390x set size:202310 disposed:false
931 silly fetch manifest @esbuild/linux-loong64@0.28.2
932 silly packumentCache full:https://registry.npmjs.org/@esbuild%2flinux-loong64 cache-miss
933 http fetch GET 200 https://registry.npmjs.org/@esbuild%2fopenbsd-x64 92ms (cache revalidated)
934 silly packumentCache full:https://registry.npmjs.org/@esbuild%2fopenbsd-x64 set size:200576 disposed:false
935 silly fetch manifest @esbuild/linux-riscv64@0.28.2
936 silly packumentCache full:https://registry.npmjs.org/@esbuild%2flinux-riscv64 cache-miss
937 http fetch GET 200 https://registry.npmjs.org/@esbuild%2fwin32-arm64 102ms (cache revalidated)
938 silly packumentCache full:https://registry.npmjs.org/@esbuild%2fwin32-arm64 set size:201005 disposed:false
939 silly fetch manifest @esbuild/openbsd-arm64@0.28.2
940 silly packumentCache full:https://registry.npmjs.org/@esbuild%2fopenbsd-arm64 cache-miss
941 http fetch GET 200 https://registry.npmjs.org/@esbuild%2fdarwin-arm64 121ms (cache revalidated)
942 silly packumentCache full:https://registry.npmjs.org/@esbuild%2fdarwin-arm64 set size:201471 disposed:false
943 silly fetch manifest @esbuild/linux-mips64el@0.28.2
944 silly packumentCache full:https://registry.npmjs.org/@esbuild%2flinux-mips64el cache-miss
945 http fetch GET 200 https://registry.npmjs.org/@esbuild%2fnetbsd-arm64 124ms (cache revalidated)
946 silly packumentCache full:https://registry.npmjs.org/@esbuild%2fnetbsd-arm64 set size:44308 disposed:false
947 silly fetch manifest @esbuild/openharmony-arm64@0.28.2
948 silly packumentCache full:https://registry.npmjs.org/@esbuild%2fopenharmony-arm64 cache-miss
949 http fetch GET 200 https://registry.npmjs.org/@esbuild%2fandroid-arm64 127ms (cache revalidated)
950 silly packumentCache full:https://registry.npmjs.org/@esbuild%2fandroid-arm64 set size:204216 disposed:false
951 silly fetch manifest nanoid@^3.3.17
952 silly packumentCache full:https://registry.npmjs.org/nanoid cache-miss
953 http fetch GET 200 https://registry.npmjs.org/@esbuild%2flinux-loong64 105ms (cache revalidated)
954 silly packumentCache full:https://registry.npmjs.org/@esbuild%2flinux-loong64 set size:255749 disposed:false
955 silly fetch manifest source-map-js@^1.2.1
956 silly packumentCache full:https://registry.npmjs.org/source-map-js cache-miss
957 http fetch GET 200 https://registry.npmjs.org/@esbuild%2ffreebsd-arm64 135ms (cache revalidated)
958 silly packumentCache full:https://registry.npmjs.org/@esbuild%2ffreebsd-arm64 set size:202383 disposed:false
959 silly fetch manifest @types/estree@1.0.9
960 silly packumentCache full:https://registry.npmjs.org/@types%2festree cache-miss
961 http fetch GET 200 https://registry.npmjs.org/@esbuild%2flinux-riscv64 107ms (cache revalidated)
962 silly packumentCache full:https://registry.npmjs.org/@esbuild%2flinux-riscv64 set size:202512 disposed:false
963 silly fetch manifest @rollup/rollup-darwin-x64@4.62.4
964 silly packumentCache full:https://registry.npmjs.org/@rollup%2frollup-darwin-x64 cache-miss
965 http fetch GET 200 https://registry.npmjs.org/@esbuild%2fopenbsd-arm64 121ms (cache revalidated)
966 silly packumentCache full:https://registry.npmjs.org/@esbuild%2fopenbsd-arm64 set size:49642 disposed:false
967 silly fetch manifest @rollup/rollup-freebsd-x64@4.62.4
968 silly packumentCache full:https://registry.npmjs.org/@rollup%2frollup-freebsd-x64 cache-miss
969 http fetch GET 200 https://registry.npmjs.org/nanoid 84ms (cache revalidated)
970 silly packumentCache full:https://registry.npmjs.org/nanoid set size:342705 disposed:false
971 silly fetch manifest @rollup/rollup-openbsd-x64@4.62.4
972 silly packumentCache full:https://registry.npmjs.org/@rollup%2frollup-openbsd-x64 cache-miss
973 http fetch GET 200 https://registry.npmjs.org/source-map-js 86ms (cache revalidated)
974 silly packumentCache full:https://registry.npmjs.org/source-map-js set size:62640 disposed:false
975 silly fetch manifest @napi-rs/lzma-linux-x64-gnu@1.5.1
976 silly packumentCache full:https://registry.npmjs.org/@napi-rs%2flzma-linux-x64-gnu cache-miss
977 http fetch GET 200 https://registry.npmjs.org/@esbuild%2fopenharmony-arm64 114ms (cache revalidated)
978 silly packumentCache full:https://registry.npmjs.org/@esbuild%2fopenharmony-arm64 set size:33054 disposed:false
979 silly fetch manifest @rollup/rollup-darwin-arm64@4.62.4
980 silly packumentCache full:https://registry.npmjs.org/@rollup%2frollup-darwin-arm64 cache-miss
981 http fetch GET 200 https://registry.npmjs.org/@esbuild%2flinux-mips64el 124ms (cache revalidated)
982 silly packumentCache full:https://registry.npmjs.org/@esbuild%2flinux-mips64el set size:204633 disposed:false
983 silly fetch manifest @rollup/rollup-android-arm64@4.62.4
984 silly packumentCache full:https://registry.npmjs.org/@rollup%2frollup-android-arm64 cache-miss
985 http fetch GET 200 https://registry.npmjs.org/@types%2festree 100ms (cache revalidated)
986 silly packumentCache full:https://registry.npmjs.org/@types%2festree set size:76072 disposed:false
987 silly fetch manifest @rollup/rollup-freebsd-arm64@4.62.4
988 silly packumentCache full:https://registry.npmjs.org/@rollup%2frollup-freebsd-arm64 cache-miss
989 http fetch GET 200 https://registry.npmjs.org/@rollup%2frollup-darwin-x64 92ms (cache revalidated)
990 silly packumentCache full:https://registry.npmjs.org/@rollup%2frollup-darwin-x64 set size:346155 disposed:false
991 silly fetch manifest @rollup/rollup-linux-x64-gnu@4.62.4
992 silly packumentCache full:https://registry.npmjs.org/@rollup%2frollup-linux-x64-gnu cache-miss
993 http fetch GET 200 https://registry.npmjs.org/@rollup%2frollup-freebsd-x64 99ms (cache revalidated)
994 silly packumentCache full:https://registry.npmjs.org/@rollup%2frollup-freebsd-x64 set size:198806 disposed:false
995 silly fetch manifest @rollup/rollup-win32-x64-gnu@4.62.4
996 silly packumentCache full:https://registry.npmjs.org/@rollup%2frollup-win32-x64-gnu cache-miss
997 http fetch GET 200 https://registry.npmjs.org/@rollup%2frollup-openbsd-x64 85ms (cache revalidated)
998 silly packumentCache full:https://registry.npmjs.org/@rollup%2frollup-openbsd-x64 set size:43551 disposed:false
999 silly fetch manifest @rollup/rollup-linux-x64-musl@4.62.4
1000 silly packumentCache full:https://registry.npmjs.org/@rollup%2frollup-linux-x64-musl cache-miss
1001 http fetch GET 200 https://registry.npmjs.org/@rollup%2frollup-darwin-arm64 85ms (cache revalidated)
1002 silly packumentCache full:https://registry.npmjs.org/@rollup%2frollup-darwin-arm64 set size:351064 disposed:false
1003 silly fetch manifest @rollup/rollup-win32-x64-msvc@4.62.4
1004 silly packumentCache full:https://registry.npmjs.org/@rollup%2frollup-win32-x64-msvc cache-miss
1005 http fetch GET 200 https://registry.npmjs.org/@napi-rs%2flzma-linux-x64-gnu 94ms (cache revalidated)
1006 silly packumentCache full:https://registry.npmjs.org/@napi-rs%2flzma-linux-x64-gnu set size:31508 disposed:false
1007 silly fetch manifest @rollup/rollup-linux-arm64-gnu@4.62.4
1008 silly packumentCache full:https://registry.npmjs.org/@rollup%2frollup-linux-arm64-gnu cache-miss
1009 http fetch GET 200 https://registry.npmjs.org/@rollup%2frollup-linux-x64-gnu 74ms (cache revalidated)
1010 silly packumentCache full:https://registry.npmjs.org/@rollup%2frollup-linux-x64-gnu set size:353494 disposed:false
1011 silly fetch manifest @rollup/rollup-linux-ppc64-gnu@4.62.4
1012 silly packumentCache full:https://registry.npmjs.org/@rollup%2frollup-linux-ppc64-gnu cache-miss
1013 http fetch GET 200 https://registry.npmjs.org/@rollup%2frollup-freebsd-arm64 90ms (cache revalidated)
1014 silly packumentCache full:https://registry.npmjs.org/@rollup%2frollup-freebsd-arm64 set size:200825 disposed:false
1015 silly fetch manifest @rollup/rollup-linux-s390x-gnu@4.62.4
1016 silly packumentCache full:https://registry.npmjs.org/@rollup%2frollup-linux-s390x-gnu cache-miss
1017 http fetch GET 200 https://registry.npmjs.org/@rollup%2frollup-android-arm64 107ms (cache revalidated)
1018 silly packumentCache full:https://registry.npmjs.org/@rollup%2frollup-android-arm64 set size:352622 disposed:false
1019 silly fetch manifest @rollup/rollup-win32-ia32-msvc@4.62.4
1020 silly packumentCache full:https://registry.npmjs.org/@rollup%2frollup-win32-ia32-msvc cache-miss
1021 http fetch GET 200 https://registry.npmjs.org/@rollup%2frollup-win32-x64-gnu 77ms (cache revalidated)
1022 silly packumentCache full:https://registry.npmjs.org/@rollup%2frollup-win32-x64-gnu set size:74240 disposed:false
1023 silly fetch manifest @rollup/rollup-android-arm-eabi@4.62.4
1024 silly packumentCache full:https://registry.npmjs.org/@rollup%2frollup-android-arm-eabi cache-miss
1025 http fetch GET 200 https://registry.npmjs.org/@rollup%2frollup-linux-x64-musl 88ms (cache revalidated)
1026 silly packumentCache full:https://registry.npmjs.org/@rollup%2frollup-linux-x64-musl set size:352884 disposed:false
1027 silly fetch manifest @rollup/rollup-linux-arm64-musl@4.62.4
1028 silly packumentCache full:https://registry.npmjs.org/@rollup%2frollup-linux-arm64-musl cache-miss
1029 http fetch GET 200 https://registry.npmjs.org/@rollup%2frollup-linux-s390x-gnu 66ms (cache revalidated)
1030 silly packumentCache full:https://registry.npmjs.org/@rollup%2frollup-linux-s390x-gnu set size:258315 disposed:false
1031 silly fetch manifest @rollup/rollup-linux-ppc64-musl@4.62.4
1032 silly packumentCache full:https://registry.npmjs.org/@rollup%2frollup-linux-ppc64-musl cache-miss
1033 http fetch GET 200 https://registry.npmjs.org/@rollup%2frollup-linux-arm64-gnu 90ms (cache revalidated)
1034 silly packumentCache full:https://registry.npmjs.org/@rollup%2frollup-linux-arm64-gnu set size:358465 disposed:false
1035 silly fetch manifest @rollup/rollup-win32-arm64-msvc@4.62.4
1036 silly packumentCache full:https://registry.npmjs.org/@rollup%2frollup-win32-arm64-msvc cache-miss
1037 http fetch GET 200 https://registry.npmjs.org/@rollup%2frollup-win32-x64-msvc 102ms (cache revalidated)
1038 silly packumentCache full:https://registry.npmjs.org/@rollup%2frollup-win32-x64-msvc set size:351198 disposed:false
1039 silly fetch manifest @rollup/rollup-linux-loong64-gnu@4.62.4
1040 silly packumentCache full:https://registry.npmjs.org/@rollup%2frollup-linux-loong64-gnu cache-miss
1041 http fetch GET 200 https://registry.npmjs.org/@rollup%2frollup-win32-ia32-msvc 84ms (cache revalidated)
1042 silly packumentCache full:https://registry.npmjs.org/@rollup%2frollup-win32-ia32-msvc set size:354609 disposed:false
1043 silly fetch manifest @rollup/rollup-linux-riscv64-gnu@4.62.4
1044 silly packumentCache full:https://registry.npmjs.org/@rollup%2frollup-linux-riscv64-gnu cache-miss
1045 http fetch GET 200 https://registry.npmjs.org/@rollup%2frollup-linux-ppc64-gnu 104ms (cache revalidated)
1046 silly packumentCache full:https://registry.npmjs.org/@rollup%2frollup-linux-ppc64-gnu set size:103150 disposed:false
1047 silly fetch manifest @rollup/rollup-openharmony-arm64@4.62.4
1048 silly packumentCache full:https://registry.npmjs.org/@rollup%2frollup-openharmony-arm64 cache-miss
1049 http fetch GET 200 https://registry.npmjs.org/@rollup%2frollup-android-arm-eabi 75ms (cache revalidated)
1050 silly packumentCache full:https://registry.npmjs.org/@rollup%2frollup-android-arm-eabi set size:356159 disposed:false
1051 silly fetch manifest @rollup/rollup-linux-loong64-musl@4.62.4
1052 silly packumentCache full:https://registry.npmjs.org/@rollup%2frollup-linux-loong64-musl cache-miss
1053 http fetch GET 200 https://registry.npmjs.org/@rollup%2frollup-linux-arm64-musl 87ms (cache revalidated)
1054 silly packumentCache full:https://registry.npmjs.org/@rollup%2frollup-linux-arm64-musl set size:313896 disposed:false
1055 silly fetch manifest @rollup/rollup-linux-riscv64-musl@4.62.4
1056 silly packumentCache full:https://registry.npmjs.org/@rollup%2frollup-linux-riscv64-musl cache-miss
1057 http fetch GET 200 https://registry.npmjs.org/@rollup%2frollup-linux-ppc64-musl 82ms (cache revalidated)
1058 silly packumentCache full:https://registry.npmjs.org/@rollup%2frollup-linux-ppc64-musl set size:44718 disposed:false
1059 silly fetch manifest @rollup/rollup-linux-arm-gnueabihf@4.62.4
1060 silly packumentCache full:https://registry.npmjs.org/@rollup%2frollup-linux-arm-gnueabihf cache-miss
1061 http fetch GET 200 https://registry.npmjs.org/@rollup%2frollup-win32-arm64-msvc 81ms (cache revalidated)
1062 silly packumentCache full:https://registry.npmjs.org/@rollup%2frollup-win32-arm64-msvc set size:356150 disposed:false
1063 silly fetch manifest @rollup/rollup-linux-arm-musleabihf@4.62.4
1064 silly packumentCache full:https://registry.npmjs.org/@rollup%2frollup-linux-arm-musleabihf cache-miss
1065 http fetch GET 200 https://registry.npmjs.org/@rollup%2frollup-linux-loong64-gnu 90ms (cache revalidated)
1066 silly packumentCache full:https://registry.npmjs.org/@rollup%2frollup-linux-loong64-gnu set size:83040 disposed:false
1067 http fetch GET 200 https://registry.npmjs.org/@rollup%2frollup-linux-loong64-musl 58ms (cache revalidated)
1068 silly packumentCache full:https://registry.npmjs.org/@rollup%2frollup-linux-loong64-musl set size:45087 disposed:false
1069 http fetch GET 200 https://registry.npmjs.org/@rollup%2frollup-openharmony-arm64 80ms (cache revalidated)
1070 silly packumentCache full:https://registry.npmjs.org/@rollup%2frollup-openharmony-arm64 set size:83828 disposed:false
1071 http fetch GET 200 https://registry.npmjs.org/@rollup%2frollup-linux-riscv64-gnu 86ms (cache revalidated)
1072 silly packumentCache full:https://registry.npmjs.org/@rollup%2frollup-linux-riscv64-gnu set size:284727 disposed:false
1073 http fetch GET 200 https://registry.npmjs.org/@rollup%2frollup-linux-riscv64-musl 72ms (cache revalidated)
1074 silly packumentCache full:https://registry.npmjs.org/@rollup%2frollup-linux-riscv64-musl set size:130752 disposed:false
1075 http fetch GET 200 https://registry.npmjs.org/@rollup%2frollup-linux-arm-gnueabihf 75ms (cache revalidated)
1076 silly packumentCache full:https://registry.npmjs.org/@rollup%2frollup-linux-arm-gnueabihf set size:362146 disposed:false
1077 http fetch GET 200 https://registry.npmjs.org/@rollup%2frollup-linux-arm-musleabihf 71ms (cache revalidated)
1078 silly packumentCache full:https://registry.npmjs.org/@rollup%2frollup-linux-arm-musleabihf set size:256363 disposed:false
1079 silly placeDep ROOT @esbuild/aix-ppc64@0.28.2 OK for: esbuild@0.28.2 want: 0.28.2
1080 silly placeDep ROOT @esbuild/android-arm@0.28.2 OK for: esbuild@0.28.2 want: 0.28.2
1081 silly placeDep ROOT @esbuild/android-arm64@0.28.2 OK for: esbuild@0.28.2 want: 0.28.2
1082 silly placeDep ROOT @esbuild/android-x64@0.28.2 OK for: esbuild@0.28.2 want: 0.28.2
1083 silly placeDep ROOT @esbuild/darwin-arm64@0.28.2 OK for: esbuild@0.28.2 want: 0.28.2
1084 silly placeDep ROOT @esbuild/darwin-x64@0.28.2 OK for: esbuild@0.28.2 want: 0.28.2
1085 silly placeDep ROOT @esbuild/freebsd-arm64@0.28.2 OK for: esbuild@0.28.2 want: 0.28.2
1086 silly placeDep ROOT @esbuild/freebsd-x64@0.28.2 OK for: esbuild@0.28.2 want: 0.28.2
1087 silly placeDep ROOT @esbuild/linux-arm@0.28.2 OK for: esbuild@0.28.2 want: 0.28.2
1088 silly placeDep ROOT @esbuild/linux-arm64@0.28.2 OK for: esbuild@0.28.2 want: 0.28.2
1089 silly placeDep ROOT @esbuild/linux-ia32@0.28.2 OK for: esbuild@0.28.2 want: 0.28.2
1090 silly placeDep ROOT @esbuild/linux-loong64@0.28.2 OK for: esbuild@0.28.2 want: 0.28.2
1091 silly placeDep ROOT @esbuild/linux-mips64el@0.28.2 OK for: esbuild@0.28.2 want: 0.28.2
1092 silly placeDep ROOT @esbuild/linux-ppc64@0.28.2 OK for: esbuild@0.28.2 want: 0.28.2
1093 silly placeDep ROOT @esbuild/linux-riscv64@0.28.2 OK for: esbuild@0.28.2 want: 0.28.2
1094 silly placeDep ROOT @esbuild/linux-s390x@0.28.2 OK for: esbuild@0.28.2 want: 0.28.2
1095 silly placeDep ROOT @esbuild/linux-x64@0.28.2 OK for: esbuild@0.28.2 want: 0.28.2
1096 silly placeDep ROOT @esbuild/netbsd-arm64@0.28.2 OK for: esbuild@0.28.2 want: 0.28.2
1097 silly placeDep ROOT @esbuild/netbsd-x64@0.28.2 OK for: esbuild@0.28.2 want: 0.28.2
1098 silly placeDep ROOT @esbuild/openbsd-arm64@0.28.2 OK for: esbuild@0.28.2 want: 0.28.2
1099 silly placeDep ROOT @esbuild/openbsd-x64@0.28.2 OK for: esbuild@0.28.2 want: 0.28.2
1100 silly placeDep ROOT @esbuild/openharmony-arm64@0.28.2 OK for: esbuild@0.28.2 want: 0.28.2
1101 silly placeDep ROOT @esbuild/sunos-x64@0.28.2 OK for: esbuild@0.28.2 want: 0.28.2
1102 silly placeDep ROOT @esbuild/win32-arm64@0.28.2 OK for: esbuild@0.28.2 want: 0.28.2
1103 silly placeDep ROOT @esbuild/win32-ia32@0.28.2 OK for: esbuild@0.28.2 want: 0.28.2
1104 silly placeDep ROOT @esbuild/win32-x64@0.28.2 OK for: esbuild@0.28.2 want: 0.28.2
1105 silly placeDep ROOT nanoid@3.3.18 OK for: postcss@8.5.26 want: ^3.3.17
1106 silly placeDep ROOT source-map-js@1.2.1 OK for: postcss@8.5.26 want: ^1.2.1
1107 silly placeDep ROOT @napi-rs/lzma-linux-x64-gnu@1.5.1 OK for: rollup@4.62.4 want: 1.5.1
1108 silly placeDep ROOT @rollup/rollup-android-arm-eabi@4.62.4 OK for: rollup@4.62.4 want: 4.62.4
1109 silly placeDep ROOT @rollup/rollup-android-arm64@4.62.4 OK for: rollup@4.62.4 want: 4.62.4
1110 silly placeDep ROOT @rollup/rollup-darwin-arm64@4.62.4 OK for: rollup@4.62.4 want: 4.62.4
1111 silly placeDep ROOT @rollup/rollup-darwin-x64@4.62.4 OK for: rollup@4.62.4 want: 4.62.4
1112 silly placeDep ROOT @rollup/rollup-freebsd-arm64@4.62.4 OK for: rollup@4.62.4 want: 4.62.4
1113 silly placeDep ROOT @rollup/rollup-freebsd-x64@4.62.4 OK for: rollup@4.62.4 want: 4.62.4
1114 silly placeDep ROOT @rollup/rollup-linux-arm-gnueabihf@4.62.4 OK for: rollup@4.62.4 want: 4.62.4
1115 silly placeDep ROOT @rollup/rollup-linux-arm-musleabihf@4.62.4 OK for: rollup@4.62.4 want: 4.62.4
1116 silly placeDep ROOT @rollup/rollup-linux-arm64-gnu@4.62.4 OK for: rollup@4.62.4 want: 4.62.4
1117 silly placeDep ROOT @rollup/rollup-linux-arm64-musl@4.62.4 OK for: rollup@4.62.4 want: 4.62.4
1118 silly placeDep ROOT @rollup/rollup-linux-loong64-gnu@4.62.4 OK for: rollup@4.62.4 want: 4.62.4
1119 silly placeDep ROOT @rollup/rollup-linux-loong64-musl@4.62.4 OK for: rollup@4.62.4 want: 4.62.4
1120 silly placeDep ROOT @rollup/rollup-linux-ppc64-gnu@4.62.4 OK for: rollup@4.62.4 want: 4.62.4
1121 silly placeDep ROOT @rollup/rollup-linux-ppc64-musl@4.62.4 OK for: rollup@4.62.4 want: 4.62.4
1122 silly placeDep ROOT @rollup/rollup-linux-riscv64-gnu@4.62.4 OK for: rollup@4.62.4 want: 4.62.4
1123 silly placeDep ROOT @rollup/rollup-linux-riscv64-musl@4.62.4 OK for: rollup@4.62.4 want: 4.62.4
1124 silly placeDep ROOT @rollup/rollup-linux-s390x-gnu@4.62.4 OK for: rollup@4.62.4 want: 4.62.4
1125 silly placeDep ROOT @rollup/rollup-linux-x64-gnu@4.62.4 OK for: rollup@4.62.4 want: 4.62.4
1126 silly placeDep ROOT @rollup/rollup-linux-x64-musl@4.62.4 OK for: rollup@4.62.4 want: 4.62.4
1127 silly placeDep ROOT @rollup/rollup-openbsd-x64@4.62.4 OK for: rollup@4.62.4 want: 4.62.4
1128 silly placeDep ROOT @rollup/rollup-openharmony-arm64@4.62.4 OK for: rollup@4.62.4 want: 4.62.4
1129 silly placeDep ROOT @rollup/rollup-win32-arm64-msvc@4.62.4 OK for: rollup@4.62.4 want: 4.62.4
1130 silly placeDep ROOT @rollup/rollup-win32-ia32-msvc@4.62.4 OK for: rollup@4.62.4 want: 4.62.4
1131 silly placeDep ROOT @rollup/rollup-win32-x64-gnu@4.62.4 OK for: rollup@4.62.4 want: 4.62.4
1132 silly placeDep ROOT @rollup/rollup-win32-x64-msvc@4.62.4 OK for: rollup@4.62.4 want: 4.62.4
1133 silly placeDep ROOT @types/estree@1.0.9 OK for: rollup@4.62.4 want: 1.0.9
1134 silly placeDep ROOT http-parser-js@0.5.10 OK for: websocket-driver@0.7.5 want: >=0.5.1
1135 silly placeDep ROOT safe-buffer@5.2.1 OK for: websocket-driver@0.7.5 want: >=5.1.0
1136 silly placeDep ROOT websocket-extensions@0.1.4 OK for: websocket-driver@0.7.5 want: >=0.1.1
1137 silly placeDep ROOT cliui@8.0.1 OK for: yargs@17.7.3 want: ^8.0.1
1138 silly placeDep ROOT get-caller-file@2.0.5 OK for: yargs@17.7.3 want: ^2.0.5
1139 silly placeDep ROOT require-directory@2.1.1 OK for: yargs@17.7.3 want: ^2.1.1
1140 silly placeDep ROOT string-width@4.2.3 OK for: yargs@17.7.3 want: ^4.2.3
1141 silly placeDep ROOT y18n@5.0.8 OK for: yargs@17.7.3 want: ^5.0.5
1142 silly placeDep ROOT yargs-parser@21.1.1 OK for: yargs@17.7.3 want: ^21.1.1
1143 silly fetch manifest wrap-ansi@^7.0.0
1144 silly packumentCache full:https://registry.npmjs.org/wrap-ansi cache-miss
1145 silly fetch manifest strip-ansi@^6.0.1
1146 silly packumentCache full:https://registry.npmjs.org/strip-ansi cache-miss
1147 silly fetch manifest string-width@^4.2.0
1148 silly packumentCache full:https://registry.npmjs.org/string-width cache-hit
1149 silly fetch manifest strip-ansi@^6.0.1
1150 silly packumentCache full:https://registry.npmjs.org/strip-ansi cache-miss
1151 silly fetch manifest emoji-regex@^8.0.0
1152 silly packumentCache full:https://registry.npmjs.org/emoji-regex cache-miss
1153 silly fetch manifest is-fullwidth-code-point@^3.0.0
1154 silly packumentCache full:https://registry.npmjs.org/is-fullwidth-code-point cache-miss
1155 http fetch GET 200 https://registry.npmjs.org/wrap-ansi 57ms (cache revalidated)
1156 silly packumentCache full:https://registry.npmjs.org/wrap-ansi set size:55299 disposed:false
1157 http fetch GET 200 https://registry.npmjs.org/emoji-regex 62ms (cache revalidated)
1158 silly packumentCache full:https://registry.npmjs.org/emoji-regex set size:89064 disposed:false
1159 http fetch GET 200 https://registry.npmjs.org/strip-ansi 68ms (cache revalidated)
1160 silly packumentCache full:https://registry.npmjs.org/strip-ansi set size:44998 disposed:false
1161 http fetch GET 200 https://registry.npmjs.org/strip-ansi 70ms (cache revalidated)
1162 silly packumentCache full:https://registry.npmjs.org/strip-ansi set size:44998 disposed:false
1163 silly packumentCache full:https://registry.npmjs.org/strip-ansi dispose
1164 http fetch GET 200 https://registry.npmjs.org/is-fullwidth-code-point 72ms (cache revalidated)
1165 silly packumentCache full:https://registry.npmjs.org/is-fullwidth-code-point set size:14578 disposed:false
1166 silly placeDep ROOT strip-ansi@6.0.1 OK for: cliui@8.0.1 want: ^6.0.1
1167 silly placeDep ROOT wrap-ansi@7.0.0 OK for: cliui@8.0.1 want: ^7.0.0
1168 silly fetch manifest ansi-regex@^5.0.1
1169 silly packumentCache full:https://registry.npmjs.org/ansi-regex cache-miss
1170 silly fetch manifest ansi-styles@^4.0.0
1171 silly packumentCache full:https://registry.npmjs.org/ansi-styles cache-miss
1172 http fetch GET 200 https://registry.npmjs.org/ansi-styles 32ms (cache revalidated)
1173 silly packumentCache full:https://registry.npmjs.org/ansi-styles set size:71772 disposed:false
1174 http fetch GET 200 https://registry.npmjs.org/ansi-regex 37ms (cache revalidated)
1175 silly packumentCache full:https://registry.npmjs.org/ansi-regex set size:48203 disposed:false
1176 silly placeDep ROOT emoji-regex@8.0.0 OK for: string-width@4.2.3 want: ^8.0.0
1177 silly placeDep ROOT is-fullwidth-code-point@3.0.0 OK for: string-width@4.2.3 want: ^3.0.0
1178 silly placeDep ROOT ansi-regex@5.0.1 OK for: strip-ansi@6.0.1 want: ^5.0.1
1179 silly placeDep ROOT ansi-styles@4.3.0 OK for: wrap-ansi@7.0.0 want: ^4.0.0
1180 silly fetch manifest color-convert@^2.0.1
1181 silly packumentCache full:https://registry.npmjs.org/color-convert cache-miss
1182 http fetch GET 200 https://registry.npmjs.org/color-convert 27ms (cache revalidated)
1183 silly packumentCache full:https://registry.npmjs.org/color-convert set size:72663 disposed:false
1184 silly placeDep ROOT color-convert@2.0.1 OK for: ansi-styles@4.3.0 want: ^2.0.1
1185 silly fetch manifest color-name@~1.1.4
1186 silly packumentCache full:https://registry.npmjs.org/color-name cache-miss
1187 http fetch GET 200 https://registry.npmjs.org/color-name 30ms (cache revalidated)
1188 silly packumentCache full:https://registry.npmjs.org/color-name set size:20968 disposed:false
1189 silly placeDep ROOT color-name@1.1.4 OK for: color-convert@2.0.1 want: ~1.1.4
1190 silly reify moves {}
1191 silly audit bulk request {
1191 silly audit   '@types/react': [ '19.2.18' ],
1191 silly audit   '@types/react-dom': [ '19.2.4' ],
1191 silly audit   '@vitejs/plugin-react': [ '5.2.0' ],
1191 silly audit   vite: [ '7.3.6' ],
1191 silly audit   firebase: [ '12.17.1' ],
1191 silly audit   'lucide-react': [ '0.539.0' ],
1191 silly audit   react: [ '19.2.8' ],
1191 silly audit   'react-dom': [ '19.2.8' ],
1191 silly audit   typescript: [ '5.9.3' ],
1191 silly audit   csstype: [ '3.2.3' ],
1191 silly audit   '@babel/core': [ '7.29.7' ],
1191 silly audit   '@babel/plugin-transform-react-jsx-self': [ '7.29.7' ],
1191 silly audit   '@babel/plugin-transform-react-jsx-source': [ '7.29.7' ],
1191 silly audit   '@rolldown/pluginutils': [ '1.0.0-rc.3' ],
1191 silly audit   '@types/babel__core': [ '7.20.5' ],
1191 silly audit   'react-refresh': [ '0.18.0' ],
1191 silly audit   '@babel/code-frame': [ '7.29.7' ],
1191 silly audit   '@babel/generator': [ '7.29.8' ],
1191 silly audit   '@babel/helper-compilation-targets': [ '7.29.7' ],
1191 silly audit   '@babel/helper-module-transforms': [ '7.29.7' ],
1191 silly audit   '@babel/helpers': [ '7.29.7' ],
1191 silly audit   '@babel/parser': [ '7.29.8' ],
1191 silly audit   '@babel/template': [ '7.29.7' ],
1191 silly audit   '@babel/traverse': [ '7.29.8' ],
1191 silly audit   '@babel/types': [ '7.29.8' ],
1191 silly audit   '@jridgewell/remapping': [ '2.3.5' ],
1191 silly audit   'convert-source-map': [ '2.0.0' ],
1191 silly audit   debug: [ '4.4.3' ],
1191 silly audit   gensync: [ '1.0.0-beta.2' ],
1191 silly audit   json5: [ '2.2.3' ],
1191 silly audit   semver: [ '6.3.1' ],
1191 silly audit   '@babel/helper-validator-identifier': [ '7.29.7' ],
1191 silly audit   'js-tokens': [ '4.0.0' ],
1191 silly audit   picocolors: [ '1.1.1' ],
1191 silly audit   '@jridgewell/gen-mapping': [ '0.3.13' ],
1191 silly audit   '@jridgewell/trace-mapping': [ '0.3.31' ],
1191 silly audit   jsesc: [ '3.1.0' ],
1191 silly audit   '@babel/compat-data': [ '7.29.7' ],
1191 silly audit   '@babel/helper-validator-option': [ '7.29.7' ],
1191 silly audit   browserslist: [ '4.28.8' ],
1191 silly audit   'lru-cache': [ '5.1.1' ],
1191 silly audit   '@babel/helper-module-imports': [ '7.29.7' ],
1191 silly audit   '@babel/helper-plugin-utils': [ '7.29.7' ],
1191 silly audit   '@babel/helper-globals': [ '7.29.7' ],
1191 silly audit   '@babel/helper-string-parser': [ '7.29.7' ],
1191 silly audit   '@jridgewell/sourcemap-codec': [ '1.5.5' ],
1191 silly audit   '@jridgewell/resolve-uri': [ '3.1.2' ],
1191 silly audit   '@types/babel__generator': [ '7.27.0' ],
1191 silly audit   '@types/babel__template': [ '7.4.4' ],
1191 silly audit   '@types/babel__traverse': [ '7.28.0' ],
1191 silly audit   'baseline-browser-mapping': [ '2.11.14' ],
1191 silly audit   'caniuse-lite': [ '1.0.30001809' ],
1191 silly audit   'electron-to-chromium': [ '1.5.406' ],
1191 silly audit   'node-releases': [ '2.0.53' ],
1191 silly audit   'update-browserslist-db': [ '1.3.1' ],
1191 silly audit   ms: [ '2.1.3' ],
1191 silly audit   '@firebase/ai': [ '2.14.0' ],
1191 silly audit   '@firebase/app': [ '0.16.0' ],
1191 silly audit   '@firebase/app-types': [ '0.9.5' ],
1191 silly audit   '@firebase/analytics': [ '0.10.23' ],
1191 silly audit   '@firebase/analytics-compat': [ '0.2.29' ],
1191 silly audit   '@firebase/app-compat': [ '0.5.16' ],
1191 silly audit   '@firebase/app-check': [ '0.13.0' ],
1191 silly audit   '@firebase/app-check-compat': [ '0.4.6' ],
1191 silly audit   '@firebase/auth': [ '1.13.4' ],
1191 silly audit   '@firebase/auth-compat': [ '0.6.9' ],
1191 silly audit   '@firebase/data-connect': [ '0.7.3' ],
1191 silly audit   '@firebase/database': [ '1.1.4' ],
1191 silly audit   '@firebase/database-compat': [ '2.1.6' ],
1191 silly audit   '@firebase/firestore': [ '4.17.0' ],
1191 silly audit   '@firebase/firestore-compat': [ '0.4.12' ],
1191 silly audit   '@firebase/functions': [ '0.13.6' ],
1191 silly audit   '@firebase/functions-compat': [ '0.4.6' ],
1191 silly audit   '@firebase/installations': [ '0.6.23' ],
1191 silly audit   '@firebase/installations-compat': [ '0.2.23' ],
1191 silly audit   '@firebase/messaging': [ '0.13.1' ],
1191 silly audit   '@firebase/messaging-compat': [ '0.2.28' ],
1191 silly audit   '@firebase/performance': [ '0.7.13' ],
1191 silly audit   '@firebase/performance-compat': [ '0.2.26' ],
1191 silly audit   '@firebase/remote-config': [ '0.9.1' ],
1191 silly audit   '@firebase/remote-config-compat': [ '0.2.28' ],
1191 silly audit   '@firebase/storage': [ '0.14.4' ],
1191 silly audit   '@firebase/storage-compat': [ '0.4.4' ],
1191 silly audit   '@firebase/util': [ '1.15.2' ],
1191 silly audit   '@firebase/app-check-interop-types': [ '0.3.4' ],
1191 silly audit   '@firebase/component': [ '0.7.4' ],
1191 silly audit   '@firebase/logger': [ '0.5.1' ],
1191 silly audit   tslib: [ '2.8.1' ],
1191 silly audit   '@firebase/analytics-types': [ '0.8.4' ],
1191 silly audit   idb: [ '7.1.1' ],
1191 silly audit   '@firebase/app-check-types': [ '0.5.4' ],
1191 silly audit   '@firebase/auth-types': [ '0.13.1' ],
1191 silly audit   '@firebase/auth-interop-types': [ '0.2.5' ],
1191 silly audit   'faye-websocket': [ '0.11.4' ],
1191 silly audit   '@firebase/database-types': [ '1.0.21' ],
1191 silly audit   '@firebase/webchannel-wrapper': [ '1.0.6' ],
1191 silly audit   '@grpc/grpc-js': [ '1.9.16' ],
1191 silly audit   '@grpc/proto-loader': [ '0.7.15' ],
1191 silly audit   re2js: [ '2.8.6' ],
1191 silly audit   '@firebase/firestore-types': [ '3.0.4' ],
1191 silly audit   '@firebase/messaging-interop-types': [ '0.2.5' ],
1191 silly audit   '@firebase/functions-types': [ '0.6.4' ],
1191 silly audit   '@firebase/installations-types': [ '0.5.4' ],
1191 silly audit   'web-vitals': [ '4.2.4' ],
1191 silly audit   '@firebase/performance-types': [ '0.2.4' ],
1191 silly audit   '@firebase/remote-config-types': [ '0.5.1' ],
1191 silly audit   '@firebase/storage-types': [ '0.8.4' ],
1191 silly audit   '@types/node': [ '26.2.0' ],
1191 silly audit   'lodash.camelcase': [ '4.3.0' ],
1191 silly audit   long: [ '5.3.2' ],
1191 silly audit   protobufjs: [ '7.6.5' ],
1191 silly audit   yargs: [ '17.7.3' ],
1191 silly audit   'undici-types': [ '8.3.0' ],
1191 silly audit   'websocket-driver': [ '0.7.5' ],
1191 silly audit   yallist: [ '3.1.1' ],
1191 silly audit   '@protobufjs/aspromise': [ '1.1.2' ],
1191 silly audit   '@protobufjs/base64': [ '1.1.2' ],
1191 silly audit   '@protobufjs/codegen': [ '2.0.5' ],
1191 silly audit   '@protobufjs/eventemitter': [ '1.1.1' ],
1191 silly audit   '@protobufjs/fetch': [ '1.1.1' ],
1191 silly audit   '@protobufjs/float': [ '1.0.2' ],
1191 silly audit   '@protobufjs/path': [ '1.1.2' ],
1191 silly audit   '@protobufjs/pool': [ '1.1.0' ],
1191 silly audit   '@protobufjs/utf8': [ '1.1.2' ],
1191 silly audit   scheduler: [ '0.27.0' ],
1191 silly audit   escalade: [ '3.2.0' ],
1191 silly audit   esbuild: [ '0.28.2' ],
1191 silly audit   fdir: [ '6.5.0' ],
1191 silly audit   fsevents: [ '2.3.3' ],
1191 silly audit   picomatch: [ '4.0.5' ],
1191 silly audit   postcss: [ '8.5.26' ],
1191 silly audit   rollup: [ '4.62.4' ],
1191 silly audit   tinyglobby: [ '0.2.17' ],
1191 silly audit   '@esbuild/aix-ppc64': [ '0.28.2' ],
1191 silly audit   '@esbuild/android-arm': [ '0.28.2' ],
1191 silly audit   '@esbuild/android-arm64': [ '0.28.2' ],
1191 silly audit   '@esbuild/android-x64': [ '0.28.2' ],
1191 silly audit   '@esbuild/darwin-arm64': [ '0.28.2' ],
1191 silly audit   '@esbuild/darwin-x64': [ '0.28.2' ],
1191 silly audit   '@esbuild/freebsd-arm64': [ '0.28.2' ],
1191 silly audit   '@esbuild/freebsd-x64': [ '0.28.2' ],
1191 silly audit   '@esbuild/linux-arm': [ '0.28.2' ],
1191 silly audit   '@esbuild/linux-arm64': [ '0.28.2' ],
1191 silly audit   '@esbuild/linux-ia32': [ '0.28.2' ],
1191 silly audit   '@esbuild/linux-loong64': [ '0.28.2' ],
1191 silly audit   '@esbuild/linux-mips64el': [ '0.28.2' ],
1191 silly audit   '@esbuild/linux-ppc64': [ '0.28.2' ],
1191 silly audit   '@esbuild/linux-riscv64': [ '0.28.2' ],
1191 silly audit   '@esbuild/linux-s390x': [ '0.28.2' ],
1191 silly audit   '@esbuild/linux-x64': [ '0.28.2' ],
1191 silly audit   '@esbuild/netbsd-arm64': [ '0.28.2' ],
1191 silly audit   '@esbuild/netbsd-x64': [ '0.28.2' ],
1191 silly audit   '@esbuild/openbsd-arm64': [ '0.28.2' ],
1191 silly audit   '@esbuild/openbsd-x64': [ '0.28.2' ],
1191 silly audit   '@esbuild/openharmony-arm64': [ '0.28.2' ],
1191 silly audit   '@esbuild/sunos-x64': [ '0.28.2' ],
1191 silly audit   '@esbuild/win32-arm64': [ '0.28.2' ],
1191 silly audit   '@esbuild/win32-ia32': [ '0.28.2' ],
1191 silly audit   '@esbuild/win32-x64': [ '0.28.2' ],
1191 silly audit   nanoid: [ '3.3.18' ],
1191 silly audit   'source-map-js': [ '1.2.1' ],
1191 silly audit   '@napi-rs/lzma-linux-x64-gnu': [ '1.5.1' ],
1191 silly audit   '@rollup/rollup-android-arm-eabi': [ '4.62.4' ],
1191 silly audit   '@rollup/rollup-android-arm64': [ '4.62.4' ],
1191 silly audit   '@rollup/rollup-darwin-arm64': [ '4.62.4' ],
1191 silly audit   '@rollup/rollup-darwin-x64': [ '4.62.4' ],
1191 silly audit   '@rollup/rollup-freebsd-arm64': [ '4.62.4' ],
1191 silly audit   '@rollup/rollup-freebsd-x64': [ '4.62.4' ],
1191 silly audit   '@rollup/rollup-linux-arm-gnueabihf': [ '4.62.4' ],
1191 silly audit   '@rollup/rollup-linux-arm-musleabihf': [ '4.62.4' ],
1191 silly audit   '@rollup/rollup-linux-arm64-gnu': [ '4.62.4' ],
1191 silly audit   '@rollup/rollup-linux-arm64-musl': [ '4.62.4' ],
1191 silly audit   '@rollup/rollup-linux-loong64-gnu': [ '4.62.4' ],
1191 silly audit   '@rollup/rollup-linux-loong64-musl': [ '4.62.4' ],
1191 silly audit   '@rollup/rollup-linux-ppc64-gnu': [ '4.62.4' ],
1191 silly audit   '@rollup/rollup-linux-ppc64-musl': [ '4.62.4' ],
1191 silly audit   '@rollup/rollup-linux-riscv64-gnu': [ '4.62.4' ],
1191 silly audit   '@rollup/rollup-linux-riscv64-musl': [ '4.62.4' ],
1191 silly audit   '@rollup/rollup-linux-s390x-gnu': [ '4.62.4' ],
1191 silly audit   '@rollup/rollup-linux-x64-gnu': [ '4.62.4' ],
1191 silly audit   '@rollup/rollup-linux-x64-musl': [ '4.62.4' ],
1191 silly audit   '@rollup/rollup-openbsd-x64': [ '4.62.4' ],
1191 silly audit   '@rollup/rollup-openharmony-arm64': [ '4.62.4' ],
1191 silly audit   '@rollup/rollup-win32-arm64-msvc': [ '4.62.4' ],
1191 silly audit   '@rollup/rollup-win32-ia32-msvc': [ '4.62.4' ],
1191 silly audit   '@rollup/rollup-win32-x64-gnu': [ '4.62.4' ],
1191 silly audit   '@rollup/rollup-win32-x64-msvc': [ '4.62.4' ],
1191 silly audit   '@types/estree': [ '1.0.9' ],
1191 silly audit   'http-parser-js': [ '0.5.10' ],
1191 silly audit   'safe-buffer': [ '5.2.1' ],
1191 silly audit   'websocket-extensions': [ '0.1.4' ],
1191 silly audit   cliui: [ '8.0.1' ],
1191 silly audit   'get-caller-file': [ '2.0.5' ],
1191 silly audit   'require-directory': [ '2.1.1' ],
1191 silly audit   'string-width': [ '4.2.3' ],
1191 silly audit   y18n: [ '5.0.8' ],
1191 silly audit   'yargs-parser': [ '21.1.1' ],
1191 silly audit   'strip-ansi': [ '6.0.1' ],
1191 silly audit   'wrap-ansi': [ '7.0.0' ],
1191 silly audit   'emoji-regex': [ '8.0.0' ],
1191 silly audit   'is-fullwidth-code-point': [ '3.0.0' ],
1191 silly audit   'ansi-regex': [ '5.0.1' ],
1191 silly audit   'ansi-styles': [ '4.3.0' ],
1191 silly audit   'color-convert': [ '2.0.1' ],
1191 silly audit   'color-name': [ '1.1.4' ]
1191 silly audit }
1192 http cache color-convert@https://registry.npmjs.org/color-convert/-/color-convert-2.0.1.tgz 1ms (cache hit)
1193 http cache color-name@https://registry.npmjs.org/color-name/-/color-name-1.1.4.tgz 0ms (cache hit)
1194 http cache ansi-styles@https://registry.npmjs.org/ansi-styles/-/ansi-styles-4.3.0.tgz 0ms (cache hit)
1195 http cache is-fullwidth-code-point@https://registry.npmjs.org/is-fullwidth-code-point/-/is-fullwidth-code-point-3.0.0.tgz 0ms (cache hit)
1196 http cache emoji-regex@https://registry.npmjs.org/emoji-regex/-/emoji-regex-8.0.0.tgz 0ms (cache hit)
1197 http cache wrap-ansi@https://registry.npmjs.org/wrap-ansi/-/wrap-ansi-7.0.0.tgz 0ms (cache hit)
1198 http cache yargs-parser@https://registry.npmjs.org/yargs-parser/-/yargs-parser-21.1.1.tgz 1ms (cache hit)
1199 http cache strip-ansi@https://registry.npmjs.org/strip-ansi/-/strip-ansi-6.0.1.tgz 0ms (cache hit)
1200 http cache y18n@https://registry.npmjs.org/y18n/-/y18n-5.0.8.tgz 0ms (cache hit)
1201 http cache string-width@https://registry.npmjs.org/string-width/-/string-width-4.2.3.tgz 0ms (cache hit)
1202 http cache require-directory@https://registry.npmjs.org/require-directory/-/require-directory-2.1.1.tgz 0ms (cache hit)
1203 http cache get-caller-file@https://registry.npmjs.org/get-caller-file/-/get-caller-file-2.0.5.tgz 0ms (cache hit)
1204 http cache cliui@https://registry.npmjs.org/cliui/-/cliui-8.0.1.tgz 1ms (cache hit)
1205 http cache safe-buffer@https://registry.npmjs.org/safe-buffer/-/safe-buffer-5.2.1.tgz 0ms (cache hit)
1206 http cache websocket-extensions@https://registry.npmjs.org/websocket-extensions/-/websocket-extensions-0.1.4.tgz 0ms (cache hit)
1207 http cache @types/estree@https://registry.npmjs.org/@types/estree/-/estree-1.0.9.tgz 0ms (cache hit)
1208 http cache http-parser-js@https://registry.npmjs.org/http-parser-js/-/http-parser-js-0.5.10.tgz 0ms (cache hit)
1209 http cache @rollup/rollup-win32-x64-msvc@https://registry.npmjs.org/@rollup/rollup-win32-x64-msvc/-/rollup-win32-x64-msvc-4.62.4.tgz 0ms (cache hit)
1210 http cache ansi-regex@https://registry.npmjs.org/ansi-regex/-/ansi-regex-5.0.1.tgz 0ms (cache hit)
1211 http cache @esbuild/win32-x64@https://registry.npmjs.org/@esbuild/win32-x64/-/win32-x64-0.28.2.tgz 0ms (cache hit)
1212 http cache @rollup/rollup-win32-x64-gnu@https://registry.npmjs.org/@rollup/rollup-win32-x64-gnu/-/rollup-win32-x64-gnu-4.62.4.tgz 0ms (cache hit)
1213 http cache source-map-js@https://registry.npmjs.org/source-map-js/-/source-map-js-1.2.1.tgz 0ms (cache hit)
1214 http cache tinyglobby@https://registry.npmjs.org/tinyglobby/-/tinyglobby-0.2.17.tgz 0ms (cache hit)
1215 http cache rollup@https://registry.npmjs.org/rollup/-/rollup-4.62.4.tgz 0ms (cache hit)
1216 http cache nanoid@https://registry.npmjs.org/nanoid/-/nanoid-3.3.18.tgz 0ms (cache hit)
1217 http cache postcss@https://registry.npmjs.org/postcss/-/postcss-8.5.26.tgz 0ms (cache hit)
1218 http cache picomatch@https://registry.npmjs.org/picomatch/-/picomatch-4.0.5.tgz 0ms (cache hit)
1219 http cache escalade@https://registry.npmjs.org/escalade/-/escalade-3.2.0.tgz 0ms (cache hit)
1220 http cache @protobufjs/utf8@https://registry.npmjs.org/@protobufjs/utf8/-/utf8-1.1.2.tgz 0ms (cache hit)
1221 http cache esbuild@https://registry.npmjs.org/esbuild/-/esbuild-0.28.2.tgz 0ms (cache hit)
1222 http cache fdir@https://registry.npmjs.org/fdir/-/fdir-6.5.0.tgz 0ms (cache hit)
1223 http cache scheduler@https://registry.npmjs.org/scheduler/-/scheduler-0.27.0.tgz 0ms (cache hit)
1224 http cache @protobufjs/path@https://registry.npmjs.org/@protobufjs/path/-/path-1.1.2.tgz 0ms (cache hit)
1225 http cache @protobufjs/pool@https://registry.npmjs.org/@protobufjs/pool/-/pool-1.1.0.tgz 0ms (cache hit)
1226 http cache @protobufjs/float@https://registry.npmjs.org/@protobufjs/float/-/float-1.0.2.tgz 0ms (cache hit)
1227 http cache @protobufjs/fetch@https://registry.npmjs.org/@protobufjs/fetch/-/fetch-1.1.1.tgz 0ms (cache hit)
1228 http cache @protobufjs/eventemitter@https://registry.npmjs.org/@protobufjs/eventemitter/-/eventemitter-1.1.1.tgz 0ms (cache hit)
1229 http cache @protobufjs/codegen@https://registry.npmjs.org/@protobufjs/codegen/-/codegen-2.0.5.tgz 0ms (cache hit)
1230 http cache @protobufjs/base64@https://registry.npmjs.org/@protobufjs/base64/-/base64-1.1.2.tgz 0ms (cache hit)
1231 http cache @protobufjs/aspromise@https://registry.npmjs.org/@protobufjs/aspromise/-/aspromise-1.1.2.tgz 0ms (cache hit)
1232 http cache yallist@https://registry.npmjs.org/yallist/-/yallist-3.1.1.tgz 0ms (cache hit)
1233 http cache websocket-driver@https://registry.npmjs.org/websocket-driver/-/websocket-driver-0.7.5.tgz 0ms (cache hit)
1234 http cache yargs@https://registry.npmjs.org/yargs/-/yargs-17.7.3.tgz 0ms (cache hit)
1235 http cache undici-types@https://registry.npmjs.org/undici-types/-/undici-types-8.3.0.tgz 0ms (cache hit)
1236 http cache @types/node@https://registry.npmjs.org/@types/node/-/node-26.2.0.tgz 0ms (cache hit)
1237 http cache long@https://registry.npmjs.org/long/-/long-5.3.2.tgz 0ms (cache hit)
1238 http cache protobufjs@https://registry.npmjs.org/protobufjs/-/protobufjs-7.6.5.tgz 0ms (cache hit)
1239 http cache @firebase/storage-types@https://registry.npmjs.org/@firebase/storage-types/-/storage-types-0.8.4.tgz 0ms (cache hit)
1240 http cache lodash.camelcase@https://registry.npmjs.org/lodash.camelcase/-/lodash.camelcase-4.3.0.tgz 0ms (cache hit)
1241 http cache web-vitals@https://registry.npmjs.org/web-vitals/-/web-vitals-4.2.4.tgz 0ms (cache hit)
1242 http cache @firebase/remote-config-types@https://registry.npmjs.org/@firebase/remote-config-types/-/remote-config-types-0.5.1.tgz 0ms (cache hit)
1243 http cache @firebase/performance-types@https://registry.npmjs.org/@firebase/performance-types/-/performance-types-0.2.4.tgz 0ms (cache hit)
1244 http cache re2js@https://registry.npmjs.org/re2js/-/re2js-2.8.6.tgz 0ms (cache hit)
1245 http cache @firebase/installations-types@https://registry.npmjs.org/@firebase/installations-types/-/installations-types-0.5.4.tgz 0ms (cache hit)
1246 http cache @firebase/functions-types@https://registry.npmjs.org/@firebase/functions-types/-/functions-types-0.6.4.tgz 0ms (cache hit)
1247 http cache @firebase/firestore-types@https://registry.npmjs.org/@firebase/firestore-types/-/firestore-types-3.0.4.tgz 0ms (cache hit)
1248 http cache @firebase/messaging-interop-types@https://registry.npmjs.org/@firebase/messaging-interop-types/-/messaging-interop-types-0.2.5.tgz 0ms (cache hit)
1249 http cache @grpc/proto-loader@https://registry.npmjs.org/@grpc/proto-loader/-/proto-loader-0.7.15.tgz 0ms (cache hit)
1250 http cache @firebase/webchannel-wrapper@https://registry.npmjs.org/@firebase/webchannel-wrapper/-/webchannel-wrapper-1.0.6.tgz 0ms (cache hit)
1251 http cache faye-websocket@https://registry.npmjs.org/faye-websocket/-/faye-websocket-0.11.4.tgz 0ms (cache hit)
1252 http cache @firebase/database-types@https://registry.npmjs.org/@firebase/database-types/-/database-types-1.0.21.tgz 0ms (cache hit)
1253 http cache idb@https://registry.npmjs.org/idb/-/idb-7.1.1.tgz 0ms (cache hit)
1254 http cache @firebase/auth-interop-types@https://registry.npmjs.org/@firebase/auth-interop-types/-/auth-interop-types-0.2.5.tgz 0ms (cache hit)
1255 http cache @grpc/grpc-js@https://registry.npmjs.org/@grpc/grpc-js/-/grpc-js-1.9.16.tgz 0ms (cache hit)
1256 http cache @firebase/auth-types@https://registry.npmjs.org/@firebase/auth-types/-/auth-types-0.13.1.tgz 0ms (cache hit)
1257 http cache @firebase/app-check-types@https://registry.npmjs.org/@firebase/app-check-types/-/app-check-types-0.5.4.tgz 0ms (cache hit)
1258 http cache @firebase/analytics-types@https://registry.npmjs.org/@firebase/analytics-types/-/analytics-types-0.8.4.tgz 0ms (cache hit)
1259 http cache tslib@https://registry.npmjs.org/tslib/-/tslib-2.8.1.tgz 0ms (cache hit)
1260 http cache @firebase/logger@https://registry.npmjs.org/@firebase/logger/-/logger-0.5.1.tgz 0ms (cache hit)
1261 http cache @firebase/component@https://registry.npmjs.org/@firebase/component/-/component-0.7.4.tgz 0ms (cache hit)
1262 http cache @firebase/util@https://registry.npmjs.org/@firebase/util/-/util-1.15.2.tgz 0ms (cache hit)
1263 http cache @firebase/storage-compat@https://registry.npmjs.org/@firebase/storage-compat/-/storage-compat-0.4.4.tgz 0ms (cache hit)
1264 http cache @firebase/remote-config-compat@https://registry.npmjs.org/@firebase/remote-config-compat/-/remote-config-compat-0.2.28.tgz 0ms (cache hit)
1265 http cache @firebase/storage@https://registry.npmjs.org/@firebase/storage/-/storage-0.14.4.tgz 1ms (cache hit)
1266 http cache @firebase/remote-config@https://registry.npmjs.org/@firebase/remote-config/-/remote-config-0.9.1.tgz 0ms (cache hit)
1267 http cache @firebase/performance-compat@https://registry.npmjs.org/@firebase/performance-compat/-/performance-compat-0.2.26.tgz 0ms (cache hit)
1268 http cache @firebase/performance@https://registry.npmjs.org/@firebase/performance/-/performance-0.7.13.tgz 0ms (cache hit)
1269 http cache @firebase/messaging-compat@https://registry.npmjs.org/@firebase/messaging-compat/-/messaging-compat-0.2.28.tgz 0ms (cache hit)
1270 http cache @firebase/messaging@https://registry.npmjs.org/@firebase/messaging/-/messaging-0.13.1.tgz 0ms (cache hit)
1271 http cache @firebase/installations@https://registry.npmjs.org/@firebase/installations/-/installations-0.6.23.tgz 0ms (cache hit)
1272 http cache @firebase/functions-compat@https://registry.npmjs.org/@firebase/functions-compat/-/functions-compat-0.4.6.tgz 0ms (cache hit)
1273 http cache @firebase/installations-compat@https://registry.npmjs.org/@firebase/installations-compat/-/installations-compat-0.2.23.tgz 0ms (cache hit)
1274 http cache @firebase/functions@https://registry.npmjs.org/@firebase/functions/-/functions-0.13.6.tgz 0ms (cache hit)
1275 http cache @firebase/firestore-compat@https://registry.npmjs.org/@firebase/firestore-compat/-/firestore-compat-0.4.12.tgz 0ms (cache hit)
1276 http cache @firebase/firestore@https://registry.npmjs.org/@firebase/firestore/-/firestore-4.17.0.tgz 0ms (cache hit)
1277 http cache @firebase/database-compat@https://registry.npmjs.org/@firebase/database-compat/-/database-compat-2.1.6.tgz 0ms (cache hit)
1278 http cache @firebase/database@https://registry.npmjs.org/@firebase/database/-/database-1.1.4.tgz 0ms (cache hit)
1279 http cache @firebase/data-connect@https://registry.npmjs.org/@firebase/data-connect/-/data-connect-0.7.3.tgz 0ms (cache hit)
1280 http cache @firebase/auth-compat@https://registry.npmjs.org/@firebase/auth-compat/-/auth-compat-0.6.9.tgz 0ms (cache hit)
1281 http cache @firebase/auth@https://registry.npmjs.org/@firebase/auth/-/auth-1.13.4.tgz 0ms (cache hit)
1282 http cache @firebase/app-check-compat@https://registry.npmjs.org/@firebase/app-check-compat/-/app-check-compat-0.4.6.tgz 0ms (cache hit)
1283 http cache @firebase/analytics-compat@https://registry.npmjs.org/@firebase/analytics-compat/-/analytics-compat-0.2.29.tgz 0ms (cache hit)
1284 http cache @firebase/app-check@https://registry.npmjs.org/@firebase/app-check/-/app-check-0.13.0.tgz 0ms (cache hit)
1285 http cache @firebase/app-compat@https://registry.npmjs.org/@firebase/app-compat/-/app-compat-0.5.16.tgz 0ms (cache hit)
1286 http cache @firebase/analytics@https://registry.npmjs.org/@firebase/analytics/-/analytics-0.10.23.tgz 0ms (cache hit)
1287 http cache ms@https://registry.npmjs.org/ms/-/ms-2.1.3.tgz 0ms (cache hit)
1288 http cache @firebase/ai@https://registry.npmjs.org/@firebase/ai/-/ai-2.14.0.tgz 0ms (cache hit)
1289 http cache @firebase/app@https://registry.npmjs.org/@firebase/app/-/app-0.16.0.tgz 0ms (cache hit)
1290 http cache @firebase/app-types@https://registry.npmjs.org/@firebase/app-types/-/app-types-0.9.5.tgz 0ms (cache hit)
1291 http cache node-releases@https://registry.npmjs.org/node-releases/-/node-releases-2.0.53.tgz 0ms (cache hit)
1292 http cache update-browserslist-db@https://registry.npmjs.org/update-browserslist-db/-/update-browserslist-db-1.3.1.tgz 0ms (cache hit)
1293 http cache electron-to-chromium@https://registry.npmjs.org/electron-to-chromium/-/electron-to-chromium-1.5.406.tgz 0ms (cache hit)
1294 http cache caniuse-lite@https://registry.npmjs.org/caniuse-lite/-/caniuse-lite-1.0.30001809.tgz 0ms (cache hit)
1295 http cache @types/babel__traverse@https://registry.npmjs.org/@types/babel__traverse/-/babel__traverse-7.28.0.tgz 0ms (cache hit)
1296 http cache baseline-browser-mapping@https://registry.npmjs.org/baseline-browser-mapping/-/baseline-browser-mapping-2.11.14.tgz 0ms (cache hit)
1297 http cache @types/babel__generator@https://registry.npmjs.org/@types/babel__generator/-/babel__generator-7.27.0.tgz 0ms (cache hit)
1298 http cache @types/babel__template@https://registry.npmjs.org/@types/babel__template/-/babel__template-7.4.4.tgz 0ms (cache hit)
1299 http cache @jridgewell/sourcemap-codec@https://registry.npmjs.org/@jridgewell/sourcemap-codec/-/sourcemap-codec-1.5.5.tgz 0ms (cache hit)
1300 http cache @jridgewell/resolve-uri@https://registry.npmjs.org/@jridgewell/resolve-uri/-/resolve-uri-3.1.2.tgz 0ms (cache hit)
1301 http cache @babel/helper-globals@https://registry.npmjs.org/@babel/helper-globals/-/helper-globals-7.29.7.tgz 0ms (cache hit)
1302 http cache @babel/helper-string-parser@https://registry.npmjs.org/@babel/helper-string-parser/-/helper-string-parser-7.29.7.tgz 0ms (cache hit)
1303 http cache @babel/helper-module-imports@https://registry.npmjs.org/@babel/helper-module-imports/-/helper-module-imports-7.29.7.tgz 0ms (cache hit)
1304 http cache @babel/helper-plugin-utils@https://registry.npmjs.org/@babel/helper-plugin-utils/-/helper-plugin-utils-7.29.7.tgz 0ms (cache hit)
1305 http cache lru-cache@https://registry.npmjs.org/lru-cache/-/lru-cache-5.1.1.tgz 0ms (cache hit)
1306 http cache @babel/compat-data@https://registry.npmjs.org/@babel/compat-data/-/compat-data-7.29.7.tgz 0ms (cache hit)
1307 http cache @babel/helper-validator-option@https://registry.npmjs.org/@babel/helper-validator-option/-/helper-validator-option-7.29.7.tgz 0ms (cache hit)
1308 http cache browserslist@https://registry.npmjs.org/browserslist/-/browserslist-4.28.8.tgz 0ms (cache hit)
1309 http cache @jridgewell/trace-mapping@https://registry.npmjs.org/@jridgewell/trace-mapping/-/trace-mapping-0.3.31.tgz 0ms (cache hit)
1310 http cache jsesc@https://registry.npmjs.org/jsesc/-/jsesc-3.1.0.tgz 0ms (cache hit)
1311 http cache @jridgewell/gen-mapping@https://registry.npmjs.org/@jridgewell/gen-mapping/-/gen-mapping-0.3.13.tgz 0ms (cache hit)
1312 http cache picocolors@https://registry.npmjs.org/picocolors/-/picocolors-1.1.1.tgz 0ms (cache hit)
1313 http cache @babel/helper-validator-identifier@https://registry.npmjs.org/@babel/helper-validator-identifier/-/helper-validator-identifier-7.29.7.tgz 0ms (cache hit)
1314 http cache semver@https://registry.npmjs.org/semver/-/semver-6.3.1.tgz 0ms (cache hit)
1315 http cache js-tokens@https://registry.npmjs.org/js-tokens/-/js-tokens-4.0.0.tgz 0ms (cache hit)
1316 http cache json5@https://registry.npmjs.org/json5/-/json5-2.2.3.tgz 0ms (cache hit)
1317 http cache gensync@https://registry.npmjs.org/gensync/-/gensync-1.0.0-beta.2.tgz 0ms (cache hit)
1318 http cache @jridgewell/remapping@https://registry.npmjs.org/@jridgewell/remapping/-/remapping-2.3.5.tgz 0ms (cache hit)
1319 http cache debug@https://registry.npmjs.org/debug/-/debug-4.4.3.tgz 0ms (cache hit)
1320 http cache @babel/types@https://registry.npmjs.org/@babel/types/-/types-7.29.8.tgz 0ms (cache hit)
1321 http cache convert-source-map@https://registry.npmjs.org/convert-source-map/-/convert-source-map-2.0.0.tgz 0ms (cache hit)
1322 http cache @babel/traverse@https://registry.npmjs.org/@babel/traverse/-/traverse-7.29.8.tgz 0ms (cache hit)
1323 http cache @babel/template@https://registry.npmjs.org/@babel/template/-/template-7.29.7.tgz 0ms (cache hit)
1324 http cache @babel/helpers@https://registry.npmjs.org/@babel/helpers/-/helpers-7.29.7.tgz 0ms (cache hit)
1325 http cache @babel/helper-module-transforms@https://registry.npmjs.org/@babel/helper-module-transforms/-/helper-module-transforms-7.29.7.tgz 0ms (cache hit)
1326 http cache @babel/parser@https://registry.npmjs.org/@babel/parser/-/parser-7.29.8.tgz 0ms (cache hit)
1327 http cache react-refresh@https://registry.npmjs.org/react-refresh/-/react-refresh-0.18.0.tgz 0ms (cache hit)
1328 http cache @babel/generator@https://registry.npmjs.org/@babel/generator/-/generator-7.29.8.tgz 0ms (cache hit)
1329 http cache @babel/helper-compilation-targets@https://registry.npmjs.org/@babel/helper-compilation-targets/-/helper-compilation-targets-7.29.7.tgz 0ms (cache hit)
1330 http cache @babel/code-frame@https://registry.npmjs.org/@babel/code-frame/-/code-frame-7.29.7.tgz 0ms (cache hit)
1331 http cache @types/babel__core@https://registry.npmjs.org/@types/babel__core/-/babel__core-7.20.5.tgz 0ms (cache hit)
1332 http cache @rolldown/pluginutils@https://registry.npmjs.org/@rolldown/pluginutils/-/pluginutils-1.0.0-rc.3.tgz 0ms (cache hit)
1333 http cache csstype@https://registry.npmjs.org/csstype/-/csstype-3.2.3.tgz 0ms (cache hit)
1334 http cache typescript@https://registry.npmjs.org/typescript/-/typescript-5.9.3.tgz 0ms (cache hit)
1335 http cache @babel/plugin-transform-react-jsx-source@https://registry.npmjs.org/@babel/plugin-transform-react-jsx-source/-/plugin-transform-react-jsx-source-7.29.7.tgz 0ms (cache hit)
1336 http cache @babel/core@https://registry.npmjs.org/@babel/core/-/core-7.29.7.tgz 0ms (cache hit)
1337 http cache @babel/plugin-transform-react-jsx-self@https://registry.npmjs.org/@babel/plugin-transform-react-jsx-self/-/plugin-transform-react-jsx-self-7.29.7.tgz 0ms (cache hit)
1338 http cache react-dom@https://registry.npmjs.org/react-dom/-/react-dom-19.2.8.tgz 0ms (cache hit)
1339 http cache react@https://registry.npmjs.org/react/-/react-19.2.8.tgz 0ms (cache hit)
1340 http cache firebase@https://registry.npmjs.org/firebase/-/firebase-12.17.1.tgz 0ms (cache hit)
1341 http cache vite@https://registry.npmjs.org/vite/-/vite-7.3.6.tgz 0ms (cache hit)
1342 http cache lucide-react@https://registry.npmjs.org/lucide-react/-/lucide-react-0.539.0.tgz 0ms (cache hit)
1343 http cache @vitejs/plugin-react@https://registry.npmjs.org/@vitejs/plugin-react/-/plugin-react-5.2.0.tgz 0ms (cache hit)
1344 http cache @firebase/app-check-interop-types@https://registry.npmjs.org/@firebase/app-check-interop-types/-/app-check-interop-types-0.3.4.tgz 0ms (cache hit)
1345 http cache @types/react-dom@https://registry.npmjs.org/@types/react-dom/-/react-dom-19.2.4.tgz 0ms (cache hit)
1346 http cache @types/react@https://registry.npmjs.org/@types/react/-/react-19.2.18.tgz 0ms (cache hit)
1347 silly tarball no local data for scheduler@https://registry.npmjs.org/scheduler/-/scheduler-0.27.0.tgz. Extracting by manifest.
1348 silly tarball no local data for yallist@https://registry.npmjs.org/yallist/-/yallist-3.1.1.tgz. Extracting by manifest.
1349 silly tarball no local data for undici-types@https://registry.npmjs.org/undici-types/-/undici-types-8.3.0.tgz. Extracting by manifest.
1350 silly tarball no local data for @types/node@https://registry.npmjs.org/@types/node/-/node-26.2.0.tgz. Extracting by manifest.
1351 silly tarball no local data for @firebase/storage-types@https://registry.npmjs.org/@firebase/storage-types/-/storage-types-0.8.4.tgz. Extracting by manifest.
1352 silly tarball no local data for web-vitals@https://registry.npmjs.org/web-vitals/-/web-vitals-4.2.4.tgz. Extracting by manifest.
1353 silly tarball no local data for @firebase/remote-config-types@https://registry.npmjs.org/@firebase/remote-config-types/-/remote-config-types-0.5.1.tgz. Extracting by manifest.
1354 silly tarball no local data for @firebase/performance-types@https://registry.npmjs.org/@firebase/performance-types/-/performance-types-0.2.4.tgz. Extracting by manifest.
1355 silly tarball no local data for re2js@https://registry.npmjs.org/re2js/-/re2js-2.8.6.tgz. Extracting by manifest.
1356 silly tarball no local data for @firebase/installations-types@https://registry.npmjs.org/@firebase/installations-types/-/installations-types-0.5.4.tgz. Extracting by manifest.
1357 silly tarball no local data for @firebase/functions-types@https://registry.npmjs.org/@firebase/functions-types/-/functions-types-0.6.4.tgz. Extracting by manifest.
1358 silly tarball no local data for @firebase/firestore-types@https://registry.npmjs.org/@firebase/firestore-types/-/firestore-types-3.0.4.tgz. Extracting by manifest.
1359 silly tarball no local data for @firebase/messaging-interop-types@https://registry.npmjs.org/@firebase/messaging-interop-types/-/messaging-interop-types-0.2.5.tgz. Extracting by manifest.
1360 silly tarball no local data for @firebase/webchannel-wrapper@https://registry.npmjs.org/@firebase/webchannel-wrapper/-/webchannel-wrapper-1.0.6.tgz. Extracting by manifest.
1361 silly tarball no local data for idb@https://registry.npmjs.org/idb/-/idb-7.1.1.tgz. Extracting by manifest.
1362 silly tarball no local data for @grpc/grpc-js@https://registry.npmjs.org/@grpc/grpc-js/-/grpc-js-1.9.16.tgz. Extracting by manifest.
1363 silly tarball no local data for @firebase/auth-types@https://registry.npmjs.org/@firebase/auth-types/-/auth-types-0.13.1.tgz. Extracting by manifest.
1364 silly tarball no local data for @firebase/app-check-types@https://registry.npmjs.org/@firebase/app-check-types/-/app-check-types-0.5.4.tgz. Extracting by manifest.
1365 silly tarball no local data for @firebase/analytics-types@https://registry.npmjs.org/@firebase/analytics-types/-/analytics-types-0.8.4.tgz. Extracting by manifest.
1366 silly tarball no local data for @firebase/storage-compat@https://registry.npmjs.org/@firebase/storage-compat/-/storage-compat-0.4.4.tgz. Extracting by manifest.
1367 silly tarball no local data for @firebase/remote-config-compat@https://registry.npmjs.org/@firebase/remote-config-compat/-/remote-config-compat-0.2.28.tgz. Extracting by manifest.
1368 silly tarball no local data for @firebase/storage@https://registry.npmjs.org/@firebase/storage/-/storage-0.14.4.tgz. Extracting by manifest.
1369 silly tarball no local data for @firebase/remote-config@https://registry.npmjs.org/@firebase/remote-config/-/remote-config-0.9.1.tgz. Extracting by manifest.
1370 silly tarball no local data for @firebase/performance-compat@https://registry.npmjs.org/@firebase/performance-compat/-/performance-compat-0.2.26.tgz. Extracting by manifest.
1371 silly tarball no local data for @firebase/performance@https://registry.npmjs.org/@firebase/performance/-/performance-0.7.13.tgz. Extracting by manifest.
1372 silly tarball no local data for @firebase/messaging-compat@https://registry.npmjs.org/@firebase/messaging-compat/-/messaging-compat-0.2.28.tgz. Extracting by manifest.
1373 silly tarball no local data for @firebase/messaging@https://registry.npmjs.org/@firebase/messaging/-/messaging-0.13.1.tgz. Extracting by manifest.
1374 silly tarball no local data for @firebase/installations@https://registry.npmjs.org/@firebase/installations/-/installations-0.6.23.tgz. Extracting by manifest.
1375 silly tarball no local data for @firebase/functions-compat@https://registry.npmjs.org/@firebase/functions-compat/-/functions-compat-0.4.6.tgz. Extracting by manifest.
1376 silly tarball no local data for @firebase/installations-compat@https://registry.npmjs.org/@firebase/installations-compat/-/installations-compat-0.2.23.tgz. Extracting by manifest.
1377 silly tarball no local data for @firebase/functions@https://registry.npmjs.org/@firebase/functions/-/functions-0.13.6.tgz. Extracting by manifest.
1378 silly tarball no local data for @firebase/firestore-compat@https://registry.npmjs.org/@firebase/firestore-compat/-/firestore-compat-0.4.12.tgz. Extracting by manifest.
1379 silly tarball no local data for @firebase/firestore@https://registry.npmjs.org/@firebase/firestore/-/firestore-4.17.0.tgz. Extracting by manifest.
1380 silly tarball no local data for @firebase/data-connect@https://registry.npmjs.org/@firebase/data-connect/-/data-connect-0.7.3.tgz. Extracting by manifest.
1381 silly tarball no local data for @firebase/auth-compat@https://registry.npmjs.org/@firebase/auth-compat/-/auth-compat-0.6.9.tgz. Extracting by manifest.
1382 silly tarball no local data for @firebase/auth@https://registry.npmjs.org/@firebase/auth/-/auth-1.13.4.tgz. Extracting by manifest.
1383 silly tarball no local data for @firebase/app-check-compat@https://registry.npmjs.org/@firebase/app-check-compat/-/app-check-compat-0.4.6.tgz. Extracting by manifest.
1384 silly tarball no local data for @firebase/analytics-compat@https://registry.npmjs.org/@firebase/analytics-compat/-/analytics-compat-0.2.29.tgz. Extracting by manifest.
1385 silly tarball no local data for @firebase/app-check@https://registry.npmjs.org/@firebase/app-check/-/app-check-0.13.0.tgz. Extracting by manifest.
1386 silly tarball no local data for @firebase/app-compat@https://registry.npmjs.org/@firebase/app-compat/-/app-compat-0.5.16.tgz. Extracting by manifest.
1387 silly tarball no local data for @firebase/analytics@https://registry.npmjs.org/@firebase/analytics/-/analytics-0.10.23.tgz. Extracting by manifest.
1388 silly tarball no local data for @firebase/ai@https://registry.npmjs.org/@firebase/ai/-/ai-2.14.0.tgz. Extracting by manifest.
1389 silly tarball no local data for @firebase/app@https://registry.npmjs.org/@firebase/app/-/app-0.16.0.tgz. Extracting by manifest.
1390 silly tarball no local data for node-releases@https://registry.npmjs.org/node-releases/-/node-releases-2.0.53.tgz. Extracting by manifest.
1391 silly tarball no local data for update-browserslist-db@https://registry.npmjs.org/update-browserslist-db/-/update-browserslist-db-1.3.1.tgz. Extracting by manifest.
1392 silly tarball no local data for electron-to-chromium@https://registry.npmjs.org/electron-to-chromium/-/electron-to-chromium-1.5.406.tgz. Extracting by manifest.
1393 silly tarball no local data for caniuse-lite@https://registry.npmjs.org/caniuse-lite/-/caniuse-lite-1.0.30001809.tgz. Extracting by manifest.
1394 silly tarball no local data for @types/babel__traverse@https://registry.npmjs.org/@types/babel__traverse/-/babel__traverse-7.28.0.tgz. Extracting by manifest.
1395 silly tarball no local data for baseline-browser-mapping@https://registry.npmjs.org/baseline-browser-mapping/-/baseline-browser-mapping-2.11.14.tgz. Extracting by manifest.
1396 silly tarball no local data for @types/babel__generator@https://registry.npmjs.org/@types/babel__generator/-/babel__generator-7.27.0.tgz. Extracting by manifest.
1397 silly tarball no local data for @types/babel__template@https://registry.npmjs.org/@types/babel__template/-/babel__template-7.4.4.tgz. Extracting by manifest.
1398 silly tarball no local data for @jridgewell/resolve-uri@https://registry.npmjs.org/@jridgewell/resolve-uri/-/resolve-uri-3.1.2.tgz. Extracting by manifest.
1399 silly tarball no local data for @babel/helper-globals@https://registry.npmjs.org/@babel/helper-globals/-/helper-globals-7.29.7.tgz. Extracting by manifest.
1400 silly tarball no local data for @babel/helper-string-parser@https://registry.npmjs.org/@babel/helper-string-parser/-/helper-string-parser-7.29.7.tgz. Extracting by manifest.
1401 silly tarball no local data for @babel/helper-module-imports@https://registry.npmjs.org/@babel/helper-module-imports/-/helper-module-imports-7.29.7.tgz. Extracting by manifest.
1402 silly tarball no local data for @babel/helper-plugin-utils@https://registry.npmjs.org/@babel/helper-plugin-utils/-/helper-plugin-utils-7.29.7.tgz. Extracting by manifest.
1403 silly tarball no local data for lru-cache@https://registry.npmjs.org/lru-cache/-/lru-cache-5.1.1.tgz. Extracting by manifest.
1404 silly tarball no local data for @babel/compat-data@https://registry.npmjs.org/@babel/compat-data/-/compat-data-7.29.7.tgz. Extracting by manifest.
1405 silly tarball no local data for @babel/helper-validator-option@https://registry.npmjs.org/@babel/helper-validator-option/-/helper-validator-option-7.29.7.tgz. Extracting by manifest.
1406 silly tarball no local data for browserslist@https://registry.npmjs.org/browserslist/-/browserslist-4.28.8.tgz. Extracting by manifest.
1407 silly tarball no local data for @jridgewell/trace-mapping@https://registry.npmjs.org/@jridgewell/trace-mapping/-/trace-mapping-0.3.31.tgz. Extracting by manifest.
1408 silly tarball no local data for jsesc@https://registry.npmjs.org/jsesc/-/jsesc-3.1.0.tgz. Extracting by manifest.
1409 silly tarball no local data for @jridgewell/gen-mapping@https://registry.npmjs.org/@jridgewell/gen-mapping/-/gen-mapping-0.3.13.tgz. Extracting by manifest.
1410 silly tarball no local data for @babel/helper-validator-identifier@https://registry.npmjs.org/@babel/helper-validator-identifier/-/helper-validator-identifier-7.29.7.tgz. Extracting by manifest.
1411 silly tarball no local data for semver@https://registry.npmjs.org/semver/-/semver-6.3.1.tgz. Extracting by manifest.
1412 silly tarball no local data for js-tokens@https://registry.npmjs.org/js-tokens/-/js-tokens-4.0.0.tgz. Extracting by manifest.
1413 silly tarball no local data for json5@https://registry.npmjs.org/json5/-/json5-2.2.3.tgz. Extracting by manifest.
1414 silly tarball no local data for gensync@https://registry.npmjs.org/gensync/-/gensync-1.0.0-beta.2.tgz. Extracting by manifest.
1415 silly tarball no local data for @jridgewell/remapping@https://registry.npmjs.org/@jridgewell/remapping/-/remapping-2.3.5.tgz. Extracting by manifest.
1416 silly tarball no local data for @babel/types@https://registry.npmjs.org/@babel/types/-/types-7.29.8.tgz. Extracting by manifest.
1417 silly tarball no local data for convert-source-map@https://registry.npmjs.org/convert-source-map/-/convert-source-map-2.0.0.tgz. Extracting by manifest.
1418 silly tarball no local data for @babel/traverse@https://registry.npmjs.org/@babel/traverse/-/traverse-7.29.8.tgz. Extracting by manifest.
1419 silly tarball no local data for @babel/template@https://registry.npmjs.org/@babel/template/-/template-7.29.7.tgz. Extracting by manifest.
1420 silly tarball no local data for @babel/helpers@https://registry.npmjs.org/@babel/helpers/-/helpers-7.29.7.tgz. Extracting by manifest.
1421 silly tarball no local data for @babel/helper-module-transforms@https://registry.npmjs.org/@babel/helper-module-transforms/-/helper-module-transforms-7.29.7.tgz. Extracting by manifest.
1422 silly tarball no local data for @babel/parser@https://registry.npmjs.org/@babel/parser/-/parser-7.29.8.tgz. Extracting by manifest.
1423 silly tarball no local data for react-refresh@https://registry.npmjs.org/react-refresh/-/react-refresh-0.18.0.tgz. Extracting by manifest.
1424 silly tarball no local data for @babel/generator@https://registry.npmjs.org/@babel/generator/-/generator-7.29.8.tgz. Extracting by manifest.
1425 silly tarball no local data for @babel/helper-compilation-targets@https://registry.npmjs.org/@babel/helper-compilation-targets/-/helper-compilation-targets-7.29.7.tgz. Extracting by manifest.
1426 silly tarball no local data for @babel/code-frame@https://registry.npmjs.org/@babel/code-frame/-/code-frame-7.29.7.tgz. Extracting by manifest.
1427 silly tarball no local data for @types/babel__core@https://registry.npmjs.org/@types/babel__core/-/babel__core-7.20.5.tgz. Extracting by manifest.
1428 silly tarball no local data for @rolldown/pluginutils@https://registry.npmjs.org/@rolldown/pluginutils/-/pluginutils-1.0.0-rc.3.tgz. Extracting by manifest.
1429 silly tarball no local data for csstype@https://registry.npmjs.org/csstype/-/csstype-3.2.3.tgz. Extracting by manifest.
1430 silly tarball no local data for @babel/plugin-transform-react-jsx-source@https://registry.npmjs.org/@babel/plugin-transform-react-jsx-source/-/plugin-transform-react-jsx-source-7.29.7.tgz. Extracting by manifest.
1431 silly tarball no local data for @babel/core@https://registry.npmjs.org/@babel/core/-/core-7.29.7.tgz. Extracting by manifest.
1432 silly tarball no local data for @babel/plugin-transform-react-jsx-self@https://registry.npmjs.org/@babel/plugin-transform-react-jsx-self/-/plugin-transform-react-jsx-self-7.29.7.tgz. Extracting by manifest.
1433 silly tarball no local data for react-dom@https://registry.npmjs.org/react-dom/-/react-dom-19.2.8.tgz. Extracting by manifest.
1434 silly tarball no local data for react@https://registry.npmjs.org/react/-/react-19.2.8.tgz. Extracting by manifest.
1435 silly tarball no local data for firebase@https://registry.npmjs.org/firebase/-/firebase-12.17.1.tgz. Extracting by manifest.
1436 silly tarball no local data for lucide-react@https://registry.npmjs.org/lucide-react/-/lucide-react-0.539.0.tgz. Extracting by manifest.
1437 silly tarball no local data for @vitejs/plugin-react@https://registry.npmjs.org/@vitejs/plugin-react/-/plugin-react-5.2.0.tgz. Extracting by manifest.
1438 silly tarball no local data for @types/react-dom@https://registry.npmjs.org/@types/react-dom/-/react-dom-19.2.4.tgz. Extracting by manifest.
1439 silly tarball no local data for @types/react@https://registry.npmjs.org/@types/react/-/react-19.2.18.tgz. Extracting by manifest.
1440 http fetch POST 200 https://registry.npmjs.org/-/npm/v1/security/advisories/bulk 849ms
1441 silly audit report {}
1442 http fetch GET 200 https://registry.npmjs.org/scheduler/-/scheduler-0.27.0.tgz 1498ms (cache miss)
1443 http fetch GET 200 https://registry.npmjs.org/yallist/-/yallist-3.1.1.tgz 1494ms (cache miss)
1444 http fetch GET 200 https://registry.npmjs.org/@firebase/storage-types/-/storage-types-0.8.4.tgz 1489ms (cache miss)
1445 http fetch GET 200 https://registry.npmjs.org/@firebase/auth-types/-/auth-types-0.13.1.tgz 1607ms (cache miss)
1446 http fetch GET 200 https://registry.npmjs.org/@firebase/app-check-types/-/app-check-types-0.5.4.tgz 1607ms (cache miss)
1447 http fetch GET 200 https://registry.npmjs.org/@firebase/remote-config-compat/-/remote-config-compat-0.2.28.tgz 1604ms (cache miss)
1448 http fetch GET 200 https://registry.npmjs.org/@firebase/analytics-types/-/analytics-types-0.8.4.tgz 1692ms (cache miss)
1449 http fetch GET 200 https://registry.npmjs.org/@firebase/performance-compat/-/performance-compat-0.2.26.tgz 1690ms (cache miss)
1450 http fetch GET 200 https://registry.npmjs.org/@firebase/storage-compat/-/storage-compat-0.4.4.tgz 1731ms (cache miss)
1451 http fetch GET 200 https://registry.npmjs.org/@firebase/messaging-compat/-/messaging-compat-0.2.28.tgz 1726ms (cache miss)
1452 http fetch GET 200 https://registry.npmjs.org/@firebase/functions-compat/-/functions-compat-0.4.6.tgz 1783ms (cache miss)
1453 http fetch GET 200 https://registry.npmjs.org/@firebase/performance-types/-/performance-types-0.2.4.tgz 1808ms (cache miss)
1454 http fetch GET 200 https://registry.npmjs.org/@firebase/installations-compat/-/installations-compat-0.2.23.tgz 1787ms (cache miss)
1455 http fetch GET 200 https://registry.npmjs.org/@firebase/remote-config-types/-/remote-config-types-0.5.1.tgz 1845ms (cache miss)
1456 http fetch GET 200 https://registry.npmjs.org/@firebase/installations-types/-/installations-types-0.5.4.tgz 1844ms (cache miss)
1457 http fetch GET 200 https://registry.npmjs.org/@firebase/messaging-interop-types/-/messaging-interop-types-0.2.5.tgz 1842ms (cache miss)
1458 http fetch GET 200 https://registry.npmjs.org/@firebase/functions-types/-/functions-types-0.6.4.tgz 1890ms (cache miss)
1459 http fetch GET 200 https://registry.npmjs.org/@babel/helper-globals/-/helper-globals-7.29.7.tgz 1902ms (cache miss)
1460 http fetch GET 200 https://registry.npmjs.org/@babel/helper-plugin-utils/-/helper-plugin-utils-7.29.7.tgz 1901ms (cache miss)
1461 http fetch GET 200 https://registry.npmjs.org/@types/babel__template/-/babel__template-7.4.4.tgz 1906ms (cache miss)
1462 http fetch GET 200 https://registry.npmjs.org/@firebase/analytics-compat/-/analytics-compat-0.2.29.tgz 1925ms (cache miss)
1463 http fetch GET 200 https://registry.npmjs.org/@types/babel__generator/-/babel__generator-7.27.0.tgz 1931ms (cache miss)
1464 http fetch GET 200 https://registry.npmjs.org/lru-cache/-/lru-cache-5.1.1.tgz 1929ms (cache miss)
1465 http fetch GET 200 https://registry.npmjs.org/gensync/-/gensync-1.0.0-beta.2.tgz 1921ms (cache miss)
1466 http fetch GET 200 https://registry.npmjs.org/@firebase/firestore-types/-/firestore-types-3.0.4.tgz 1999ms (cache miss)
1467 http fetch GET 200 https://registry.npmjs.org/@jridgewell/resolve-uri/-/resolve-uri-3.1.2.tgz 1963ms (cache miss)
1468 http fetch GET 200 https://registry.npmjs.org/@jridgewell/remapping/-/remapping-2.3.5.tgz 1951ms (cache miss)
1469 http fetch GET 200 https://registry.npmjs.org/convert-source-map/-/convert-source-map-2.0.0.tgz 1950ms (cache miss)
1470 http fetch GET 200 https://registry.npmjs.org/@types/babel__traverse/-/babel__traverse-7.28.0.tgz 1992ms (cache miss)
1471 http fetch GET 200 https://registry.npmjs.org/@babel/plugin-transform-react-jsx-source/-/plugin-transform-react-jsx-source-7.29.7.tgz 1988ms (cache miss)
1472 http fetch GET 200 https://registry.npmjs.org/@rolldown/pluginutils/-/pluginutils-1.0.0-rc.3.tgz 1990ms (cache miss)
1473 http fetch GET 200 https://registry.npmjs.org/@babel/plugin-transform-react-jsx-self/-/plugin-transform-react-jsx-self-7.29.7.tgz 1989ms (cache miss)
1474 http fetch GET 200 https://registry.npmjs.org/@types/react-dom/-/react-dom-19.2.4.tgz 2003ms (cache miss)
1475 http fetch GET 200 https://registry.npmjs.org/@types/babel__core/-/babel__core-7.20.5.tgz 2037ms (cache miss)
1476 http fetch GET 200 https://registry.npmjs.org/node-releases/-/node-releases-2.0.53.tgz 2175ms (cache miss)
1477 http fetch GET 200 https://registry.npmjs.org/jsesc/-/jsesc-3.1.0.tgz 2178ms (cache miss)
1478 http fetch GET 200 https://registry.npmjs.org/update-browserslist-db/-/update-browserslist-db-1.3.1.tgz 2230ms (cache miss)
1479 http fetch GET 200 https://registry.npmjs.org/semver/-/semver-6.3.1.tgz 2248ms (cache miss)
1480 http fetch GET 200 https://registry.npmjs.org/@babel/helper-string-parser/-/helper-string-parser-7.29.7.tgz 2297ms (cache miss)
1481 http fetch GET 200 https://registry.npmjs.org/js-tokens/-/js-tokens-4.0.0.tgz 2315ms (cache miss)
1482 http fetch GET 200 https://registry.npmjs.org/@babel/code-frame/-/code-frame-7.29.7.tgz 2351ms (cache miss)
1483 http fetch GET 200 https://registry.npmjs.org/@vitejs/plugin-react/-/plugin-react-5.2.0.tgz 2341ms (cache miss)
1484 http fetch GET 200 https://registry.npmjs.org/@babel/helper-validator-option/-/helper-validator-option-7.29.7.tgz 2467ms (cache miss)
1485 http fetch GET 200 https://registry.npmjs.org/browserslist/-/browserslist-4.28.8.tgz 2484ms (cache miss)
1486 http fetch GET 200 https://registry.npmjs.org/react-refresh/-/react-refresh-0.18.0.tgz 2466ms (cache miss)
1487 http fetch GET 200 https://registry.npmjs.org/@babel/helper-validator-identifier/-/helper-validator-identifier-7.29.7.tgz 2516ms (cache miss)
1488 http fetch GET 200 https://registry.npmjs.org/electron-to-chromium/-/electron-to-chromium-1.5.406.tgz 2620ms (cache miss)
1489 http fetch GET 200 https://registry.npmjs.org/@babel/helper-module-imports/-/helper-module-imports-7.29.7.tgz 2631ms (cache miss)
1490 http fetch GET 200 https://registry.npmjs.org/@babel/compat-data/-/compat-data-7.29.7.tgz 2793ms (cache miss)
1491 http fetch GET 200 https://registry.npmjs.org/baseline-browser-mapping/-/baseline-browser-mapping-2.11.14.tgz 2965ms (cache miss)
1492 http fetch GET 200 https://registry.npmjs.org/csstype/-/csstype-3.2.3.tgz 3056ms (cache miss)
1493 http fetch GET 200 https://registry.npmjs.org/@babel/helper-compilation-targets/-/helper-compilation-targets-7.29.7.tgz 3077ms (cache miss)
1494 http fetch GET 200 https://registry.npmjs.org/idb/-/idb-7.1.1.tgz 3190ms (cache miss)
1495 http fetch GET 200 https://registry.npmjs.org/@firebase/app-check-compat/-/app-check-compat-0.4.6.tgz 3192ms (cache miss)
1496 http fetch GET 200 https://registry.npmjs.org/@babel/helper-module-transforms/-/helper-module-transforms-7.29.7.tgz 3161ms (cache miss)
1497 http fetch GET 200 https://registry.npmjs.org/@babel/template/-/template-7.29.7.tgz 3213ms (cache miss)
1498 http fetch GET 200 https://registry.npmjs.org/@types/react/-/react-19.2.18.tgz 3195ms (cache miss)
1499 http fetch GET 200 https://registry.npmjs.org/json5/-/json5-2.2.3.tgz 3341ms (cache miss)
1500 http fetch GET 200 https://registry.npmjs.org/re2js/-/re2js-2.8.6.tgz 3578ms (cache miss)
1501 http fetch GET 200 https://registry.npmjs.org/react/-/react-19.2.8.tgz 3636ms (cache miss)
1502 http fetch GET 200 https://registry.npmjs.org/@firebase/webchannel-wrapper/-/webchannel-wrapper-1.0.6.tgz 3939ms (cache miss)
1503 http fetch GET 200 https://registry.npmjs.org/@babel/parser/-/parser-7.29.8.tgz 3929ms (cache miss)
1504 http fetch GET 200 https://registry.npmjs.org/@jridgewell/gen-mapping/-/gen-mapping-0.3.13.tgz 4046ms (cache miss)
1505 http fetch GET 200 https://registry.npmjs.org/undici-types/-/undici-types-8.3.0.tgz 4115ms (cache miss)
1506 http fetch GET 200 https://registry.npmjs.org/@firebase/functions/-/functions-0.13.6.tgz 4502ms (cache miss)
1507 http fetch GET 200 https://registry.npmjs.org/@jridgewell/trace-mapping/-/trace-mapping-0.3.31.tgz 4928ms (cache miss)
1508 http fetch GET 200 https://registry.npmjs.org/@firebase/app-compat/-/app-compat-0.5.16.tgz 5154ms (cache miss)
1509 http fetch GET 200 https://registry.npmjs.org/@babel/generator/-/generator-7.29.8.tgz 5147ms (cache miss)
1510 http fetch GET 200 https://registry.npmjs.org/@firebase/analytics/-/analytics-0.10.23.tgz 5343ms (cache miss)
1511 http fetch GET 200 https://registry.npmjs.org/@firebase/app/-/app-0.16.0.tgz 5849ms (cache miss)
1512 http fetch GET 200 https://registry.npmjs.org/@firebase/remote-config/-/remote-config-0.9.1.tgz 6154ms (cache miss)
1513 http fetch GET 200 https://registry.npmjs.org/@firebase/performance/-/performance-0.7.13.tgz 6196ms (cache miss)
1514 http fetch GET 200 https://registry.npmjs.org/@babel/traverse/-/traverse-7.29.8.tgz 6225ms (cache miss)
1515 http fetch GET 200 https://registry.npmjs.org/@types/node/-/node-26.2.0.tgz 6431ms (cache miss)
1516 http fetch GET 200 https://registry.npmjs.org/@firebase/app-check/-/app-check-0.13.0.tgz 6442ms (cache miss)
1517 http fetch GET 200 https://registry.npmjs.org/@firebase/auth-compat/-/auth-compat-0.6.9.tgz 6557ms (cache miss)
1518 http fetch GET 200 https://registry.npmjs.org/react-dom/-/react-dom-19.2.8.tgz 6594ms (cache miss)
1519 http fetch GET 200 https://registry.npmjs.org/@firebase/installations/-/installations-0.6.23.tgz 6660ms (cache miss)
1520 http fetch GET 200 https://registry.npmjs.org/@firebase/firestore-compat/-/firestore-compat-0.4.12.tgz 6798ms (cache miss)
1521 http fetch GET 200 https://registry.npmjs.org/@firebase/data-connect/-/data-connect-0.7.3.tgz 7336ms (cache miss)
1522 http fetch GET 200 https://registry.npmjs.org/@babel/core/-/core-7.29.7.tgz 7320ms (cache miss)
1523 http fetch GET 200 https://registry.npmjs.org/@firebase/storage/-/storage-0.14.4.tgz 7406ms (cache miss)
1524 http fetch GET 200 https://registry.npmjs.org/web-vitals/-/web-vitals-4.2.4.tgz 7659ms (cache miss)
1525 http fetch GET 200 https://registry.npmjs.org/@firebase/messaging/-/messaging-0.13.1.tgz 7665ms (cache miss)
1526 http fetch GET 200 https://registry.npmjs.org/@firebase/ai/-/ai-2.14.0.tgz 7862ms (cache miss)
1527 http fetch GET 200 https://registry.npmjs.org/@babel/types/-/types-7.29.8.tgz 8128ms (cache miss)
1528 http fetch GET 200 https://registry.npmjs.org/@babel/helpers/-/helpers-7.29.7.tgz 8651ms (cache miss)
1529 http fetch GET 200 https://registry.npmjs.org/caniuse-lite/-/caniuse-lite-1.0.30001809.tgz 12873ms (cache miss)
1530 http fetch GET 200 https://registry.npmjs.org/@grpc/grpc-js/-/grpc-js-1.9.16.tgz 13019ms (cache miss)
1531 http fetch GET 200 https://registry.npmjs.org/@firebase/auth/-/auth-1.13.4.tgz 20645ms (cache miss)
1532 http fetch GET 200 https://registry.npmjs.org/@firebase/firestore/-/firestore-4.17.0.tgz 25684ms (cache miss)
1533 http fetch GET 200 https://registry.npmjs.org/lucide-react/-/lucide-react-0.539.0.tgz 28685ms (cache miss)
1534 http fetch GET 200 https://registry.npmjs.org/firebase/-/firebase-12.17.1.tgz 28708ms (cache miss)
1535 info run @firebase/util@1.15.2 postinstall node_modules/@firebase/util node ./postinstall.js
1536 info run esbuild@0.28.2 postinstall node_modules/esbuild node install.js
1537 info run protobufjs@7.6.5 postinstall node_modules/protobufjs node scripts/postinstall
1538 info run @firebase/util@1.15.2 postinstall { code: 0, signal: null }
1539 info run protobufjs@7.6.5 postinstall { code: 0, signal: null }
1540 info run esbuild@0.28.2 postinstall { code: 0, signal: null }
1541 silly ADD node_modules/color-name
1542 silly ADD node_modules/color-convert
1543 silly ADD node_modules/ansi-styles
1544 silly ADD node_modules/ansi-regex
1545 silly ADD node_modules/is-fullwidth-code-point
1546 silly ADD node_modules/emoji-regex
1547 silly ADD node_modules/wrap-ansi
1548 silly ADD node_modules/strip-ansi
1549 silly ADD node_modules/yargs-parser
1550 silly ADD node_modules/y18n
1551 silly ADD node_modules/string-width
1552 silly ADD node_modules/require-directory
1553 silly ADD node_modules/get-caller-file
1554 silly ADD node_modules/cliui
1555 silly ADD node_modules/websocket-extensions
1556 silly ADD node_modules/safe-buffer
1557 silly ADD node_modules/http-parser-js
1558 silly ADD node_modules/@types/estree
1559 silly ADD node_modules/@rollup/rollup-win32-x64-msvc
1560 silly ADD node_modules/@rollup/rollup-win32-x64-gnu
1561 silly ADD node_modules/source-map-js
1562 silly ADD node_modules/nanoid
1563 silly ADD node_modules/@esbuild/win32-x64
1564 silly ADD node_modules/tinyglobby
1565 silly ADD node_modules/rollup
1566 silly ADD node_modules/postcss
1567 silly ADD node_modules/picomatch
1568 silly ADD node_modules/fdir
1569 silly ADD node_modules/esbuild
1570 silly ADD node_modules/escalade
1571 silly ADD node_modules/scheduler
1572 silly ADD node_modules/@protobufjs/utf8
1573 silly ADD node_modules/@protobufjs/pool
1574 silly ADD node_modules/@protobufjs/path
1575 silly ADD node_modules/@protobufjs/float
1576 silly ADD node_modules/@protobufjs/fetch
1577 silly ADD node_modules/@protobufjs/eventemitter
1578 silly ADD node_modules/@protobufjs/codegen
1579 silly ADD node_modules/@protobufjs/base64
1580 silly ADD node_modules/@protobufjs/aspromise
1581 silly ADD node_modules/yallist
1582 silly ADD node_modules/websocket-driver
1583 silly ADD node_modules/undici-types
1584 silly ADD node_modules/yargs
1585 silly ADD node_modules/protobufjs
1586 silly ADD node_modules/long
1587 silly ADD node_modules/lodash.camelcase
1588 silly ADD node_modules/@types/node
1589 silly ADD node_modules/@firebase/storage-types
1590 silly ADD node_modules/@firebase/remote-config-types
1591 silly ADD node_modules/@firebase/performance-types
1592 silly ADD node_modules/web-vitals
1593 silly ADD node_modules/@firebase/installations-types
1594 silly ADD node_modules/@firebase/functions-types
1595 silly ADD node_modules/@firebase/messaging-interop-types
1596 silly ADD node_modules/@firebase/firestore-types
1597 silly ADD node_modules/re2js
1598 silly ADD node_modules/@grpc/proto-loader
1599 silly ADD node_modules/@grpc/grpc-js
1600 silly ADD node_modules/@firebase/webchannel-wrapper
1601 silly ADD node_modules/@firebase/database-types
1602 silly ADD node_modules/faye-websocket
1603 silly ADD node_modules/@firebase/auth-interop-types
1604 silly ADD node_modules/@firebase/auth-types
1605 silly ADD node_modules/@firebase/app-check-types
1606 silly ADD node_modules/idb
1607 silly ADD node_modules/@firebase/analytics-types
1608 silly ADD node_modules/tslib
1609 silly ADD node_modules/@firebase/logger
1610 silly ADD node_modules/@firebase/component
1611 silly ADD node_modules/@firebase/app-check-interop-types
1612 silly ADD node_modules/@firebase/util
1613 silly ADD node_modules/@firebase/storage-compat
1614 silly ADD node_modules/@firebase/storage
1615 silly ADD node_modules/@firebase/remote-config-compat
1616 silly ADD node_modules/@firebase/remote-config
1617 silly ADD node_modules/@firebase/performance-compat
1618 silly ADD node_modules/@firebase/performance
1619 silly ADD node_modules/@firebase/messaging-compat
1620 silly ADD node_modules/@firebase/messaging
1621 silly ADD node_modules/@firebase/installations-compat
1622 silly ADD node_modules/@firebase/installations
1623 silly ADD node_modules/@firebase/functions-compat
1624 silly ADD node_modules/@firebase/functions
1625 silly ADD node_modules/@firebase/firestore-compat
1626 silly ADD node_modules/@firebase/firestore
1627 silly ADD node_modules/@firebase/database-compat
1628 silly ADD node_modules/@firebase/database
1629 silly ADD node_modules/@firebase/data-connect
1630 silly ADD node_modules/@firebase/auth-compat
1631 silly ADD node_modules/@firebase/auth
1632 silly ADD node_modules/@firebase/app-check-compat
1633 silly ADD node_modules/@firebase/app-check
1634 silly ADD node_modules/@firebase/app-compat
1635 silly ADD node_modules/@firebase/analytics-compat
1636 silly ADD node_modules/@firebase/analytics
1637 silly ADD node_modules/@firebase/app-types
1638 silly ADD node_modules/@firebase/app
1639 silly ADD node_modules/@firebase/ai
1640 silly ADD node_modules/ms
1641 silly ADD node_modules/update-browserslist-db
1642 silly ADD node_modules/node-releases
1643 silly ADD node_modules/electron-to-chromium
1644 silly ADD node_modules/caniuse-lite
1645 silly ADD node_modules/baseline-browser-mapping
1646 silly ADD node_modules/@types/babel__traverse
1647 silly ADD node_modules/@types/babel__template
1648 silly ADD node_modules/@types/babel__generator
1649 silly ADD node_modules/@jridgewell/resolve-uri
1650 silly ADD node_modules/@jridgewell/sourcemap-codec
1651 silly ADD node_modules/@babel/helper-string-parser
1652 silly ADD node_modules/@babel/helper-globals
1653 silly ADD node_modules/@babel/helper-plugin-utils
1654 silly ADD node_modules/@babel/helper-module-imports
1655 silly ADD node_modules/lru-cache
1656 silly ADD node_modules/browserslist
1657 silly ADD node_modules/@babel/helper-validator-option
1658 silly ADD node_modules/@babel/compat-data
1659 silly ADD node_modules/jsesc
1660 silly ADD node_modules/@jridgewell/trace-mapping
1661 silly ADD node_modules/@jridgewell/gen-mapping
1662 silly ADD node_modules/picocolors
1663 silly ADD node_modules/js-tokens
1664 silly ADD node_modules/@babel/helper-validator-identifier
1665 silly ADD node_modules/semver
1666 silly ADD node_modules/json5
1667 silly ADD node_modules/gensync
1668 silly ADD node_modules/debug
1669 silly ADD node_modules/convert-source-map
1670 silly ADD node_modules/@jridgewell/remapping
1671 silly ADD node_modules/@babel/types
1672 silly ADD node_modules/@babel/traverse
1673 silly ADD node_modules/@babel/template
1674 silly ADD node_modules/@babel/parser
1675 silly ADD node_modules/@babel/helpers
1676 silly ADD node_modules/@babel/helper-module-transforms
1677 silly ADD node_modules/@babel/helper-compilation-targets
1678 silly ADD node_modules/@babel/generator
1679 silly ADD node_modules/@babel/code-frame
1680 silly ADD node_modules/react-refresh
1681 silly ADD node_modules/@types/babel__core
1682 silly ADD node_modules/@rolldown/pluginutils
1683 silly ADD node_modules/@babel/plugin-transform-react-jsx-source
1684 silly ADD node_modules/@babel/plugin-transform-react-jsx-self
1685 silly ADD node_modules/@babel/core
1686 silly ADD node_modules/csstype
1687 silly ADD node_modules/typescript
1688 silly ADD node_modules/react-dom
1689 silly ADD node_modules/react
1690 silly ADD node_modules/lucide-react
1691 silly ADD node_modules/firebase
1692 silly ADD node_modules/vite
1693 silly ADD node_modules/@vitejs/plugin-react
1694 silly ADD node_modules/@types/react-dom
1695 silly ADD node_modules/@types/react
1696 verbose cwd C:\Users\Utilisateur\Documents\Codex\2026-08-14\mets-en-place-d-s-le\frontend
1697 verbose os Windows_NT 10.0.26200
1698 verbose node v24.15.0
1699 verbose npm  v11.12.1
1700 verbose exit 0
1701 info ok
